# HMMER domain table output
# E-value threshold: 0.01
# Pfam profiles: PF00069, PF07714
# Generated: 2025-12-23T16:27:37.656830
#
Q7TPS0               -            764 Pkinase              PF00069.31   263  1.5e-147  488.5   0.0   1   2   4.2e-71   1.4e-70  236.3   0.0     3   263    95   350    93   350 0.94 -
Q7TPS0               -            764 Pkinase              PF00069.31   263  1.5e-147  488.5   0.0   2   2   1.9e-75   6.4e-75  250.5   0.0     1   263   446   703   446   703 0.93 -
Q5F3L1               -            789 Pkinase              PF00069.31   263  1.8e-145  481.7   0.4   1   2   7.4e-70   2.4e-69  232.2   0.0     1   263    39   308    39   308 0.92 -
Q5F3L1               -            789 Pkinase              PF00069.31   263  1.8e-145  481.7   0.4   2   2   1.3e-74   4.3e-74  247.7   0.2     4   263   419   677   417   677 0.92 -
Q21734               -            784 Pkinase              PF00069.31   263    2e-144  478.3   0.1   1   2   3.4e-72   1.1e-71  239.8   0.0     1   263   104   363   104   363 0.92 -
Q21734               -            784 Pkinase              PF00069.31   263    2e-144  478.3   0.1   2   2     3e-71     1e-70  236.7   0.1     1   263   454   712   454   712 0.90 -
Q8C050               -            863 Pkinase              PF00069.31   263    1e-141  469.4   0.3   1   3   3.2e-70   1.1e-69  233.4   0.0     1   263    48   317    48   317 0.92 -
Q8C050               -            863 Pkinase              PF00069.31   263    1e-141  469.4   0.3   2   3   9.4e-13   3.1e-12   45.0   0.1     4    70   428   490   426   504 0.92 -
Q8C050               -            863 Pkinase              PF00069.31   263    1e-141  469.4   0.3   3   3   2.6e-56   8.5e-56  187.8   0.0    70   262   555   750   540   751 0.88 -
Q18846               -            772 Pkinase              PF00069.31   263  2.2e-137  455.2   0.0   1   2   2.2e-66   7.2e-66  220.8   0.0     3   263    19   284    17   284 0.92 -
Q18846               -            772 Pkinase              PF00069.31   263  2.2e-137  455.2   0.0   2   2   5.8e-70   1.9e-69  232.5   0.0     6   263   387   653   383   653 0.92 -
Q696W0               -           2995 Pkinase              PF00069.31   263  1.9e-121  403.0   1.5   1   2   4.7e-59   1.5e-58  196.8   0.1     1   263  1255  1505  1255  1505 0.91 -
Q696W0               -           2995 Pkinase              PF00069.31   263  1.9e-121  403.0   1.5   2   2   1.8e-61   5.8e-61  204.7   0.0     9   263  2690  2934  2683  2934 0.93 -
Q9V3I5               -           1207 Pkinase              PF00069.31   263  2.5e-119  396.0   0.0   1   2   1.3e-65   4.4e-65  218.2   0.0     2   263   262   530   261   530 0.92 -
Q9V3I5               -           1207 Pkinase              PF00069.31   263  2.5e-119  396.0   0.0   2   2   1.5e-52     5e-52  175.4   0.0     9   263   631   886   624   886 0.91 -
Q7T6Y2               -           1624 Pkinase              PF00069.31   263  9.6e-118  390.8   0.2   1   2   3.1e-55     1e-54  184.2   0.0     2   259   787  1043   786  1045 0.89 -
Q7T6Y2               -           1624 Pkinase              PF00069.31   263  9.6e-118  390.8   0.2   2   2     2e-61   6.4e-61  204.6   0.0     3   260  1366  1612  1364  1615 0.92 -
Q7T6X2               -           1657 Pkinase              PF00069.31   263  8.6e-117  387.7   0.0   1   2   1.4e-52   4.5e-52  175.6   0.0     2   259   787  1043   786  1045 0.90 -
Q7T6X2               -           1657 Pkinase              PF00069.31   263  8.6e-117  387.7   0.0   2   2   5.8e-63   1.9e-62  209.6   0.1     3   257  1401  1644  1399  1646 0.92 -
Q5UQG7               -           1651 Pkinase              PF00069.31   263  6.4e-114  378.3   0.2   1   2   1.8e-51   6.1e-51  171.9   0.0     4   259   796  1051   793  1053 0.90 -
Q5UQG7               -           1651 Pkinase              PF00069.31   263  6.4e-114  378.3   0.2   2   2   3.1e-61     1e-60  203.9   0.0     2   257  1395  1637  1394  1640 0.92 -
Q15772               -           3267 Pkinase              PF00069.31   263  9.3e-113  374.5   0.0   1   2   5.2e-54   1.7e-53  180.2   0.0     1   263  1601  1854  1601  1854 0.91 -
Q15772               -           3267 Pkinase              PF00069.31   263  9.3e-113  374.5   0.0   2   2     1e-57   3.3e-57  192.4   0.0     9   263  2974  3218  2966  3218 0.95 -
Q5VST9               -           7968 Pkinase              PF00069.31   263  2.6e-110  366.5   0.0   1   2     3e-65   9.7e-65  217.1   0.0     1   263  6468  6721  6468  6721 0.95 -
Q5VST9               -           7968 Pkinase              PF00069.31   263  2.6e-110  366.5   0.0   2   2   5.4e-44   1.8e-43  147.4   0.0     4   263  7675  7924  7672  7924 0.92 -
A2AAJ9               -           8886 Pkinase              PF00069.31   263  7.9e-109  361.6   0.0   1   2   8.2e-64   2.7e-63  212.4   0.0     1   263  7416  7669  7416  7669 0.95 -
A2AAJ9               -           8886 Pkinase              PF00069.31   263  7.9e-109  361.6   0.0   2   2     6e-44     2e-43  147.2   0.0     4   262  8593  8841  8590  8842 0.92 -
A8DYP0               -           4218 Pkinase              PF00069.31   263   6.6e-96  319.2   0.0   1   2   2.3e-51   7.6e-51  171.6   0.0     1   263  3186  3440  3186  3440 0.94 -
A8DYP0               -           4218 Pkinase              PF00069.31   263   6.6e-96  319.2   0.0   2   2   2.2e-43   7.3e-43  145.4   0.0     1   263  3897  4151  3897  4151 0.89 -
Q75JK0               -            781 Pkinase              PF00069.31   263   1.4e-92  308.3  11.2   1   3   8.1e-33   2.7e-32  110.8   4.5     2   155    10   163     9   172 0.89 -
Q75JK0               -            781 Pkinase              PF00069.31   263   1.4e-92  308.3  11.2   2   3   2.5e-14   8.3e-14   50.1   0.1   143   262   218   316   203   317 0.83 -
Q75JK0               -            781 Pkinase              PF00069.31   263   1.4e-92  308.3  11.2   3   3   3.1e-44     1e-43  148.2   0.0     8   253   386   640   380   650 0.85 -
Q86AD7               -            392 Pkinase              PF00069.31   263   1.4e-85  285.4   0.0   1   1   6.4e-86   2.1e-85  284.8   0.0     1   263    20   278    20   278 0.96 -
Q552C6               -            635 Pkinase              PF00069.31   263   3.7e-83  277.5   9.4   1   2   2.4e-41   7.7e-41  138.7   4.5    19   262    34   248     9   249 0.86 -
Q552C6               -            635 Pkinase              PF00069.31   263   3.7e-83  277.5   9.4   2   2   2.6e-41   8.6e-41  138.6   0.2     8   253   306   568   298   578 0.84 -
O15865               -            513 Pkinase              PF00069.31   263   1.6e-82  275.4   0.1   1   1   7.3e-83   2.4e-82  274.8   0.1     2   263    73   326    72   326 0.94 -
P92958               -            512 Pkinase              PF00069.31   263   1.7e-82  275.3   0.0   1   1     9e-83     3e-82  274.5   0.0     1   263    20   272    20   272 0.96 -
Q8BWQ5               -            790 Pkinase              PF00069.31   263   2.5e-82  274.7   0.0   1   1     1e-82   3.3e-82  274.3   0.0     1   263   514   771   514   771 0.95 -
P13234               -            474 Pkinase              PF00069.31   263     3e-82  274.5   0.0   1   1   1.5e-82   4.9e-82  273.8   0.0     1   263    42   296    42   296 0.93 -
Q869W6               -            349 Pkinase              PF00069.31   263   3.1e-82  274.4   0.0   1   1   1.2e-82   3.8e-82  274.1   0.0     1   263    56   313    56   313 0.97 -
Q91VB2               -            477 Pkinase              PF00069.31   263   3.2e-82  274.4   0.2   1   1   1.6e-82   5.2e-82  273.7   0.0     4   263    26   277    23   277 0.95 -
P25323               -            295 Pkinase              PF00069.31   263   6.1e-82  273.5   0.0   1   1   2.2e-82   7.2e-82  273.2   0.0     1   263     8   265     8   265 0.97 -
P34101               -            595 Pkinase              PF00069.31   263   8.3e-82  273.0   0.0   1   1   4.4e-82   1.4e-81  272.2   0.0     1   263   218   479   218   479 0.95 -
A0A5K1K8H0           -            568 Pkinase              PF00069.31   263     1e-81  272.8   1.4   1   1   3.1e-82     1e-81  272.8   1.4     6   263   130   379   125   379 0.95 -
A8X6H4               -            356 Pkinase              PF00069.31   263   1.1e-81  272.6   0.0   1   1   4.3e-82   1.4e-81  272.3   0.0     2   263    23   278    22   278 0.95 -
P93759               -            530 Pkinase              PF00069.31   263   1.3e-81  272.4   0.0   1   1   5.4e-82   1.8e-81  272.0   0.0     1   263    54   312    54   312 0.95 -
P11799               -           1906 Pkinase              PF00069.31   263   1.7e-81  272.0   0.0   1   1   8.9e-82   2.9e-81  271.3   0.0     1   263  1453  1708  1453  1708 0.95 -
Q7RAH3               -            535 Pkinase              PF00069.31   263   2.9e-81  271.3   2.1   1   1   1.7e-81   5.5e-81  270.4   2.1     3   263    59   324    57   324 0.95 -
O64629               -            288 Pkinase              PF00069.31   263   3.5e-81  271.0   0.0   1   1   1.2e-81   3.9e-81  270.8   0.0     1   263    22   273    22   273 0.95 -
Q6PDN3               -           1941 Pkinase              PF00069.31   263   4.1e-81  270.8   0.0   1   1   1.9e-81   6.2e-81  270.2   0.0     1   263  1486  1741  1486  1741 0.95 -
Q54VI1               -            712 Pkinase              PF00069.31   263   6.6e-81  270.1   0.0   1   1   4.1e-81   1.3e-80  269.1   0.0     3   263   147   411   145   411 0.94 -
Q15746               -           1914 Pkinase              PF00069.31   263   7.7e-81  269.9   0.0   1   1   4.4e-81   1.4e-80  269.0   0.0     1   263  1464  1719  1464  1719 0.95 -
Q54MH0               -            749 Pkinase              PF00069.31   263     9e-81  269.6   0.0   1   1   2.7e-81     9e-81  269.6   0.0     1   263   199   472   199   472 0.93 -
P15735               -            406 Pkinase              PF00069.31   263   9.1e-81  269.6   0.0   1   1   3.3e-81   1.1e-80  269.4   0.0     2   263    25   291    24   291 0.93 -
Q9SIQ7               -            582 Pkinase              PF00069.31   263     3e-80  267.9   0.0   1   1   2.3e-80   7.7e-80  266.6   0.0     1   263    66   324    66   324 0.96 -
P22216               -            821 Pkinase              PF00069.31   263   4.9e-80  267.2   0.0   1   1   3.8e-80   1.2e-79  265.9   0.0     4   263   201   466   199   466 0.95 -
P31748               -            501 Pkinase              PF00069.31   263   6.9e-80  266.7   0.0   1   1   2.7e-80     9e-80  266.4   0.0     2   263   172   429   171   429 0.96 -
O60285               -            661 Pkinase              PF00069.31   263   7.7e-80  266.6   0.0   1   1   3.4e-80   1.1e-79  266.1   0.0     1   263    55   306    55   306 0.95 -
Q54TA3               -            773 Pkinase              PF00069.31   263   8.1e-80  266.5   0.0   1   1   5.4e-80   1.8e-79  265.4   0.0     1   262    46   299    46   300 0.96 -
D4A7V9               -           1649 Pkinase              PF00069.31   263   8.2e-80  266.5   0.4   1   3   1.8e-27   5.8e-27   93.3   0.2    34   263   330   539   305   539 0.89 -
D4A7V9               -           1649 Pkinase              PF00069.31   263   8.2e-80  266.5   0.4   2   3   5.7e-11   1.9e-10   39.1   0.0     1    70   590   658   590   664 0.92 -
D4A7V9               -           1649 Pkinase              PF00069.31   263   8.2e-80  266.5   0.4   3   3   1.4e-37   4.5e-37  126.4   0.0    69   261   793   999   777  1001 0.83 -
Q39030               -            471 Pkinase              PF00069.31   263     1e-79  266.2   0.2   1   1   3.9e-80   1.3e-79  265.9   0.2     1   263   140   395   140   395 0.96 -
P25341               -            720 Pkinase              PF00069.31   263     1e-79  266.2   0.1   1   1   5.2e-80   1.7e-79  265.5   0.1     1   263   324   602   324   602 0.97 -
P32562               -            705 Pkinase              PF00069.31   263   1.1e-79  266.1   0.0   1   1   4.9e-80   1.6e-79  265.5   0.0     1   263    82   337    82   337 0.96 -
Q9IA88               -            798 Pkinase              PF00069.31   263   1.1e-79  266.1   0.1   1   1   6.5e-80   2.1e-79  265.1   0.0     1   263    26   277    26   277 0.96 -
Q02595               -            510 Pkinase              PF00069.31   263   1.3e-79  265.8   0.1   1   1   7.4e-80   2.4e-79  264.9   0.1     1   263   111   364   111   364 0.97 -
O62305               -            720 Pkinase              PF00069.31   263   1.6e-79  265.6   0.0   1   1   7.6e-80   2.5e-79  264.9   0.0     1   263    12   269    12   269 0.96 -
Q2QVG8               -            563 Pkinase              PF00069.31   263   1.7e-79  265.4   0.0   1   1   2.1e-79   6.9e-79  263.5   0.0     1   263    84   342    84   342 0.97 -
P15442               -           1659 Pkinase              PF00069.31   263   2.4e-79  265.0   1.1   1   3   3.5e-19   1.1e-18   66.1   0.0    38   262   299   526   293   527 0.80 -
P15442               -           1659 Pkinase              PF00069.31   263   2.4e-79  265.0   1.1   2   3   1.6e-12   5.4e-12   44.2   0.0     2    74   600   669   599   699 0.84 -
P15442               -           1659 Pkinase              PF00069.31   263   2.4e-79  265.0   1.1   3   3     4e-45   1.3e-44  151.1   0.1    38   263   748   981   741   981 0.88 -
Q0JI49               -            502 Pkinase              PF00069.31   263   2.5e-79  264.9   0.0   1   1   9.6e-80   3.1e-79  264.6   0.0     1   262    12   266    12   267 0.95 -
Q8W1D5               -            488 Pkinase              PF00069.31   263   2.8e-79  264.7   0.0   1   1   2.4e-79   7.9e-79  263.3   0.0     1   263    43   297    43   297 0.93 -
Q8T2I8               -           1167 Pkinase              PF00069.31   263   4.1e-79  264.2   0.0   1   1     2e-78   6.7e-78  260.2   0.0     1   263    18   268    18   268 0.98 -
Q54YF2               -            727 Pkinase              PF00069.31   263   5.6e-79  263.8   0.0   1   1     4e-79   1.3e-78  262.6   0.0     1   263    31   284    31   284 0.94 -
Q54CY9               -            313 Pkinase              PF00069.31   263   7.7e-79  263.3   0.0   1   1   2.8e-79   9.2e-79  263.1   0.0     1   263     6   264     6   264 0.94 -
O43293               -            454 Pkinase              PF00069.31   263     8e-79  263.3   0.1   1   1     1e-78   3.3e-78  261.2   0.0     1   263    13   275    13   275 0.95 -
Q2QAV0               -           1322 Pkinase              PF00069.31   263   8.8e-79  263.1   0.0   1   1   7.2e-79   2.4e-78  261.7   0.0     1   263     6   256     6   256 0.95 -
O70150               -            343 Pkinase              PF00069.31   263     1e-78  262.9   0.0   1   1   3.6e-79   1.2e-78  262.7   0.0     1   263    15   270    15   270 0.96 -
Q86HG9               -           1024 Pkinase              PF00069.31   263   1.2e-78  262.6  12.0   1   3     1e-56   3.4e-56  189.1   0.0     4   258   363   603   360   606 0.93 -
Q86HG9               -           1024 Pkinase              PF00069.31   263   1.2e-78  262.6  12.0   2   3   1.9e-07   6.3e-07   27.6   0.1    24   132   713   820   706   827 0.85 -
Q86HG9               -           1024 Pkinase              PF00069.31   263   1.2e-78  262.6  12.0   3   3   1.6e-14   5.3e-14   50.8   0.1   133   259   887  1014   878  1018 0.81 -
P06782               -            633 Pkinase              PF00069.31   263   1.4e-78  262.4   0.5   1   1   7.6e-79   2.5e-78  261.6   0.0     1   263    55   306    55   306 0.93 -
P0C8M8               -            626 Pkinase              PF00069.31   263   1.4e-78  262.4   0.5   1   1   6.3e-79   2.1e-78  261.9   0.1     1   263    36   291    36   291 0.94 -
Q00168               -            530 Pkinase              PF00069.31   263   1.6e-78  262.3   0.0   1   1   9.3e-79   3.1e-78  261.3   0.0     1   263    14   272    14   272 0.95 -
Q8MYF1               -            456 Pkinase              PF00069.31   263   1.6e-78  262.2   0.8   1   1     7e-79   2.3e-78  261.8   0.8     3   263   130   383   128   383 0.93 -
P34100               -            714 Pkinase              PF00069.31   263   1.7e-78  262.2   0.1   1   1   5.1e-79   1.7e-78  262.2   0.1     3   263   336   589   334   589 0.92 -
Q8CIP4               -            752 Pkinase              PF00069.31   263   1.8e-78  262.1   0.0   1   1   6.9e-79   2.3e-78  261.8   0.0     1   263    59   310    59   310 0.97 -
Q9UPZ9               -            632 Pkinase              PF00069.31   263   1.9e-78  262.0   0.0   1   1   7.2e-79   2.4e-78  261.7   0.0     1   263     4   284     4   284 0.96 -
Q6FN53               -            915 Pkinase              PF00069.31   263   2.7e-78  261.5   0.0   1   1   1.5e-78   4.8e-78  260.7   0.0     2   263   621   871   620   871 0.94 -
Q54DF2               -           1060 Pkinase              PF00069.31   263   3.3e-78  261.2   0.0   1   1     1e-78   3.3e-78  261.2   0.0     2   263   110   361   109   361 0.95 -
P20794               -            623 Pkinase              PF00069.31   263   3.6e-78  261.1   0.0   1   1   1.5e-78   4.8e-78  260.7   0.0     1   263     4   284     4   284 0.96 -
Q9HGN1               -           1576 Pkinase              PF00069.31   263   3.6e-78  261.1   1.8   1   3   5.4e-21   1.8e-20   72.0   0.0    40   261   285   508   277   510 0.83 -
Q9HGN1               -           1576 Pkinase              PF00069.31   263   3.6e-78  261.1   1.8   2   3     4e-13   1.3e-12   46.2   0.0     1    87   556   643   556   665 0.86 -
Q9HGN1               -           1576 Pkinase              PF00069.31   263   3.6e-78  261.1   1.8   3   3     1e-41   3.4e-41  139.9   0.0    70   261   721   917   708   919 0.84 -
A8WYE4               -           1088 Pkinase              PF00069.31   263   3.7e-78  261.1   0.0   1   1   1.8e-78   5.8e-78  260.4   0.0     1   263   128   379   128   379 0.96 -
Q9TW45               -           1192 Pkinase              PF00069.31   263   4.3e-78  260.9   0.0   1   1   2.1e-78   6.8e-78  260.2   0.0     1   263   170   421   170   421 0.96 -
O59790               -            355 Pkinase              PF00069.31   263   4.4e-78  260.8   0.0   1   1   1.6e-78   5.3e-78  260.6   0.0     1   263    89   340    89   340 0.94 -
Q5MAI5               -            379 Pkinase              PF00069.31   263   4.4e-78  260.8   0.0   1   1   1.8e-78   5.8e-78  260.4   0.0     1   263     4   286     4   286 0.91 -
Q9P7I2               -            335 Pkinase              PF00069.31   263   4.5e-78  260.8   0.0   1   1   1.6e-78   5.3e-78  260.6   0.0     1   263    31   291    31   291 0.94 -
Q38870               -            646 Pkinase              PF00069.31   263   5.5e-78  260.5   0.0   1   1   2.7e-78   8.8e-78  259.8   0.0     1   263   186   444   186   444 0.97 -
O01761               -           8081 Pkinase              PF00069.31   263   5.6e-78  260.5   0.0   1   2   5.5e-40   1.8e-39  134.3   0.0    43   263  6660  6878  6641  6878 0.91 -
O01761               -           8081 Pkinase              PF00069.31   263   5.6e-78  260.5   0.0   2   2     1e-36   3.3e-36  123.6   0.0    10   263  7794  8035  7792  8035 0.84 -
Q69ZM6               -           1316 Pkinase              PF00069.31   263   5.9e-78  260.4   0.0   1   1   2.9e-78   9.5e-78  259.7   0.0     1   263     4   254     4   254 0.95 -
Q54SJ5               -            312 Pkinase              PF00069.31   263   6.1e-78  260.4   0.0   1   1   2.2e-78   7.1e-78  260.1   0.0     3   263    40   290    38   290 0.94 -
Q9FJ54               -            439 Pkinase              PF00069.31   263   6.7e-78  260.2   0.0   1   1   2.9e-78   9.7e-78  259.7   0.0     1   263    12   266    12   266 0.94 -
Q05512               -            776 Pkinase              PF00069.31   263   6.9e-78  260.2   0.0   1   1     3e-78   9.7e-78  259.7   0.0     1   263    53   304    53   304 0.96 -
Q9NRH2               -            765 Pkinase              PF00069.31   263   7.7e-78  260.0   0.0   1   1   3.6e-78   1.2e-77  259.4   0.0     1   263    16   269    16   269 0.95 -
P23647               -            805 Pkinase              PF00069.31   263     9e-78  259.8   0.0   1   1   4.2e-78   1.4e-77  259.2   0.0     1   263     4   254     4   254 0.95 -
Q95ZQ4               -            626 Pkinase              PF00069.31   263     9e-78  259.8   0.0   1   1   3.7e-78   1.2e-77  259.4   0.0     1   263    87   339    87   339 0.96 -
Q8VHF0               -            797 Pkinase              PF00069.31   263   9.4e-78  259.8   0.0   1   1   4.1e-78   1.4e-77  259.2   0.0     1   263    56   307    56   307 0.96 -
Q03497               -            939 Pkinase              PF00069.31   263   9.4e-78  259.7   0.0   1   1   5.3e-78   1.8e-77  258.9   0.0     1   263   620   871   620   871 0.94 -
Q9Y2K2               -           1321 Pkinase              PF00069.31   263     1e-77  259.6   0.0   1   1   5.7e-78   1.9e-77  258.8   0.0     1   263    66   317    66   317 0.94 -
Q6P4S6               -           1369 Pkinase              PF00069.31   263   1.1e-77  259.6   0.0   1   1   5.9e-78   1.9e-77  258.7   0.0     1   263    66   317    66   317 0.94 -
P23573               -            314 Pkinase              PF00069.31   263   1.2e-77  259.4   0.0   1   1   4.1e-78   1.3e-77  259.2   0.0     1   263     8   287     8   287 0.94 -
O22932               -            435 Pkinase              PF00069.31   263   1.2e-77  259.3   0.0   1   1   4.8e-78   1.6e-77  259.0   0.0     1   263    21   277    21   277 0.95 -
Q6H7U5               -            493 Pkinase              PF00069.31   263   1.5e-77  259.1   0.0   1   1   5.8e-78   1.9e-77  258.7   0.0     1   262    12   265    12   266 0.95 -
P54645               -            559 Pkinase              PF00069.31   263   1.7e-77  258.9   0.0   1   1   6.9e-78   2.3e-77  258.5   0.0     3   263    29   279    27   279 0.97 -
Q9SJ61               -            520 Pkinase              PF00069.31   263   1.7e-77  258.9   0.0   1   1   7.9e-78   2.6e-77  258.3   0.0     1   263   132   390   132   390 0.97 -
Q09170               -            460 Pkinase              PF00069.31   263     2e-77  258.7   0.0   1   1   8.1e-78   2.7e-77  258.3   0.0     1   263   167   433   167   433 0.91 -
Q93VD3               -            482 Pkinase              PF00069.31   263   2.1e-77  258.6   0.0   1   1   8.7e-78   2.8e-77  258.2   0.0     1   263    31   286    31   286 0.94 -
Q54QI2               -            941 Pkinase              PF00069.31   263   2.6e-77  258.3   0.0   1   1   2.1e-77   6.8e-77  256.9   0.0     1   263    13   265    13   265 0.95 -
Q54PB4               -            481 Pkinase              PF00069.31   263   2.7e-77  258.2   0.1   1   1   8.3e-78   2.7e-77  258.2   0.1     1   263    13   269    13   269 0.96 -
Q26671               -            298 Pkinase              PF00069.31   263   2.8e-77  258.2   0.0   1   1   9.7e-78   3.2e-77  258.0   0.0     1   263     4   284     4   284 0.94 -
Q54PX0               -            496 Pkinase              PF00069.31   263     3e-77  258.1   0.2   1   1   2.1e-77   6.8e-77  256.9   0.0     1   263    36   288    36   288 0.97 -
P62345               -            528 Pkinase              PF00069.31   263   3.1e-77  258.0   3.2   1   1   1.3e-77   4.4e-77  257.6   3.2     2   263    71   328    70   328 0.95 -
Q8CFH6               -            931 Pkinase              PF00069.31   263   3.2e-77  258.0   0.0   1   1   1.5e-77   4.9e-77  257.4   0.0     1   263    20   271    20   271 0.96 -
Q54WX4               -            384 Pkinase              PF00069.31   263   4.3e-77  257.6   0.0   1   1   1.8e-77   5.9e-77  257.1   0.0     3   263   112   360   110   360 0.94 -
O49717               -            554 Pkinase              PF00069.31   263     5e-77  257.4   0.0   1   1   2.7e-77   8.8e-77  256.6   0.0     1   263   102   360   102   360 0.97 -
Q5JLS2               -            540 Pkinase              PF00069.31   263   5.5e-77  257.2   0.0   1   1   2.1e-77   7.1e-77  256.9   0.0     1   263    46   300    46   300 0.92 -
Q8INB9               -            611 Pkinase              PF00069.31   263   5.5e-77  257.2   0.0   1   1   2.2e-77   7.2e-77  256.8   0.0     2   263   267   523   266   523 0.95 -
Q9BYT3               -            514 Pkinase              PF00069.31   263   5.8e-77  257.2   1.7   1   1   2.4e-77   7.8e-77  256.7   1.7     1   263   116   381   116   381 0.95 -
Q9Z265               -            546 Pkinase              PF00069.31   263     6e-77  257.1   0.0   1   1   2.3e-77   7.7e-77  256.8   0.0     3   263   226   490   224   490 0.91 -
P32490               -            508 Pkinase              PF00069.31   263   6.2e-77  257.1   0.0   1   1   2.5e-77   8.1e-77  256.7   0.0     3   263   223   488   221   488 0.94 -
Q6I587               -            542 Pkinase              PF00069.31   263   7.3e-77  256.8   0.0   1   1   1.6e-76   5.3e-76  254.0   0.0     1   263    90   348    90   348 0.96 -
P34102               -            910 Pkinase              PF00069.31   263   7.6e-77  256.8   0.0   1   1   8.5e-77   2.8e-76  254.9   0.0     1   263   498   763   498   763 0.95 -
P28178               -            479 Pkinase              PF00069.31   263     8e-77  256.7   0.0   1   1   3.6e-77   1.2e-76  256.1   0.0     2   263   154   407   153   407 0.95 -
Q6DGS3               -            554 Pkinase              PF00069.31   263   8.2e-77  256.7   0.0   1   1   4.1e-77   1.3e-76  256.0   0.0     1   263    13   271    13   271 0.95 -
P50528               -            683 Pkinase              PF00069.31   263   8.4e-77  256.6   0.1   1   1   5.2e-77   1.7e-76  255.6   0.1     1   263    41   296    41   296 0.93 -
Q69Q47               -            453 Pkinase              PF00069.31   263   9.1e-77  256.5   0.0   1   1   3.7e-77   1.2e-76  256.1   0.0     1   263    18   271    18   271 0.95 -
Q84SN3               -            433 Pkinase              PF00069.31   263   9.1e-77  256.5   0.0   1   1   3.4e-77   1.1e-76  256.2   0.0     1   263     4   283     4   283 0.91 -
Q28GW8               -            652 Pkinase              PF00069.31   263   9.3e-77  256.5   0.0   1   1   4.1e-77   1.4e-76  255.9   0.0     1   263    13   265    13   265 0.97 -
Q9NJU9               -            562 Pkinase              PF00069.31   263   1.2e-76  256.1   0.1   1   1   7.1e-77   2.3e-76  255.2   0.1     4   263   121   373   118   373 0.94 -
Q9VI13               -            704 Pkinase              PF00069.31   263   1.3e-76  256.0   0.0   1   1   6.3e-77   2.1e-76  255.4   0.0     1   263   430   681   430   681 0.95 -
P53682               -            534 Pkinase              PF00069.31   263   1.5e-76  255.9   0.0   1   1   1.2e-76   3.9e-76  254.5   0.0     1   263    73   331    73   331 0.97 -
Q03957               -            528 Pkinase              PF00069.31   263     2e-76  255.4   0.1   1   1   8.6e-77   2.8e-76  254.9   0.1     3   263   185   469   183   469 0.95 -
Q80YE7               -           1442 Pkinase              PF00069.31   263     2e-76  255.4   0.0   1   1   9.1e-77     3e-76  254.8   0.0     1   263    13   275    13   275 0.95 -
F4HRJ4               -            609 Pkinase              PF00069.31   263   2.3e-76  255.2   0.0   1   1   8.7e-77   2.8e-76  254.9   0.0     2   263   215   470   214   470 0.97 -
P53739               -            893 Pkinase              PF00069.31   263     3e-76  254.8   0.1   1   1   1.5e-76   4.8e-76  254.1   0.1     1   263   496   777   496   777 0.96 -
P50527               -            658 Pkinase              PF00069.31   263   3.4e-76  254.7   0.0   1   1   1.4e-76   4.6e-76  254.2   0.0     1   263   386   637   386   637 0.95 -
P0DP15               -            698 Pkinase              PF00069.31   263   3.4e-76  254.6   0.0   1   1   1.7e-76   5.5e-76  254.0   0.0     1   263    62   313    62   313 0.94 -
P45894               -            589 Pkinase              PF00069.31   263   3.7e-76  254.5   0.0   1   1   1.6e-76   5.2e-76  254.0   0.0     2   263    25   276    24   276 0.96 -
P32491               -            506 Pkinase              PF00069.31   263   3.8e-76  254.5   0.0   1   1   1.6e-76   5.4e-76  254.0   0.0     3   263   216   481   214   481 0.92 -
Q6C3J2               -            371 Pkinase              PF00069.31   263   3.9e-76  254.4   0.0   1   1   1.5e-76   4.9e-76  254.1   0.0     1   263    99   350    99   350 0.95 -
P05986               -            398 Pkinase              PF00069.31   263   4.1e-76  254.4   0.0   1   1   1.5e-76     5e-76  254.1   0.0     1   263    88   342    88   342 0.97 -
O74536               -            576 Pkinase              PF00069.31   263     5e-76  254.1   0.0   1   1   2.5e-76   8.2e-76  253.4   0.0     2   263    35   285    34   285 0.92 -
Q9Y899               -            404 Pkinase              PF00069.31   263   5.6e-76  253.9   0.0   1   1   2.2e-76   7.4e-76  253.5   0.0     1   263    18   279    18   279 0.93 -
Q94C95               -            626 Pkinase              PF00069.31   263   5.8e-76  253.9   0.0   1   1   2.4e-76   7.9e-76  253.4   0.0     2   263    11   268    10   268 0.96 -
O14098               -            593 Pkinase              PF00069.31   263   5.8e-76  253.9   0.0   1   1   2.3e-76   7.4e-76  253.5   0.0     1   263   277   561   277   561 0.93 -
B2DD29               -            778 Pkinase              PF00069.31   263   8.2e-76  253.4   0.0   1   1   3.3e-76   1.1e-75  253.0   0.0     1   262    34   284    34   285 0.95 -
P11801               -            424 Pkinase              PF00069.31   263   1.1e-75  253.0   0.0   1   1   4.5e-76   1.5e-75  252.6   0.0     1   263    98   355    98   355 0.96 -
O60674               -           1132 Pkinase              PF00069.31   263   1.1e-75  253.0   0.0   1   2   1.7e-22   5.5e-22   76.9   0.0     4   258   548   802   545   805 0.82 -
O60674               -           1132 Pkinase              PF00069.31   263   1.1e-75  253.0   0.0   2   2   8.2e-52   2.7e-51  173.0   0.0     3   257   851  1119   849  1122 0.84 -
Q13554               -            666 Pkinase              PF00069.31   263   1.2e-75  252.8   0.0   1   1   5.2e-76   1.7e-75  252.3   0.0     1   263    14   272    14   272 0.95 -
Q6BVA0               -            412 Pkinase              PF00069.31   263   1.5e-75  252.6   0.2   1   1   6.2e-76     2e-75  252.1   0.2     1   263   148   401   148   401 0.94 -
P54644               -            444 Pkinase              PF00069.31   263   1.6e-75  252.5   0.0   1   1   5.9e-76   1.9e-75  252.2   0.0     2   263   121   374   120   374 0.94 -
Q4R7T5               -            570 Pkinase              PF00069.31   263   1.9e-75  252.2   0.7   1   1   7.8e-76   2.6e-75  251.8   0.0     1   263     4   287     4   287 0.91 -
Q54BF0               -            593 Pkinase              PF00069.31   263   1.9e-75  252.2   0.2   1   1   1.4e-74   4.8e-74  247.6   0.2     1   263   180   472   180   472 0.91 -
Q75DK7               -            970 Pkinase              PF00069.31   263   1.9e-75  252.2   0.0   1   1     8e-76   2.6e-75  251.7   0.0     1   263   683   934   683   934 0.94 -
Q9LP51               -            520 Pkinase              PF00069.31   263     2e-75  252.1   0.0   1   1   8.7e-76   2.9e-75  251.6   0.0     1   263    74   328    74   328 0.93 -
Q55FT4               -           2247 Pkinase              PF00069.31   263     2e-75  252.1   0.0   1   2   6.2e-76     2e-75  252.1   0.0     1   263     5   257     5   257 0.93 -
Q55FT4               -           2247 Pkinase              PF00069.31   263     2e-75  252.1   0.0   2   2       5.6        18    3.1   0.2   186   238  2094  2159  2093  2171 0.64 -
P07334               -            593 Pkinase              PF00069.31   263     2e-75  252.1   0.0   1   1   1.5e-75     5e-75  250.8   0.0     3   263    14   258    12   258 0.97 -
P28829               -            659 Pkinase              PF00069.31   263   2.1e-75  252.1   0.0   1   1     9e-76     3e-75  251.6   0.0     4   263   397   658   394   658 0.97 -
O22040               -            666 Pkinase              PF00069.31   263   2.4e-75  251.8   0.0   1   1   1.2e-75   3.8e-75  251.2   0.0     2   263    70   331    69   331 0.93 -
Q86YV6               -            388 Pkinase              PF00069.31   263   2.5e-75  251.8   0.1   1   1   9.7e-76   3.2e-75  251.5   0.1     3   263   108   361   106   361 0.95 -
Q54XJ4               -           1495 Pkinase              PF00069.31   263   2.6e-75  251.7   0.0   1   1     8e-76   2.6e-75  251.7   0.0     4   263    25   279    22   279 0.93 -
P27466               -            446 Pkinase              PF00069.31   263   2.7e-75  251.7   0.0   1   1   1.5e-75   4.8e-75  250.9   0.0     1   263    37   299    37   299 0.93 -
P34099               -            648 Pkinase              PF00069.31   263   2.8e-75  251.6   0.0   1   1   8.6e-76   2.8e-75  251.6   0.0     2   263   337   590   336   590 0.94 -
Q0D4B2               -            525 Pkinase              PF00069.31   263   2.8e-75  251.6   0.0   1   1   1.6e-75   5.3e-75  250.7   0.0     1   263    87   342    87   342 0.95 -
Q9U2H1               -            353 Pkinase              PF00069.31   263   2.9e-75  251.6   0.0   1   1     1e-75   3.4e-75  251.3   0.0     1   261     4   284     4   286 0.90 -
Q19469               -            914 Pkinase              PF00069.31   263   3.6e-75  251.3   0.0   1   1   1.6e-75   5.3e-75  250.7   0.0     1   263    47   298    47   298 0.95 -
Q9LJD8               -           1368 Pkinase              PF00069.31   263   3.9e-75  251.2   0.0   1   1   2.3e-75   7.6e-75  250.2   0.0     1   263    20   274    20   274 0.96 -
Q03042               -            768 Pkinase              PF00069.31   263   4.1e-75  251.1   0.2   1   1     4e-75   1.3e-74  249.5   0.0     2   263   458   717   457   717 0.97 -
Q6NSM8               -           1187 Pkinase              PF00069.31   263   4.2e-75  251.1   0.0   1   1     2e-75   6.6e-75  250.4   0.0     1   263    59   310    59   310 0.94 -
Q5AG71               -           1462 Pkinase              PF00069.31   263   4.3e-75  251.0   0.0   1   1   3.3e-75   1.1e-74  249.7   0.0     2   262    66   329    65   330 0.93 -
Q6BRY2               -            330 Pkinase              PF00069.31   263   4.3e-75  251.0   0.0   1   1   1.7e-75   5.6e-75  250.7   0.0     1   263     8   290     8   290 0.94 -
P06242               -            306 Pkinase              PF00069.31   263   4.4e-75  251.0   0.0   1   1   1.5e-75     5e-75  250.8   0.0     1   263     7   290     7   290 0.96 -
O22042               -            651 Pkinase              PF00069.31   263   5.4e-75  250.7   0.0   1   1   2.2e-75   7.1e-75  250.3   0.0     2   263    69   330    68   330 0.93 -
Q59W62               -           1349 Pkinase              PF00069.31   263   5.4e-75  250.7   0.0   1   1   3.3e-75   1.1e-74  249.7   0.0     2   262    29   287    28   288 0.93 -
Q2VWQ3               -            642 Pkinase              PF00069.31   263   6.9e-75  250.3   0.0   1   1   2.8e-75   9.1e-75  250.0   0.0     3   263   363   612   361   612 0.94 -
Q6CWQ4               -            361 Pkinase              PF00069.31   263   7.7e-75  250.2   0.1   1   1   2.8e-75   9.2e-75  250.0   0.1     1   263   100   351   100   351 0.96 -
F1QGZ6               -            676 Pkinase              PF00069.31   263   7.7e-75  250.2   0.0   1   1   3.5e-75   1.1e-74  249.6   0.0     1   263    13   265    13   265 0.95 -
F4IRW0               -            733 Pkinase              PF00069.31   263   8.1e-75  250.1   0.0   1   1   4.4e-75   1.4e-74  249.3   0.0     2   263    13   269    12   269 0.94 -
Q13237               -            762 Pkinase              PF00069.31   263   8.2e-75  250.1   0.1   1   2      0.43       1.4    6.7   0.1    35   135   270   376   246   388 0.76 -
Q13237               -            762 Pkinase              PF00069.31   263   8.2e-75  250.1   0.1   2   2   1.9e-72   6.1e-72  240.7   0.0     3   263   455   711   453   711 0.95 -
J9W0G9               -            575 Pkinase              PF00069.31   263   8.3e-75  250.1   0.0   1   1   3.1e-75     1e-74  249.8   0.0     1   263   245   500   245   500 0.95 -
Q8AXB4               -            564 Pkinase              PF00069.31   263     9e-75  250.0   0.0   1   1     4e-75   1.3e-74  249.4   0.0     1   263   288   539   288   539 0.94 -
B3DL84               -            946 Pkinase              PF00069.31   263     1e-74  249.8   0.1   1   1   4.7e-75   1.5e-74  249.2   0.1     2   263    13   265    12   265 0.94 -
P38991               -            367 Pkinase              PF00069.31   263   1.1e-74  249.6   0.1   1   1   4.4e-75   1.4e-74  249.3   0.1     1   263   104   355   104   355 0.95 -
Q86IX1               -            737 Pkinase              PF00069.31   263   1.2e-74  249.5   0.0   1   1   6.9e-75   2.3e-74  248.7   0.0     1   263    29   281    29   281 0.93 -
Q8BZN4               -            639 Pkinase              PF00069.31   263   1.2e-74  249.5   0.0   1   1   5.4e-75   1.8e-74  249.0   0.0     1   263    57   315    57   315 0.92 -
C0HKC8               -            504 Pkinase              PF00069.31   263   1.3e-74  249.4   0.0   1   1   5.3e-75   1.7e-74  249.0   0.0     1   263    28   276    28   276 0.95 -
Q8IWQ3               -            736 Pkinase              PF00069.31   263   1.4e-74  249.3   0.0   1   1   7.2e-75   2.4e-74  248.6   0.0     1   262    19   269    19   270 0.95 -
Q76P07               -            833 Pkinase              PF00069.31   263   1.4e-74  249.3   2.1   1   1   7.4e-75   2.4e-74  248.6   0.0     3   263    11   262     9   262 0.93 -
A8XNJ6               -            464 Pkinase              PF00069.31   263   1.8e-74  249.0   0.1   1   1   7.7e-75   2.5e-74  248.5   0.1     3   263   138   393   136   393 0.94 -
Q1ZXC8               -            691 Pkinase              PF00069.31   263   1.8e-74  249.0   0.0   1   1   5.4e-75   1.8e-74  249.0   0.0     1   263    18   263    18   263 0.95 -
Q32MK0               -            819 Pkinase              PF00069.31   263     2e-74  248.9   0.1   1   1   8.1e-75   2.7e-74  248.4   0.1     4   263   518   770   515   770 0.96 -
Q91819               -            408 Pkinase              PF00069.31   263     2e-74  248.9   0.0   1   1   7.4e-75   2.4e-74  248.6   0.0     1   263   140   390   140   390 0.94 -
B3WFY8               -            489 Pkinase              PF00069.31   263   2.2e-74  248.7   0.0   1   1   9.2e-75     3e-74  248.2   0.0     3   263    13   291    11   291 0.95 -
D7UQM5               -            407 Pkinase              PF00069.31   263   2.2e-74  248.7   0.0   1   1     1e-74   3.3e-74  248.1   0.0     3   263   149   399   147   399 0.93 -
D3ZHP7               -            472 Pkinase              PF00069.31   263   2.4e-74  248.6   0.0   1   1   9.9e-75   3.2e-74  248.2   0.0     4   263    17   270    14   270 0.93 -
Q8SR86               -            296 Pkinase              PF00069.31   263   2.5e-74  248.5   0.0   1   1   8.6e-75   2.8e-74  248.3   0.0     1   263     5   288     5   288 0.93 -
Q3UIZ8               -            795 Pkinase              PF00069.31   263   2.5e-74  248.5   0.1   1   1   1.1e-74   3.6e-74  248.0   0.1     3   263   493   746   491   746 0.96 -
O61267               -            476 Pkinase              PF00069.31   263   2.6e-74  248.5   0.0   1   1     1e-74   3.3e-74  248.1   0.0     1   263   174   441   174   441 0.93 -
Q5B4Z3               -           1346 Pkinase              PF00069.31   263   2.7e-74  248.4   0.0   1   1   3.2e-74   1.1e-73  246.5   0.0     1   263    60   310    60   310 0.97 -
P48609               -            294 Pkinase              PF00069.31   263   2.8e-74  248.4   0.0   1   1   9.7e-75   3.2e-74  248.2   0.0     1   263     4   286     4   286 0.96 -
P21137               -            404 Pkinase              PF00069.31   263   2.9e-74  248.3   0.0   1   1   1.1e-74   3.5e-74  248.0   0.0     2   263    82   335    81   335 0.97 -
Q9C562               -            479 Pkinase              PF00069.31   263   2.9e-74  248.3   0.0   1   1   1.2e-74   3.9e-74  247.9   0.0     1   263    12   266    12   266 0.94 -
Q558U1               -           2258 Pkinase              PF00069.31   263     4e-74  247.8  16.8   1   4   1.7e-18   5.5e-18   63.8   2.5    22   137   394   523   389   548 0.82 -
Q558U1               -           2258 Pkinase              PF00069.31   263     4e-74  247.8  16.8   2   4      0.22      0.73    7.7   0.0   172   247   577   671   557   691 0.68 -
Q558U1               -           2258 Pkinase              PF00069.31   263     4e-74  247.8  16.8   3   4   9.6e-12   3.2e-11   41.7   0.1     1    70   894   967   894   977 0.94 -
Q558U1               -           2258 Pkinase              PF00069.31   263     4e-74  247.8  16.8   4   4   3.7e-41   1.2e-40  138.1   0.1    69   260  1259  1479  1254  1482 0.89 -
A8XQD5               -           1191 Pkinase              PF00069.31   263   4.5e-74  247.7   0.0   1   1   4.3e-74   1.4e-73  246.1   0.0     4   263   894  1147   892  1147 0.93 -
Q8BLF2               -            595 Pkinase              PF00069.31   263   4.5e-74  247.7   0.0   1   1   2.3e-74   7.5e-74  247.0   0.0     1   263     4   286     4   286 0.89 -
Q7RZD3               -            954 Pkinase              PF00069.31   263   4.9e-74  247.6   0.0   1   1   2.1e-74     7e-74  247.1   0.0     4   263   677   925   674   925 0.94 -
Q5QNM6               -            511 Pkinase              PF00069.31   263   5.7e-74  247.4   0.0   1   1   2.1e-74   6.8e-74  247.1   0.0     1   263    25   279    25   279 0.93 -
Q6CVA2               -            989 Pkinase              PF00069.31   263   6.2e-74  247.2   0.2   1   1   6.5e-74   2.1e-73  245.5   0.0     1   263   698   949   698   949 0.94 -
Q86HN7               -            978 Pkinase              PF00069.31   263   6.6e-74  247.1   1.1   1   1     2e-74   6.6e-74  247.1   1.1     1   263   163   416   163   416 0.95 -
Q12263               -           1142 Pkinase              PF00069.31   263   6.8e-74  247.1   0.0   1   1   1.2e-73   3.9e-73  244.6   0.0     2   262    20   288    19   289 0.95 -
Q9CAD5               -            883 Pkinase              PF00069.31   263   6.9e-74  247.1   0.0   1   1   2.8e-74   9.3e-74  246.6   0.0     2   263   401   656   400   656 0.95 -
Q4P5N0               -            746 Pkinase              PF00069.31   263     7e-74  247.1   0.0   1   1   2.7e-74     9e-74  246.7   0.0     1   263   472   723   472   723 0.94 -
D2I3C6               -            784 Pkinase              PF00069.31   263   7.5e-74  247.0   0.0   1   1   3.3e-74   1.1e-73  246.4   0.0     1   263   411   668   411   668 0.93 -
Q6Z8C8               -            459 Pkinase              PF00069.31   263   7.9e-74  246.9   0.0   1   1   3.2e-74   1.1e-73  246.5   0.0     2   263     5   283     4   283 0.91 -
A2VDZ4               -            893 Pkinase              PF00069.31   263   7.9e-74  246.9   0.0   1   1   3.5e-74   1.1e-73  246.4   0.0     2   263    13   265    12   265 0.93 -
P49673               -            337 Pkinase              PF00069.31   263   8.7e-74  246.7   0.0   1   1   3.1e-74     1e-73  246.5   0.0     5   263    33   283    29   283 0.97 -
Q54PK9               -            908 Pkinase              PF00069.31   263   9.4e-74  246.6   0.0   1   1   7.8e-74   2.6e-73  245.2   0.0     3   263   273   527   271   527 0.94 -
O76039               -            960 Pkinase              PF00069.31   263   9.7e-74  246.6   0.0   1   1   4.7e-74   1.5e-73  245.9   0.0     2   263    14   297    13   297 0.93 -
P57058               -            714 Pkinase              PF00069.31   263   1.1e-73  246.4   0.0   1   1   4.9e-74   1.6e-73  245.9   0.0     5   263    66   320    63   320 0.92 -
Q64702               -            925 Pkinase              PF00069.31   263   1.1e-73  246.4   0.0   1   1   5.2e-74   1.7e-73  245.8   0.0     2   263    13   265    12   265 0.93 -
Q9VXE5               -            639 Pkinase              PF00069.31   263   1.2e-73  246.3   0.0   1   1   4.7e-74   1.5e-73  245.9   0.0     4   263   371   619   368   619 0.93 -
P25389               -           1037 Pkinase              PF00069.31   263   1.2e-73  246.3   0.0   1   1   7.2e-74   2.4e-73  245.3   0.0     2   262    22   284    21   285 0.95 -
Q9Y6E0               -            443 Pkinase              PF00069.31   263   1.2e-73  246.3   0.0   1   1   4.6e-74   1.5e-73  245.9   0.0     1   263    36   286    36   286 0.94 -
P0CY23               -           1230 Pkinase              PF00069.31   263   1.2e-73  246.2   0.0   1   1   8.4e-74   2.8e-73  245.1   0.0     1   263   953  1205   953  1205 0.92 -
Q4WHP3               -            815 Pkinase              PF00069.31   263   1.2e-73  246.2   0.0   1   1   5.8e-74   1.9e-73  245.6   0.0     3   263   536   785   534   785 0.94 -
Q55FJ6               -            507 Pkinase              PF00069.31   263   1.3e-73  246.2   0.0   1   1   8.4e-74   2.8e-73  245.1   0.0     1   263     4   286     4   286 0.92 -
Q7JP68               -            398 Pkinase              PF00069.31   263   1.4e-73  246.1   0.0   1   1   5.4e-74   1.8e-73  245.7   0.0     5   263    94   344    90   344 0.95 -
Q7ZVS3               -            940 Pkinase              PF00069.31   263   1.7e-73  245.8   0.1   1   1     7e-74   2.3e-73  245.4   0.1     2   263    13   265    12   265 0.94 -
P43294               -            443 Pkinase              PF00069.31   263   1.7e-73  245.8   0.0   1   1   6.3e-74   2.1e-73  245.5   0.0     1   263    12   291    12   291 0.93 -
O94547               -            580 Pkinase              PF00069.31   263   1.8e-73  245.7   0.0   1   1     9e-74   2.9e-73  245.0   0.0     1   263   124   421   124   421 0.92 -
P34208               -            496 Pkinase              PF00069.31   263   1.8e-73  245.7   0.0   1   1   9.1e-74     3e-73  245.0   0.0     1   263    10   272    10   272 0.94 -
Q9UEE5               -            414 Pkinase              PF00069.31   263   1.9e-73  245.6   0.0   1   1   8.8e-74   2.9e-73  245.0   0.0     5   263    65   321    62   321 0.94 -
Q55CA6               -            635 Pkinase              PF00069.31   263     2e-73  245.5   0.0   1   1   6.2e-74     2e-73  245.5   0.0     6   263    82   329    78   329 0.96 -
Q54R82               -            942 Pkinase              PF00069.31   263   2.2e-73  245.4   0.0   1   1   1.6e-73   5.2e-73  244.2   0.0     2   263   171   429   170   429 0.93 -
O42844               -            504 Pkinase              PF00069.31   263   2.3e-73  245.4   0.0   1   1   1.3e-73   4.2e-73  244.5   0.0     1   263    65   351    65   351 0.95 -
Q7Y0B9               -            371 Pkinase              PF00069.31   263   2.5e-73  245.3   0.0   1   1   9.8e-74   3.2e-73  244.9   0.0     1   263    33   289    33   289 0.94 -
Q5JLQ9               -            476 Pkinase              PF00069.31   263   2.5e-73  245.2   0.0   1   1   1.1e-73   3.6e-73  244.7   0.0     1   263    17   272    17   272 0.92 -
P46551               -            730 Pkinase              PF00069.31   263   2.8e-73  245.1   0.0   1   1   1.2e-73   3.8e-73  244.6   0.0     1   263   311   605   311   605 0.94 -
Q8SRL5               -            272 Pkinase              PF00069.31   263   2.8e-73  245.1   0.0   1   1   9.5e-74   3.1e-73  244.9   0.0     1   263    10   263    10   263 0.93 -
O01427               -            305 Pkinase              PF00069.31   263     3e-73  245.0   0.0   1   1   1.1e-73   3.5e-73  244.7   0.0     1   263    30   280    30   280 0.95 -
P52304               -            576 Pkinase              PF00069.31   263   3.1e-73  244.9   0.3   1   1   1.5e-73     5e-73  244.3   0.3     1   262    25   276    25   277 0.94 -
Q9P7J8               -            569 Pkinase              PF00069.31   263   3.2e-73  244.9   0.0   1   1   1.2e-73   4.1e-73  244.5   0.0     1   263   230   485   230   485 0.94 -
Q55GC2               -           1142 Pkinase              PF00069.31   263   3.2e-73  244.9   0.0   1   1   9.7e-74   3.2e-73  244.9   0.0     2   263    21   276    20   276 0.93 -
O42626               -            623 Pkinase              PF00069.31   263   3.6e-73  244.7   0.0   1   1   2.1e-73   6.9e-73  243.8   0.0     2   263   243   532   242   532 0.95 -
U4PR86               -            706 Pkinase              PF00069.31   263   3.7e-73  244.7   0.0   1   1   1.8e-73   5.9e-73  244.0   0.0     1   263    11   265    11   265 0.93 -
P34556               -            332 Pkinase              PF00069.31   263   3.8e-73  244.6   0.0   1   1   1.3e-73   4.4e-73  244.4   0.0     1   263    22   312    22   312 0.96 -
P39009               -            513 Pkinase              PF00069.31   263   3.9e-73  244.6   0.0   1   1   1.6e-73   5.1e-73  244.2   0.0     3   263   202   480   200   480 0.91 -
Q9R011               -            647 Pkinase              PF00069.31   263   4.2e-73  244.5   0.0   1   1   1.6e-73   5.4e-73  244.2   0.0     1   263    62   314    62   314 0.94 -
Q755C4               -            367 Pkinase              PF00069.31   263   4.5e-73  244.4   0.0   1   1   1.9e-73   6.2e-73  244.0   0.0     1   263   109   360   109   360 0.95 -
P34244               -           1518 Pkinase              PF00069.31   263   4.6e-73  244.4   0.3   1   2   0.00016   0.00053   18.0   0.2     2    37    82   117    81   140 0.92 -
P34244               -           1518 Pkinase              PF00069.31   263   4.6e-73  244.4   0.3   2   2   2.4e-67     8e-67  223.9   0.0    37   262   153   368   123   369 0.89 -
O00444               -            970 Pkinase              PF00069.31   263   4.7e-73  244.3   0.1   1   1   2.4e-73     8e-73  243.6   0.1     2   263    13   265    12   265 0.93 -
Q9JI10               -            497 Pkinase              PF00069.31   263   4.7e-73  244.3   0.0   1   1   2.3e-73   7.5e-73  243.7   0.0     2   263    28   278    27   278 0.95 -
Q6AVI8               -            574 Pkinase              PF00069.31   263   4.8e-73  244.3   0.0   1   1   2.3e-73   7.4e-73  243.7   0.0     1   263   101   359   101   359 0.96 -
G1X456               -            519 Pkinase              PF00069.31   263   4.8e-73  244.3   0.0   1   1   1.9e-73   6.2e-73  243.9   0.0     2   263   209   463   208   463 0.94 -
Q6I5Y0               -            519 Pkinase              PF00069.31   263     5e-73  244.3   0.0   1   1     2e-73   6.4e-73  243.9   0.0     1   263    25   325    25   325 0.92 -
Q9VP22               -           1157 Pkinase              PF00069.31   263     5e-73  244.2   0.0   1   1   2.8e-73   9.3e-73  243.4   0.0     2   263   805  1098   804  1098 0.92 -
Q2ULU3               -            848 Pkinase              PF00069.31   263   5.4e-73  244.1   0.0   1   1   2.7e-73     9e-73  243.4   0.0     3   263   569   818   567   818 0.94 -
Q9S7U9               -            363 Pkinase              PF00069.31   263   5.5e-73  244.1   0.0   1   1     2e-73   6.7e-73  243.8   0.0     4   263    73   330    70   330 0.91 -
O45818               -           1070 Pkinase              PF00069.31   263   5.9e-73  244.0   0.0   1   1   3.9e-73   1.3e-72  242.9   0.0     4   263   773  1026   771  1026 0.93 -
P22517               -            447 Pkinase              PF00069.31   263   5.9e-73  244.0   0.0   1   1   2.7e-73   8.9e-73  243.4   0.0     2   263    48   309    47   309 0.92 -
Q6Z9F4               -            451 Pkinase              PF00069.31   263   7.2e-73  243.7   0.0   1   1   2.6e-73   8.6e-73  243.5   0.0     1   263    23   278    23   278 0.94 -
Q6ERS4               -            456 Pkinase              PF00069.31   263   7.8e-73  243.6   0.0   1   1   2.9e-73   9.4e-73  243.4   0.0     1   263    22   277    22   277 0.93 -
B4MXR8               -            787 Pkinase              PF00069.31   263   7.9e-73  243.6   0.1   1   1   3.7e-73   1.2e-72  243.0   0.1     1   263    14   268    14   268 0.94 -
Q9LZW4               -            442 Pkinase              PF00069.31   263   9.2e-73  243.4   0.0   1   1   3.7e-73   1.2e-72  243.0   0.0     1   263    22   276    22   276 0.93 -
Q54MV2               -            715 Pkinase              PF00069.31   263   9.8e-73  243.3   0.0   1   1   5.1e-73   1.7e-72  242.5   0.0     3   263    67   320    65   320 0.94 -
Q6FV07               -            358 Pkinase              PF00069.31   263   1.1e-72  243.2   0.1   1   1   3.8e-73   1.3e-72  243.0   0.1     1   263   100   351   100   351 0.96 -
A8C984               -            715 Pkinase              PF00069.31   263   1.1e-72  243.2   0.0   1   1   5.3e-73   1.7e-72  242.5   0.0     4   263   407   659   404   659 0.96 -
P54685               -            360 Pkinase              PF00069.31   263   1.1e-72  243.1   0.1   1   1   5.9e-73   1.9e-72  242.3   0.0     1   263     4   288     4   288 0.94 -
Q17941               -            541 Pkinase              PF00069.31   263   1.3e-72  242.9   0.0   1   1   5.5e-73   1.8e-72  242.4   0.0     3   260   195   447   193   450 0.93 -
Q69IM9               -            577 Pkinase              PF00069.31   263   1.4e-72  242.8   0.0   1   1   5.9e-73   1.9e-72  242.3   0.0     1   263   105   368   105   368 0.96 -
Q8SWM6               -            472 Pkinase              PF00069.31   263   1.4e-72  242.8   0.1   1   1   5.4e-73   1.8e-72  242.5   0.1     1   263    24   279    24   279 0.94 -
Q03043               -           1088 Pkinase              PF00069.31   263   1.6e-72  242.6   0.0   1   1   1.3e-72   4.2e-72  241.2   0.0     3   263   779  1036   777  1036 0.96 -
Q17850               -            572 Pkinase              PF00069.31   263   1.6e-72  242.6   0.0   1   1   7.4e-73   2.4e-72  242.0   0.0     1   263   295   546   295   546 0.94 -
Q5Z6X0               -            514 Pkinase              PF00069.31   263   1.9e-72  242.4   0.0   1   1     7e-73   2.3e-72  242.1   0.0     1   263    21   281    21   281 0.92 -
P97377               -            346 Pkinase              PF00069.31   263   2.2e-72  242.2   0.0   1   2   3.8e-65   1.3e-64  216.7   0.0     1   192     4   198     4   231 0.93 -
P97377               -            346 Pkinase              PF00069.31   263   2.2e-72  242.2   0.0   2   2   2.8e-06   9.1e-06   23.8   0.0   208   263   255   334   237   334 0.77 -
Q5R4L1               -            685 Pkinase              PF00069.31   263   2.2e-72  242.1   0.0   1   1   9.8e-73   3.2e-72  241.6   0.0     3   263    84   334    82   334 0.94 -
Q7XJR9               -            571 Pkinase              PF00069.31   263   2.2e-72  242.1   0.0   1   1   9.8e-73   3.2e-72  241.6   0.0     1   263   108   368   108   368 0.94 -
P16912               -            583 Pkinase              PF00069.31   263   2.4e-72  242.0   0.0   1   1   9.4e-73   3.1e-72  241.7   0.0     1   263   274   528   274   528 0.96 -
Q6BNF3               -           1079 Pkinase              PF00069.31   263   2.5e-72  242.0   0.0   1   1   1.4e-72   4.5e-72  241.1   0.0     1   263   801  1053   801  1053 0.93 -
Q62101               -            918 Pkinase              PF00069.31   263   2.5e-72  242.0   0.0   1   1   1.2e-72   3.8e-72  241.4   0.0     5   263   593   845   591   845 0.93 -
Q16W24               -            769 Pkinase              PF00069.31   263   2.5e-72  242.0   0.0   1   1   1.2e-72     4e-72  241.3   0.0     1   263    10   263    10   263 0.94 -
Q8W490               -            470 Pkinase              PF00069.31   263   2.5e-72  242.0   0.0   1   1   9.9e-73   3.3e-72  241.6   0.0     1   263   107   355   107   355 0.94 -
Q4X1A8               -            637 Pkinase              PF00069.31   263   2.5e-72  241.9   0.0   1   1     1e-72   3.4e-72  241.5   0.0     3   263   296   551   294   551 0.94 -
Q7XUF4               -            710 Pkinase              PF00069.31   263   2.6e-72  241.9   0.0   1   1   1.2e-72   3.8e-72  241.4   0.0     1   263   365   656   365   656 0.93 -
P23293               -            657 Pkinase              PF00069.31   263   2.7e-72  241.9   0.0   1   1   1.1e-72   3.5e-72  241.5   0.0     1   263    60   366    60   366 0.96 -
Q86CS2               -            668 Pkinase              PF00069.31   263   3.7e-72  241.4   0.0   1   1   1.1e-72   3.7e-72  241.4   0.0     2   263     8   266     7   266 0.93 -
Q9XIW0               -            429 Pkinase              PF00069.31   263   4.1e-72  241.3   0.0   1   1     7e-72   2.3e-71  238.8   0.0     1   263    25   280    25   280 0.94 -
Q6C3D7               -           1125 Pkinase              PF00069.31   263   4.1e-72  241.2   0.0   1   1   2.3e-72   7.7e-72  240.4   0.0     1   263   844  1095   844  1095 0.94 -
D2H526               -           1491 Pkinase              PF00069.31   263   4.8e-72  241.0   0.0   1   1   2.6e-72   8.4e-72  240.2   0.0     3   263   730  1021   728  1021 0.89 -
Q8IY84               -            436 Pkinase              PF00069.31   263   5.3e-72  240.9   0.0   1   1   2.4e-72   7.9e-72  240.3   0.0     1   263    74   325    74   325 0.96 -
E1BB52               -           1512 Pkinase              PF00069.31   263   5.3e-72  240.9   0.0   1   1   2.5e-72   8.1e-72  240.3   0.0     3   262   708   998   706   999 0.89 -
Q12126               -            335 Pkinase              PF00069.31   263   5.4e-72  240.9   0.0   1   1   1.9e-72   6.2e-72  240.7   0.0     1   263    11   292    11   292 0.90 -
Q40541               -            690 Pkinase              PF00069.31   263   5.8e-72  240.8   0.0   1   1   2.3e-72   7.5e-72  240.4   0.0     2   263    81   342    80   342 0.94 -
P22987               -            891 Pkinase              PF00069.31   263   6.2e-72  240.7   0.4   1   1   3.5e-71   1.1e-70  236.5   0.4     1   263   125   395   125   395 0.92 -
A4IFM7               -            623 Pkinase              PF00069.31   263   6.4e-72  240.6   0.0   1   1   2.5e-72   8.1e-72  240.3   0.0     3   263   314   567   312   567 0.96 -
Q06309               -            301 Pkinase              PF00069.31   263   7.2e-72  240.5   0.0   1   1   2.7e-72   8.8e-72  240.2   0.0     1   263     5   297     5   297 0.93 -
P38692               -           1080 Pkinase              PF00069.31   263   7.5e-72  240.4   0.0   1   1   3.4e-72   1.1e-71  239.8   0.0     2   263    24   276    23   276 0.93 -
Q556S2               -            513 Pkinase              PF00069.31   263   8.2e-72  240.3   1.3   1   1     3e-72   9.7e-72  240.0   0.0     1   263    42   294    42   294 0.94 -
Q00771               -            414 Pkinase              PF00069.31   263   8.6e-72  240.2   0.0   1   1   3.5e-72   1.1e-71  239.8   0.0     1   263    23   278    23   278 0.92 -
P29620               -            424 Pkinase              PF00069.31   263   9.5e-72  240.1   0.0   1   1   3.4e-72   1.1e-71  239.8   0.0     3   263    21   299    19   299 0.93 -
A7SNN5               -            978 Pkinase              PF00069.31   263   1.2e-71  239.8   0.0   1   1   9.7e-72   3.2e-71  238.3   0.0     2   263    14   266    13   266 0.93 -
Q84UI5               -            398 Pkinase              PF00069.31   263   1.2e-71  239.8   0.0   1   1   5.2e-72   1.7e-71  239.2   0.0     7   263    73   352    70   352 0.90 -
O80902               -            431 Pkinase              PF00069.31   263   1.3e-71  239.7   0.0   1   1   5.2e-72   1.7e-71  239.2   0.0     1   263    28   282    28   282 0.91 -
Q9VKN7               -            329 Pkinase              PF00069.31   263   1.3e-71  239.6   0.0   1   1   4.8e-72   1.6e-71  239.3   0.0     2   263    54   305    53   305 0.93 -
Q09639               -            707 Pkinase              PF00069.31   263   1.4e-71  239.6   0.0   1   1   7.6e-72   2.5e-71  238.7   0.0     2   263   192   455   191   455 0.92 -
Q6TJY3               -            527 Pkinase              PF00069.31   263   1.6e-71  239.3   0.0   1   1   9.1e-72     3e-71  238.4   0.0     1   263    91   352    91   352 0.92 -
Q04770               -            291 Pkinase              PF00069.31   263   1.7e-71  239.3   0.0   1   1   5.7e-72   1.9e-71  239.1   0.0     1   263     4   283     4   283 0.93 -
Q09178               -           1156 Pkinase              PF00069.31   263   1.8e-71  239.2   0.0   1   2   7.4e-22   2.4e-21   74.8   0.0    30   259   620   845   583   847 0.78 -
Q09178               -           1156 Pkinase              PF00069.31   263   1.8e-71  239.2   0.0   2   2     2e-48   6.7e-48  161.9   0.0     2   257   876  1145   875  1149 0.86 -
O13945               -            532 Pkinase              PF00069.31   263   1.9e-71  239.1   0.0   1   1   7.7e-72   2.5e-71  238.7   0.0     4   263    26   274    23   274 0.94 -
O44997               -           1425 Pkinase              PF00069.31   263   2.3e-71  238.8   0.0   1   1   1.1e-71   3.7e-71  238.1   0.0     1   263    28   289    28   289 0.97 -
P53350               -            603 Pkinase              PF00069.31   263   2.5e-71  238.7   0.0   1   1   1.1e-71   3.5e-71  238.2   0.0     1   263    53   305    53   305 0.94 -
P40376               -            512 Pkinase              PF00069.31   263   2.6e-71  238.7   0.0   1   1   9.9e-72   3.2e-71  238.3   0.0     2   263   202   456   201   456 0.97 -
P29597               -           1187 Pkinase              PF00069.31   263   2.7e-71  238.6   0.0   1   2   3.9e-20   1.3e-19   69.2   0.0    22   259   634   864   628   866 0.83 -
P29597               -           1187 Pkinase              PF00069.31   263   2.7e-71  238.6   0.0   2   2   7.1e-50   2.3e-49  166.7   0.0     2   257   898  1165   897  1168 0.89 -
Q09831               -            566 Pkinase              PF00069.31   263   2.9e-71  238.5   0.0   1   1   1.8e-71   5.8e-71  237.5   0.0     3   263   197   485   195   485 0.94 -
O94806               -            890 Pkinase              PF00069.31   263   3.2e-71  238.3   0.0   1   1   1.7e-71   5.6e-71  237.5   0.0     5   263   580   832   577   832 0.92 -
Q60EY8               -            466 Pkinase              PF00069.31   263   3.2e-71  238.3   0.0   1   1   1.7e-71   5.5e-71  237.6   0.0     1   263    12   276    12   276 0.93 -
Q21017               -            822 Pkinase              PF00069.31   263   3.5e-71  238.2   0.0   1   1   1.5e-71   4.9e-71  237.7   0.0     1   263    16   267    16   267 0.95 -
Q9FGW5               -            612 Pkinase              PF00069.31   263   3.5e-71  238.2   0.0   1   1   1.5e-71     5e-71  237.7   0.0     1   263   297   593   297   593 0.95 -
P20911               -            352 Pkinase              PF00069.31   263   3.7e-71  238.1   0.0   1   1   1.3e-71   4.3e-71  237.9   0.0     1   263    18   301    18   301 0.96 -
P51954               -           1203 Pkinase              PF00069.31   263   4.4e-71  237.9   0.0   1   1   3.1e-71     1e-70  236.7   0.0     1   262     4   257     4   258 0.95 -
Q6P431               -            467 Pkinase              PF00069.31   263   4.5e-71  237.8   0.0   1   1     2e-71   6.5e-71  237.3   0.0     4   263    86   367    83   367 0.94 -
O61122               -            478 Pkinase              PF00069.31   263   4.7e-71  237.8   0.0   1   1     2e-71   6.5e-71  237.3   0.0     1   263    12   262    12   262 0.95 -
Q9SPK4               -            284 Pkinase              PF00069.31   263     5e-71  237.7   0.0   1   1   1.7e-71   5.7e-71  237.5   0.0     1   263    15   273    15   273 0.96 -
P51817               -            358 Pkinase              PF00069.31   263   5.1e-71  237.7   0.0   1   1   1.8e-71     6e-71  237.4   0.0     3   263    51   303    49   303 0.95 -
Q9FX86               -            606 Pkinase              PF00069.31   263   5.4e-71  237.6   0.0   1   1   2.3e-71   7.6e-71  237.1   0.0     2   263   151   412   150   412 0.93 -
Q54W86               -            928 Pkinase              PF00069.31   263   5.9e-71  237.5   1.6   1   1   1.6e-70   5.1e-70  234.4   1.6     1   263   566   868   566   868 0.92 -
Q12706               -            436 Pkinase              PF00069.31   263     6e-71  237.4   0.0   1   1   2.6e-71   8.6e-71  236.9   0.0     4   254    94   334    91   341 0.95 -
O70405               -           1051 Pkinase              PF00069.31   263   6.1e-71  237.4   0.0   1   1   2.8e-71   9.1e-71  236.8   0.0     2   263    17   278    16   278 0.92 -
H2L099               -            653 Pkinase              PF00069.31   263   7.3e-71  237.2   0.0   1   1   2.9e-71   9.4e-71  236.8   0.0     1   263    34   285    34   285 0.95 -
O24527               -            836 Pkinase              PF00069.31   263   7.5e-71  237.1   0.0   1   1   3.5e-71   1.2e-70  236.5   0.0     1   263   249   503   249   503 0.95 -
Q9QY01               -           1037 Pkinase              PF00069.31   263     8e-71  237.0   0.0   1   1   3.8e-71   1.2e-70  236.4   0.0     4   263    12   271     9   271 0.92 -
Q9XTR1               -            406 Pkinase              PF00069.31   263   8.2e-71  237.0   0.0   1   1   3.7e-71   1.2e-70  236.4   0.0     5   263   106   388   104   388 0.92 -
Q10056               -            589 Pkinase              PF00069.31   263   8.7e-71  236.9   0.1   1   1   4.4e-71   1.5e-70  236.2   0.1     1   263   309   566   309   566 0.90 -
A8XWC4               -            760 Pkinase              PF00069.31   263   9.1e-71  236.8   0.0   1   1   4.4e-71   1.4e-70  236.2   0.0     4   263   467   725   464   725 0.93 -
G5EFV5               -            330 Pkinase              PF00069.31   263   9.7e-71  236.8   0.0   1   1   3.4e-71   1.1e-70  236.6   0.0     1   263     5   289     5   289 0.96 -
Q8SW31               -            566 Pkinase              PF00069.31   263     1e-70  236.7   0.0   1   1   6.4e-71   2.1e-70  235.7   0.0     1   263    58   316    58   316 0.95 -
G4N7X0               -            915 Pkinase              PF00069.31   263   1.1e-70  236.6   0.0   1   1     2e-70   6.6e-70  234.0   0.0     3   263   643   911   641   911 0.95 -
O61847               -            368 Pkinase              PF00069.31   263   1.1e-70  236.6   0.0   1   1   4.2e-71   1.4e-70  236.3   0.0     4   263    48   330    45   330 0.95 -
A0AUV4               -            508 Pkinase              PF00069.31   263   1.2e-70  236.5   0.0   1   1   4.8e-71   1.6e-70  236.1   0.0     1   263    28   276    28   276 0.93 -
A1A5Q6               -            654 Pkinase              PF00069.31   263   1.4e-70  236.2   0.0   1   1   6.5e-71   2.1e-70  235.6   0.0     1   263    24   271    24   271 0.94 -
Q9NAH6               -            550 Pkinase              PF00069.31   263   1.6e-70  236.1   0.0   1   1   6.8e-71   2.3e-70  235.6   0.0     2   263    84   344    83   344 0.92 -
O48837               -            851 Pkinase              PF00069.31   263   1.6e-70  236.0   0.0   1   2   1.9e-40   6.4e-40  135.7   0.0     5   200   121   349   117   413 0.81 -
O48837               -            851 Pkinase              PF00069.31   263   1.6e-70  236.0   0.0   2   2   6.4e-29   2.1e-28   98.0   0.0    12   258   543   809   533   811 0.80 -
O35831               -            523 Pkinase              PF00069.31   263   1.7e-70  236.0   0.0   1   1   9.1e-71     3e-70  235.2   0.0     1   263   192   473   192   473 0.92 -
P33981               -            857 Pkinase              PF00069.31   263     2e-70  235.7   0.8   1   1   1.1e-70   3.7e-70  234.9   0.8     1   263   525   791   525   791 0.95 -
A9SY39               -            759 Pkinase              PF00069.31   263   2.2e-70  235.6   0.0   1   1   8.5e-71   2.8e-70  235.2   0.0     3   263   428   679   426   679 0.92 -
Q9Y6R4               -           1608 Pkinase              PF00069.31   263   2.3e-70  235.6   0.0   1   1   1.3e-70   4.4e-70  234.6   0.0     2   263  1344  1601  1343  1601 0.95 -
P42525               -            529 Pkinase              PF00069.31   263   2.3e-70  235.5   0.1   1   1   6.9e-71   2.3e-70  235.5   0.1     1   263   149   437   149   437 0.89 -
Q94CG0               -            416 Pkinase              PF00069.31   263   2.6e-70  235.4   0.0   1   1   1.3e-70   4.2e-70  234.7   0.0     1   263    12   264    12   264 0.93 -
Q9ZUZ2               -            595 Pkinase              PF00069.31   263   2.8e-70  235.3   0.0   1   1   1.2e-70   3.9e-70  234.8   0.0     1   263   143   405   143   405 0.93 -
P06784               -            515 Pkinase              PF00069.31   263     3e-70  235.2   0.1   1   1   1.3e-70   4.1e-70  234.7   0.1     3   262   193   465   191   466 0.94 -
P34331               -            648 Pkinase              PF00069.31   263   3.2e-70  235.1   0.0   1   1   1.4e-70   4.7e-70  234.5   0.0     1   263    38   289    38   289 0.95 -
Q6GPL3               -            368 Pkinase              PF00069.31   263   3.4e-70  235.0   0.0   1   1   1.2e-70   4.1e-70  234.7   0.0     3   263   102   350   100   350 0.94 -
Q8C0X8               -            640 Pkinase              PF00069.31   263   3.5e-70  234.9   0.0   1   1   1.9e-70   6.3e-70  234.1   0.0     1   263    24   271    24   271 0.95 -
P54119               -            324 Pkinase              PF00069.31   263   3.5e-70  234.9   0.0   1   1   1.6e-70   5.3e-70  234.3   0.0     1   263     4   307     4   307 0.92 -
O94768               -            372 Pkinase              PF00069.31   263   3.8e-70  234.8   0.0   1   1   1.4e-70   4.7e-70  234.5   0.0     4   263    36   293    33   293 0.93 -
Q96PY6               -           1258 Pkinase              PF00069.31   263   4.5e-70  234.6   0.0   1   1   3.5e-70   1.1e-69  233.2   0.0     1   262     4   257     4   258 0.94 -
P49137               -            400 Pkinase              PF00069.31   263   4.6e-70  234.5   0.0   1   1     2e-70   6.6e-70  234.0   0.0     4   263    67   325    64   325 0.91 -
O14047               -            312 Pkinase              PF00069.31   263   4.7e-70  234.5   0.0   1   1   1.7e-70   5.7e-70  234.2   0.0     1   263     6   258     6   258 0.94 -
Q5APR8               -            976 Pkinase              PF00069.31   263   5.3e-70  234.4   0.8   1   1   2.9e-70   9.5e-70  233.5   0.8     2   263   686   940   685   940 0.91 -
Q9USX7               -            526 Pkinase              PF00069.31   263   5.3e-70  234.3   0.0   1   1   3.6e-70   1.2e-69  233.2   0.0     1   263   155   445   155   445 0.96 -
P13185               -           1064 Pkinase              PF00069.31   263   5.7e-70  234.2   3.1   1   1   3.2e-68   1.1e-67  226.8   3.1     2   263   121   398   120   398 0.93 -
Q54RV3               -           1179 Pkinase              PF00069.31   263     6e-70  234.2   0.0   1   1   1.8e-70     6e-70  234.2   0.0     6   263   144   390   139   390 0.93 -
Q8C0V7               -            499 Pkinase              PF00069.31   263   6.2e-70  234.1   0.0   1   1   2.6e-70   8.4e-70  233.7   0.0     1   263    14   262    14   262 0.94 -
Q54UZ1               -            411 Pkinase              PF00069.31   263   6.7e-70  234.0   0.2   1   1   2.6e-70   8.7e-70  233.6   0.2     4   263    89   348    86   348 0.92 -
Q6P3R8               -            708 Pkinase              PF00069.31   263   7.7e-70  233.8   1.4   1   1   6.5e-70   2.1e-69  232.3   0.0     1   263     4   259     4   259 0.93 -
P11792               -            824 Pkinase              PF00069.31   263   7.7e-70  233.8   0.1   1   1   5.5e-70   1.8e-69  232.6   0.0     1   263   412   671   412   671 0.92 -
Q54I36               -           1338 Pkinase              PF00069.31   263   7.8e-70  233.8   0.0   1   2   7.8e-16   2.6e-15   55.1   0.0    75   259   830  1003   800  1005 0.85 -
Q54I36               -           1338 Pkinase              PF00069.31   263   7.8e-70  233.8   0.0   2   2   1.4e-52   4.8e-52  175.5   0.0     3   259  1059  1299  1057  1301 0.94 -
Q8I113               -            707 Pkinase              PF00069.31   263   8.4e-70  233.7   0.0   1   1   3.9e-70   1.3e-69  233.1   0.0     4   263   206   493   204   493 0.93 -
O61125               -            461 Pkinase              PF00069.31   263   9.4e-70  233.5   0.0   1   1   4.2e-70   1.4e-69  233.0   0.0     2   263    21   273    20   273 0.93 -
O14936               -            926 Pkinase              PF00069.31   263   1.1e-69  233.3   0.0   1   1   6.8e-70   2.2e-69  232.3   0.0     1   263    12   276    12   276 0.93 -
P50530               -            696 Pkinase              PF00069.31   263   1.3e-69  233.1   0.0   1   1   5.9e-70     2e-69  232.5   0.0     2   263   303   563   302   563 0.92 -
Q59S66               -            528 Pkinase              PF00069.31   263   1.4e-69  233.0   3.5   1   1   1.5e-69     5e-69  231.1   3.5     2   263   243   515   242   515 0.96 -
B5X564               -            644 Pkinase              PF00069.31   263   1.6e-69  232.7   0.0   1   1   7.7e-70   2.5e-69  232.1   0.0     1   263   105   389   105   389 0.90 -
Q501Q9               -            586 Pkinase              PF00069.31   263   1.7e-69  232.7   0.0   1   1   7.2e-70   2.4e-69  232.2   0.0     1   263    14   305    14   305 0.90 -
G5EFU0               -            522 Pkinase              PF00069.31   263   1.8e-69  232.6   0.0   1   1   6.7e-70   2.2e-69  232.3   0.0     3   263   233   482   231   482 0.95 -
Q6YY75               -            534 Pkinase              PF00069.31   263   1.8e-69  232.6   0.0   1   1   8.5e-70   2.8e-69  232.0   0.0     1   263     4   257     4   257 0.93 -
Q8T0S6               -            669 Pkinase              PF00069.31   263   1.9e-69  232.5   0.0   1   1   1.2e-69   3.8e-69  231.5   0.0     3   263    44   293    42   293 0.94 -
Q9H2G2               -           1235 Pkinase              PF00069.31   263     2e-69  232.5   0.0   1   1     6e-70     2e-69  232.5   0.0     2   263    35   292    34   292 0.92 -
Q9NB31               -            497 Pkinase              PF00069.31   263     2e-69  232.5   0.1   1   1     1e-69   3.3e-69  231.7   0.0     3   263    37   286    35   286 0.95 -
Q9LT35               -            416 Pkinase              PF00069.31   263   2.1e-69  232.4   0.5   1   1   1.1e-69   3.7e-69  231.6   0.0     1   262     4   256     4   257 0.93 -
Q40884               -            384 Pkinase              PF00069.31   263   2.1e-69  232.4   0.0   1   1   7.7e-70   2.5e-69  232.1   0.0     3   263    34   319    32   319 0.92 -
Q20845               -            615 Pkinase              PF00069.31   263   2.2e-69  232.3   0.0   1   1   1.1e-69   3.7e-69  231.6   0.0     1   263    35   286    35   286 0.95 -
Q9URY1               -            672 Pkinase              PF00069.31   263   2.3e-69  232.2   0.0   1   1   1.1e-69   3.6e-69  231.6   0.0     1   263    31   279    31   279 0.93 -
Q54QB1               -            369 Pkinase              PF00069.31   263   2.5e-69  232.1   0.0   1   1   9.7e-70   3.2e-69  231.8   0.0     1   263    14   304    14   304 0.90 -
Q5AHG6               -            787 Pkinase              PF00069.31   263   2.7e-69  232.0   0.0   1   1   1.4e-69   4.5e-69  231.3   0.0     1   263   392   653   392   653 0.93 -
Q8C015               -            719 Pkinase              PF00069.31   263   2.7e-69  232.0   0.0   1   1   1.1e-69   3.6e-69  231.6   0.0     6   263   454   700   449   700 0.94 -
Q55D99               -           1197 Pkinase              PF00069.31   263     3e-69  231.8   0.7   1   1     2e-69   6.7e-69  230.7   0.0     3   263   913  1164   911  1164 0.91 -
Q753D9               -            726 Pkinase              PF00069.31   263   3.2e-69  231.8   0.0   1   1   1.4e-69   4.5e-69  231.3   0.0     4   263    13   271    10   271 0.92 -
Q56UN5               -           1328 Pkinase              PF00069.31   263   3.2e-69  231.8   0.0   1   2       2.7         9    4.1   0.2    23    56   411   444   406   448 0.91 -
Q56UN5               -           1328 Pkinase              PF00069.31   263   3.2e-69  231.8   0.0   2   2   1.6e-67   5.2e-67  224.5   0.0     2   263  1062  1324  1061  1324 0.93 -
Q7TSC3               -            627 Pkinase              PF00069.31   263   3.2e-69  231.8   0.0   1   1   1.7e-69   5.7e-69  231.0   0.0     1   263     4   255     4   255 0.92 -
Q54IF2               -            641 Pkinase              PF00069.31   263   3.8e-69  231.5   0.0   1   1   1.7e-69   5.7e-69  231.0   0.0     4   263   176   430   173   430 0.94 -
O14299               -           1401 Pkinase              PF00069.31   263   4.1e-69  231.4   0.0   1   1   2.2e-69   7.3e-69  230.6   0.0     9   263  1045  1306  1037  1306 0.91 -
Q12152               -            901 Pkinase              PF00069.31   263   4.9e-69  231.2   0.0   1   1   2.5e-69   8.1e-69  230.5   0.0     1   263    41   287    41   287 0.96 -
Q61084               -            626 Pkinase              PF00069.31   263     5e-69  231.1   0.0   1   1   2.2e-69   7.2e-69  230.6   0.0     3   262   364   621   362   622 0.93 -
P13186               -           1147 Pkinase              PF00069.31   263   5.1e-69  231.1   2.1   1   1   1.4e-67   4.5e-67  224.7   2.1     2   263   100   377    99   377 0.94 -
P34103               -            992 Pkinase              PF00069.31   263   5.6e-69  231.0   0.0   1   1   1.7e-69   5.6e-69  231.0   0.0     3   263   681   934   679   934 0.94 -
Q9XF67               -            491 Pkinase              PF00069.31   263     6e-69  230.9   0.0   1   1   2.5e-69   8.2e-69  230.4   0.0     2   254    45   297    44   311 0.91 -
Q6FQ83               -            667 Pkinase              PF00069.31   263     8e-69  230.5   0.0   1   1   3.9e-69   1.3e-68  229.8   0.0     1   263    60   378    60   378 0.95 -
P12688               -            680 Pkinase              PF00069.31   263   9.3e-69  230.3   0.0   1   1   5.4e-69   1.8e-68  229.3   0.0     3   263   349   602   347   602 0.94 -
O76360               -            780 Pkinase              PF00069.31   263   9.4e-69  230.3   0.0   1   1   3.4e-68   1.1e-67  226.7   0.0     3   263   471   729   469   729 0.95 -
Q75D46               -            753 Pkinase              PF00069.31   263   9.7e-69  230.2   0.0   1   1   4.2e-69   1.4e-68  229.7   0.0     1   263    56   372    56   372 0.96 -
O08911               -            367 Pkinase              PF00069.31   263     1e-68  230.1   0.0   1   1   3.8e-69   1.3e-68  229.8   0.0     1   263    27   311    27   311 0.91 -
Q3ULB5               -            682 Pkinase              PF00069.31   263   1.1e-68  230.1   0.0   1   1   4.2e-69   1.4e-68  229.7   0.0     5   263   412   659   408   659 0.93 -
B7XHR6               -            595 Pkinase              PF00069.31   263   1.1e-68  230.0   0.1   1   1   5.4e-69   1.8e-68  229.3   0.1     1   262    67   315    67   316 0.92 -
B4GXC2               -            755 Pkinase              PF00069.31   263   1.2e-68  229.9   0.0   1   1   5.9e-69   1.9e-68  229.2   0.0     1   262   484   741   484   742 0.93 -
F1NBT0               -            969 Pkinase              PF00069.31   263   1.3e-68  229.8   0.0   1   1     4e-69   1.3e-68  229.8   0.0     2   263    37   294    36   294 0.91 -
O55173               -            559 Pkinase              PF00069.31   263   1.4e-68  229.7   0.0   1   1   5.8e-69   1.9e-68  229.2   0.0     2   257    86   333    85   344 0.95 -
Q55GV3               -            477 Pkinase              PF00069.31   263   1.5e-68  229.6   0.1   1   1   6.1e-69     2e-68  229.2   0.1     1   263   204   458   204   458 0.93 -
A9RVK2               -            764 Pkinase              PF00069.31   263   1.9e-68  229.2   0.0   1   1   7.7e-69   2.5e-68  228.8   0.0     5   263   435   684   431   684 0.93 -
Q869N2               -            852 Pkinase              PF00069.31   263     2e-68  229.1   0.0   1   1   6.2e-69     2e-68  229.1   0.0     5   263   574   823   571   823 0.94 -
Q13233               -           1512 Pkinase              PF00069.31   263     2e-68  229.1   0.0   1   1   9.4e-69   3.1e-68  228.6   0.0     3   263  1245  1508  1243  1508 0.95 -
Q6ZAG3               -            324 Pkinase              PF00069.31   263   2.1e-68  229.1   0.0   1   1   7.3e-69   2.4e-68  228.9   0.0     2   263    28   320    27   320 0.94 -
Q8R4V0               -            496 Pkinase              PF00069.31   263   2.2e-68  229.1   0.0   1   1   8.4e-69   2.8e-68  228.7   0.0     3   263   164   419   162   419 0.92 -
Q6CRA9               -            645 Pkinase              PF00069.31   263   2.3e-68  229.0   0.0   1   1   1.1e-68   3.8e-68  228.3   0.0     1   263    55   379    55   379 0.94 -
Q10407               -           1116 Pkinase              PF00069.31   263   2.8e-68  228.7   0.0   1   1   1.6e-68   5.2e-68  227.8   0.0     2   263   826  1094   825  1094 0.90 -
F4JY37               -           1366 Pkinase              PF00069.31   263   3.5e-68  228.4   0.0   1   1   1.8e-68     6e-68  227.6   0.0     1   262     4   252     4   253 0.93 -
Q8BTW9               -            593 Pkinase              PF00069.31   263   3.6e-68  228.3   0.0   1   1   1.3e-68   4.4e-68  228.1   0.0     6   263   328   574   323   574 0.95 -
Q16975               -            743 Pkinase              PF00069.31   263   3.7e-68  228.3   0.0   1   1   1.8e-68   5.9e-68  227.6   0.0     2   254   404   649   403   663 0.93 -
O14305               -            471 Pkinase              PF00069.31   263   4.4e-68  228.0   0.0   1   1   2.6e-68   8.5e-68  227.1   0.0     1   263     9   260     9   260 0.95 -
Q10364               -            646 Pkinase              PF00069.31   263   4.4e-68  228.0   0.0   1   1   1.8e-68   5.9e-68  227.6   0.0     4   263   269   527   266   527 0.94 -
Q01389               -           1478 Pkinase              PF00069.31   263   4.4e-68  228.0   0.0   1   1   2.3e-68   7.5e-68  227.3   0.0     2   262  1176  1439  1175  1440 0.93 -
Q4FZD7               -            595 Pkinase              PF00069.31   263   5.5e-68  227.7   0.0   1   1   2.1e-68   6.8e-68  227.4   0.0     1   263    27   279    27   279 0.95 -
P10506               -            340 Pkinase              PF00069.31   263   5.5e-68  227.7   0.0   1   1   6.5e-68   2.2e-67  225.8   0.0     2   263    67   320    66   320 0.93 -
O14757               -            476 Pkinase              PF00069.31   263   5.7e-68  227.7   0.0   1   1   2.2e-68   7.3e-68  227.3   0.0     3   262    11   264     9   265 0.95 -
O59697               -            423 Pkinase              PF00069.31   263   5.8e-68  227.7   0.0   1   1   2.3e-68   7.5e-68  227.3   0.0     3   263    55   305    53   305 0.94 -
P31374               -           1356 Pkinase              PF00069.31   263   6.1e-68  227.6   0.3   1   1   4.8e-68   1.6e-67  226.2   0.0     2   263  1097  1354  1096  1354 0.94 -
Q55GS4               -            366 Pkinase              PF00069.31   263   6.3e-68  227.5   0.2   1   1   3.4e-68   1.1e-67  226.7   0.0     1   263     7   293     7   293 0.93 -
Q0J4I1               -            326 Pkinase              PF00069.31   263   6.7e-68  227.4   0.0   1   1   2.3e-68   7.7e-68  227.3   0.0     1   263    28   318    28   318 0.91 -
Q9C5H5               -            716 Pkinase              PF00069.31   263   7.4e-68  227.3   0.0   1   1     3e-68   9.8e-68  226.9   0.0     2   263   347   607   346   607 0.93 -
A1Z9X0               -            606 Pkinase              PF00069.31   263   7.6e-68  227.3   0.0   1   1   3.2e-68   1.1e-67  226.8   0.0     1   263   264   532   264   532 0.94 -
Q54JG7               -            485 Pkinase              PF00069.31   263   7.9e-68  227.2   0.0   1   1   3.3e-68   1.1e-67  226.7   0.0     2   263    22   278    21   278 0.92 -
Q4V862               -            376 Pkinase              PF00069.31   263   8.4e-68  227.1   0.0   1   1     3e-68   9.9e-68  226.9   0.0     1   263    19   319    19   319 0.90 -
F4I114               -            714 Pkinase              PF00069.31   263   8.4e-68  227.1   0.0   1   1   3.9e-68   1.3e-67  226.5   0.0     1   263   163   447   163   447 0.90 -
Q9R0A5               -            511 Pkinase              PF00069.31   263   8.5e-68  227.1   0.0   1   1   3.7e-68   1.2e-67  226.6   0.0     1   258     4   250     4   253 0.92 -
Q24324               -            396 Pkinase              PF00069.31   263   9.4e-68  227.0   0.0   1   1   3.7e-68   1.2e-67  226.6   0.0     2   263    88   364    87   364 0.90 -
G5EGQ3               -            646 Pkinase              PF00069.31   263   9.5e-68  227.0   0.0   1   1   4.1e-68   1.3e-67  226.5   0.0     1   263   376   627   376   627 0.93 -
Q54L81               -            462 Pkinase              PF00069.31   263   9.8e-68  226.9   0.2   1   1   1.1e-67   3.5e-67  225.1   0.2     2   263    65   358    64   358 0.93 -
O80397               -            366 Pkinase              PF00069.31   263   1.1e-67  226.8   0.0   1   1   3.8e-68   1.3e-67  226.5   0.0     4   263    82   334    79   334 0.92 -
Q96PN8               -            268 Pkinase              PF00069.31   263   1.3e-67  226.5   0.0   1   1   4.5e-68   1.5e-67  226.3   0.0     1   263    10   265    10   265 0.93 -
Q95YH0               -            380 Pkinase              PF00069.31   263   1.4e-67  226.4   0.0   1   1     5e-68   1.6e-67  226.2   0.0     1   263    44   348    44   348 0.89 -
Q965G5               -            366 Pkinase              PF00069.31   263   1.5e-67  226.3   0.0   1   1   6.2e-68   2.1e-67  225.9   0.0     5   263    17   276    13   276 0.90 -
Q09537               -            642 Pkinase              PF00069.31   263   1.5e-67  226.3   0.0   1   1   7.4e-68   2.4e-67  225.6   0.0     3   263   205   470   203   470 0.90 -
P31152               -            587 Pkinase              PF00069.31   263   1.8e-67  226.1   0.0   1   1   7.1e-68   2.3e-67  225.7   0.0     4   263    23   312    20   312 0.90 -
P52333               -           1124 Pkinase              PF00069.31   263   1.8e-67  226.0   0.0   1   2   3.1e-19     1e-18   66.2   0.0     4   258   524   774   521   777 0.80 -
P52333               -           1124 Pkinase              PF00069.31   263   1.8e-67  226.0   0.0   2   2   3.8e-47   1.2e-46  157.7   0.0     4   256   825  1090   822  1094 0.86 -
Q8S9D1               -            831 Pkinase              PF00069.31   263   1.8e-67  226.0   0.0   1   1   9.1e-68     3e-67  225.3   0.0     1   263    13   268    13   268 0.93 -
Q00534               -            326 Pkinase              PF00069.31   263   2.1e-67  225.8   0.0   1   1   7.4e-68   2.4e-67  225.6   0.0     1   263    13   300    13   300 0.93 -
Q9SLI2               -            612 Pkinase              PF00069.31   263   2.1e-67  225.8   0.0   1   1   8.9e-68   2.9e-67  225.3   0.0     1   262     4   257     4   258 0.92 -
Q5A1D3               -            421 Pkinase              PF00069.31   263   2.1e-67  225.8   0.0   1   1   6.5e-68   2.1e-67  225.8   0.0     1   263    70   375    70   375 0.90 -
O62618               -            366 Pkinase              PF00069.31   263   2.2e-67  225.7   0.0   1   1   8.3e-68   2.7e-67  225.4   0.0     1   263    25   312    25   312 0.89 -
O61661               -            512 Pkinase              PF00069.31   263   2.4e-67  225.6   0.0   1   1     1e-67   3.3e-67  225.2   0.0     2   262    23   278    22   279 0.93 -
Q1ZXH2               -           1142 Pkinase              PF00069.31   263   4.1e-67  224.9   0.0   1   1   1.2e-67   4.1e-67  224.9   0.0     3   263   627   885   625   885 0.94 -
G4NEB8               -            415 Pkinase              PF00069.31   263   4.3e-67  224.8   0.0   1   1   1.7e-67   5.5e-67  224.5   0.0     2   260    62   322    61   325 0.93 -
O94487               -            624 Pkinase              PF00069.31   263   4.4e-67  224.8   1.9   1   2   1.5e-44   5.1e-44  149.2   0.4     3   155   164   317   162   327 0.96 -
O94487               -            624 Pkinase              PF00069.31   263   4.4e-67  224.8   1.9   2   2   7.3e-22   2.4e-21   74.8   0.0   149   263   349   465   344   465 0.80 -
Q9NGW9               -            714 Pkinase              PF00069.31   263   4.4e-67  224.8   0.1   1   1   1.3e-67   4.4e-67  224.8   0.1     1   263   438   687   438   687 0.92 -
Q94CU5               -            943 Pkinase              PF00069.31   263     5e-67  224.6   0.0   1   1   2.7e-67   8.8e-67  223.8   0.0     1   263     8   262     8   262 0.92 -
Q9HFW2               -            793 Pkinase              PF00069.31   263   5.2e-67  224.5   2.5   1   1   3.1e-67     1e-66  223.6   0.2    19   263   534   776   526   776 0.92 -
Q1ZXI5               -           1350 Pkinase              PF00069.31   263   5.4e-67  224.5   0.0   1   2   3.5e-45   1.1e-44  151.3   0.0     2   154   757   911   756   927 0.95 -
Q1ZXI5               -           1350 Pkinase              PF00069.31   263   5.4e-67  224.5   0.0   2   2   1.9e-20   6.1e-20   70.2   0.0   139   262   962  1081   954  1082 0.85 -
P23561               -            717 Pkinase              PF00069.31   263   5.5e-67  224.5   0.9   1   2   1.4e-05   4.5e-05   21.5   0.0     5    37   419   451   415   466 0.89 -
P23561               -            717 Pkinase              PF00069.31   263   5.5e-67  224.5   0.9   2   2   2.3e-60   7.4e-60  201.1   0.0    37   263   493   712   473   712 0.92 -
Q6FIU2               -            447 Pkinase              PF00069.31   263   5.5e-67  224.5   0.0   1   1     3e-67   9.9e-67  223.6   0.0     1   263    23   302    23   302 0.89 -
Q552Z2               -           1321 Pkinase              PF00069.31   263   5.5e-67  224.4  14.6   1   2   2.2e-23   7.1e-23   79.9   2.9    46   259   388   587   362   590 0.78 -
Q552Z2               -           1321 Pkinase              PF00069.31   263   5.5e-67  224.4  14.6   2   2   1.8e-44   5.8e-44  149.0   4.1     2   257   861  1109   860  1112 0.84 -
Q55BN8               -            418 Pkinase              PF00069.31   263   6.5e-67  224.2   0.1   1   1     2e-67   6.5e-67  224.2   0.1     1   262     4   263     4   264 0.93 -
Q8RXT4               -            555 Pkinase              PF00069.31   263   6.6e-67  224.2   0.0   1   1     3e-67   9.7e-67  223.6   0.0     1   262     4   257     4   258 0.92 -
P83099               -            671 Pkinase              PF00069.31   263   6.7e-67  224.2   0.0   1   1   2.8e-67   9.2e-67  223.7   0.0     2   254   344   587   343   601 0.92 -
Q54VU4               -           1505 Pkinase              PF00069.31   263   6.8e-67  224.1   0.0   1   1   2.1e-67   6.8e-67  224.1   0.0     1   263   542   805   542   805 0.92 -
Q8SQW2               -            329 Pkinase              PF00069.31   263     7e-67  224.1   0.0   1   1   2.5e-67   8.1e-67  223.9   0.0     1   263    22   297    22   297 0.91 -
Q23023               -            856 Pkinase              PF00069.31   263   7.5e-67  224.0   0.0   1   1   3.3e-67   1.1e-66  223.5   0.0     1   263     9   275     9   275 0.91 -
Q5A3P6               -            947 Pkinase              PF00069.31   263     8e-67  223.9   0.1   1   1   4.6e-67   1.5e-66  223.0   0.1     2   263   241   502   240   502 0.94 -
Q99078               -            435 Pkinase              PF00069.31   263   9.5e-67  223.7   0.0   1   1   4.2e-67   1.4e-66  223.1   0.0     3   263   111   417   109   417 0.90 -
P51957               -            841 Pkinase              PF00069.31   263   9.5e-67  223.7   0.0   1   1   4.5e-67   1.5e-66  223.0   0.0     4   263     9   261     6   261 0.94 -
Q9U1Y5               -            476 Pkinase              PF00069.31   263     1e-66  223.6   0.0   1   1   4.1e-67   1.4e-66  223.2   0.0     4   263   173   436   170   436 0.90 -
A9S5R3               -            346 Pkinase              PF00069.31   263     1e-66  223.6   0.0   1   1   3.6e-67   1.2e-66  223.3   0.0     3   263    72   332    70   332 0.92 -
Q9LE81               -           1168 Pkinase              PF00069.31   263   1.1e-66  223.5   0.0   1   1   4.4e-66   1.5e-65  219.8   0.0     2   263   755  1043   754  1043 0.93 -
O35495               -            469 Pkinase              PF00069.31   263   1.1e-66  223.4   0.0   1   1   4.6e-67   1.5e-66  223.0   0.0     1   263   135   419   135   419 0.93 -
O08874               -            985 Pkinase              PF00069.31   263   1.3e-66  223.2   0.0   1   1   7.1e-67   2.3e-66  222.4   0.0     6   263   663   917   658   917 0.94 -
Q10292               -            445 Pkinase              PF00069.31   263   1.4e-66  223.1   0.0   1   1     6e-67     2e-66  222.6   0.0     4   263   163   421   161   421 0.94 -
A8WUG4               -            597 Pkinase              PF00069.31   263   1.4e-66  223.1   0.0   1   1   5.4e-67   1.8e-66  222.8   0.0     3   255   255   506   253   522 0.92 -
Q96WV9               -            591 Pkinase              PF00069.31   263   1.6e-66  223.0   0.0   1   1   6.9e-67   2.3e-66  222.4   0.0     1   263    36   339    36   339 0.95 -
Q9Z1J2               -            792 Pkinase              PF00069.31   263   1.6e-66  222.9   0.0   1   1   8.5e-67   2.8e-66  222.1   0.0     4   263     9   261     6   261 0.94 -
Q9W354               -            916 Pkinase              PF00069.31   263   1.7e-66  222.9   1.0   1   1   7.2e-67   2.4e-66  222.4   0.0     2   263    26   319    25   319 0.90 -
A2BD05               -            313 Pkinase              PF00069.31   263     2e-66  222.6   0.0   1   1   7.2e-67   2.4e-66  222.4   0.0     1   254    45   296    45   307 0.92 -
F4J6F6               -           1296 Pkinase              PF00069.31   263     2e-66  222.6   0.0   1   1   4.7e-66   1.5e-65  219.7   0.0     2   263   883  1171   882  1171 0.93 -
A2AQW0               -           1331 Pkinase              PF00069.31   263   2.1e-66  222.5   0.0   1   1   1.1e-66   3.7e-66  221.7   0.0     6   262   661   911   658   912 0.92 -
Q0WPH8               -            956 Pkinase              PF00069.31   263   2.7e-66  222.2   0.0   1   1   1.2e-66   3.8e-66  221.7   0.0     1   263     8   262     8   262 0.92 -
D3ZGQ5               -            698 Pkinase              PF00069.31   263   2.7e-66  222.2   0.0   1   1     1e-66   3.4e-66  221.8   0.0     1   261     4   256     4   258 0.93 -
Q9UKE5               -           1360 Pkinase              PF00069.31   263   2.8e-66  222.2   0.4   1   1     2e-66   6.5e-66  220.9   0.0     2   263    26   289    25   289 0.91 -
O01775               -            357 Pkinase              PF00069.31   263   3.1e-66  222.0   0.2   1   1   1.2e-66   3.9e-66  221.7   0.2     1   262     4   266     4   267 0.92 -
P39745               -            444 Pkinase              PF00069.31   263   3.4e-66  221.9   0.0   1   1   1.3e-66   4.3e-66  221.5   0.0     1   263    96   384    96   384 0.88 -
Q55FS2               -           1105 Pkinase              PF00069.31   263   3.4e-66  221.9   0.0   1   1     1e-66   3.4e-66  221.9   0.0     3   263    25   274    23   274 0.94 -
Q96Q40               -            435 Pkinase              PF00069.31   263   3.5e-66  221.8   0.0   1   1   1.3e-66   4.3e-66  221.5   0.0     3   263   105   387   103   387 0.94 -
F4HPN2               -           1042 Pkinase              PF00069.31   263   3.9e-66  221.7   0.0   1   1   3.7e-65   1.2e-64  216.8   0.0     2   263   671   955   670   955 0.93 -
P14681               -            368 Pkinase              PF00069.31   263   4.2e-66  221.6   0.0   1   1   1.5e-66   5.1e-66  221.3   0.0     1   263    13   313    13   313 0.88 -
Q7SY52               -            974 Pkinase              PF00069.31   263   4.4e-66  221.5   2.0   1   1   2.7e-66     9e-66  220.5   0.0     2   263    38   295    37   295 0.92 -
Q6L5D4               -            700 Pkinase              PF00069.31   263   4.5e-66  221.5   0.0   1   1     2e-66   6.6e-66  220.9   0.0     1   263   107   398   107   398 0.88 -
P23298               -            683 Pkinase              PF00069.31   263   4.5e-66  221.5   0.0   1   1   1.9e-66   6.2e-66  221.0   0.0     2   263   356   614   355   614 0.95 -
Q63651               -            564 Pkinase              PF00069.31   263   4.6e-66  221.4   0.0   1   1   1.9e-66   6.2e-66  221.0   0.0     5   256   194   443   190   449 0.93 -
Q55GU0               -            916 Pkinase              PF00069.31   263   4.7e-66  221.4   0.0   1   1   1.4e-66   4.7e-66  221.4   0.0     3   259   664   910   662   912 0.94 -
Q2QMI0               -            454 Pkinase              PF00069.31   263     5e-66  221.3   0.0   1   1   1.8e-66   5.9e-66  221.1   0.0     1   263    25   284    25   284 0.92 -
Q80Y86               -            549 Pkinase              PF00069.31   263   5.3e-66  221.2   0.0   1   1     2e-66   6.7e-66  220.9   0.0     2   263    15   305    14   305 0.89 -
Q23357               -            668 Pkinase              PF00069.31   263     6e-66  221.1   0.1   1   1   2.8e-66   9.1e-66  220.5   0.1     2   263   305   600   304   600 0.89 -
P48562               -            842 Pkinase              PF00069.31   263     7e-66  220.8   0.1   1   1   2.5e-65   8.2e-65  217.3   0.0    23   263   587   825   581   825 0.92 -
P34947               -            590 Pkinase              PF00069.31   263   7.2e-66  220.8   0.0   1   1   3.2e-66     1e-65  220.3   0.0     2   263   187   448   186   448 0.91 -
Q8C078               -            588 Pkinase              PF00069.31   263     8e-66  220.6   0.0   1   1   1.1e-65   3.6e-65  218.5   0.0     1   263   165   446   165   446 0.92 -
P16911               -            354 Pkinase              PF00069.31   263   8.3e-66  220.6   0.0   1   1   3.2e-66     1e-65  220.3   0.0     4   263    48   301    45   301 0.94 -
Q11179               -            470 Pkinase              PF00069.31   263   9.6e-66  220.4   0.0   1   1     4e-66   1.3e-65  219.9   0.0     2   263    14   306    13   306 0.90 -
Q552E9               -           1367 Pkinase              PF00069.31   263     1e-65  220.3   0.0   1   2   1.7e-45   5.4e-45  152.4   0.2     2   176   811   984   810  1044 0.91 -
Q552E9               -           1367 Pkinase              PF00069.31   263     1e-65  220.3   0.0   2   2   5.4e-22   1.8e-21   75.3   0.0   155   263  1137  1236  1118  1236 0.92 -
P27638               -            372 Pkinase              PF00069.31   263     1e-65  220.3   0.0   1   1   3.8e-66   1.2e-65  220.0   0.0     1   263    39   327    39   327 0.87 -
Q9BXA7               -            367 Pkinase              PF00069.31   263   1.1e-65  220.2   0.1   1   1   3.8e-66   1.3e-65  220.0   0.1     6   263    17   272    12   272 0.93 -
Q12701               -            592 Pkinase              PF00069.31   263   1.2e-65  220.0   0.0   1   1   4.9e-66   1.6e-65  219.6   0.0     2   263   100   366    99   366 0.94 -
Q60DG4               -            943 Pkinase              PF00069.31   263   1.3e-65  220.0   0.2   1   1   6.9e-66   2.3e-65  219.2   0.0     1   263     8   262     8   262 0.92 -
Q16659               -            721 Pkinase              PF00069.31   263   1.4e-65  219.9   0.0   1   1   6.8e-66   2.2e-65  219.2   0.0     1   263    20   316    20   316 0.91 -
O35099               -           1380 Pkinase              PF00069.31   263   1.4e-65  219.8   0.0   1   1   9.4e-66   3.1e-65  218.7   0.0     6   262   692   944   689   945 0.90 -
Q6GPK9               -           1025 Pkinase              PF00069.31   263   1.5e-65  219.8   0.0   1   1   1.6e-65   5.2e-65  218.0   0.0     3   263    30   281    28   281 0.93 -
Q869T7               -           1176 Pkinase              PF00069.31   263   1.7e-65  219.5   0.2   1   1   1.9e-65   6.3e-65  217.7   0.0     3   263   396   646   394   646 0.92 -
P80192               -           1104 Pkinase              PF00069.31   263   1.8e-65  219.5   0.0   1   1     1e-65   3.4e-65  218.6   0.0     3   259   146   401   144   404 0.93 -
P13677               -            700 Pkinase              PF00069.31   263     2e-65  219.3   0.0   1   1   8.9e-66   2.9e-65  218.8   0.0     2   263   372   629   371   629 0.93 -
O60145               -            398 Pkinase              PF00069.31   263   2.1e-65  219.3   0.0   1   1   8.3e-66   2.7e-65  218.9   0.0     1   263    74   359    74   359 0.92 -
Q13163               -            448 Pkinase              PF00069.31   263   2.1e-65  219.3   0.0   1   1     8e-66   2.6e-65  218.9   0.0     5   263   170   419   166   419 0.94 -
Q08942               -            431 Pkinase              PF00069.31   263   2.1e-65  219.2   0.0   1   1   1.8e-65     6e-65  217.8   0.0     3   263    22   279    20   279 0.95 -
Q9ZVM9               -            572 Pkinase              PF00069.31   263   2.2e-65  219.2   0.0   1   1     9e-66     3e-65  218.8   0.0     1   263   118   402   118   402 0.90 -
Q54RB2               -            358 Pkinase              PF00069.31   263   2.4e-65  219.1   0.0   1   1     1e-65   3.4e-65  218.6   0.0     3   263    54   336    52   336 0.92 -
Q8IVH8               -            894 Pkinase              PF00069.31   263   2.8e-65  218.9   0.0   1   1   1.2e-65   3.8e-65  218.4   0.0     1   263    16   273    16   273 0.91 -
P34885               -            707 Pkinase              PF00069.31   263   2.9e-65  218.8   0.0   1   1   1.3e-65   4.2e-65  218.3   0.0     2   254   379   622   378   638 0.93 -
Q54TN4               -            715 Pkinase              PF00069.31   263     3e-65  218.8   0.8   1   1     9e-66     3e-65  218.8   0.8     9   263   435   683   432   683 0.88 -
Q9U9Y8               -            634 Pkinase              PF00069.31   263   3.3e-65  218.6   0.0   1   1   1.7e-65   5.5e-65  217.9   0.0     4   263   243   531   240   531 0.90 -
Q86I06               -           1123 Pkinase              PF00069.31   263   3.5e-65  218.5   0.8   1   1   2.8e-65   9.1e-65  217.2   0.0     1   263     4   264     4   264 0.93 -
Q6BS08               -            875 Pkinase              PF00069.31   263   3.7e-65  218.4   0.0   1   1   2.6e-65   8.5e-65  217.3   0.0     1   262    22   317    22   318 0.90 -
P05130               -            679 Pkinase              PF00069.31   263   3.8e-65  218.4   0.0   1   1   1.8e-65   5.8e-65  217.8   0.0     2   254   351   594   350   608 0.93 -
P87050               -            775 Pkinase              PF00069.31   263   3.8e-65  218.4   0.0   1   1   1.7e-65   5.6e-65  217.9   0.0     5   263    14   262    10   262 0.92 -
Q9WVS4               -            420 Pkinase              PF00069.31   263   3.9e-65  218.4   0.0   1   1   1.8e-65     6e-65  217.8   0.0     1   263     4   285     4   285 0.89 -
Q4WTN5               -            580 Pkinase              PF00069.31   263     4e-65  218.4   0.0   1   1   1.6e-65   5.2e-65  218.0   0.0     2   263    26   326    25   326 0.95 -
P43057               -           1097 Pkinase              PF00069.31   263   4.6e-65  218.2   1.7   1   1   2.6e-65   8.7e-65  217.3   0.0     2   263   771  1029   770  1029 0.94 -
Q03407               -            766 Pkinase              PF00069.31   263   4.6e-65  218.2   0.1   1   1   1.2e-64   3.9e-64  215.1   0.0     2   263   126   391   125   391 0.94 -
Q9FJV0               -            356 Pkinase              PF00069.31   263   4.7e-65  218.1   0.0   1   1   1.7e-65   5.6e-65  217.9   0.0     2   263    71   331    70   331 0.92 -
G4NDR3               -           1528 Pkinase              PF00069.31   263   4.9e-65  218.1   0.0   1   1   2.2e-65   7.1e-65  217.5   0.0     4   260  1241  1503  1238  1507 0.89 -
P51136               -            467 Pkinase              PF00069.31   263   5.2e-65  218.0   0.0   1   1   2.1e-65   6.8e-65  217.6   0.0     2   263    57   339    56   339 0.88 -
A8WVU9               -           1194 Pkinase              PF00069.31   263   5.5e-65  217.9   0.0   1   1   1.7e-65   5.5e-65  217.9   0.0     2   263    69   330    68   330 0.93 -
Q2TBL8               -            361 Pkinase              PF00069.31   263   5.8e-65  217.8   0.0   1   1     2e-65   6.7e-65  217.6   0.0     1   263    37   321    37   321 0.93 -
Q8SRF5               -            265 Pkinase              PF00069.31   263     6e-65  217.8   0.0   1   1   2.2e-65   7.3e-65  217.5   0.0     3   259     6   256     4   260 0.93 -
Q13164               -            816 Pkinase              PF00069.31   263     7e-65  217.5   0.0   1   1   2.7e-65     9e-65  217.2   0.0     1   263    55   347    55   347 0.91 -
Q8MMZ7               -            994 Pkinase              PF00069.31   263   7.3e-65  217.5   0.0   1   1   3.8e-65   1.2e-64  216.7   0.0     2   262   685   940   684   941 0.90 -
P83100               -            356 Pkinase              PF00069.31   263   7.3e-65  217.5   0.0   1   1   2.6e-65   8.6e-65  217.3   0.0     1   263    20   305    20   305 0.90 -
Q8I7M8               -            667 Pkinase              PF00069.31   263   7.8e-65  217.4   0.0   1   1   4.7e-65   1.5e-64  216.4   0.0     1   263   328   609   328   609 0.89 -
Q54MY9               -            860 Pkinase              PF00069.31   263   7.9e-65  217.4   0.2   1   1   2.4e-65   7.9e-65  217.4   0.2     1   263   585   836   585   836 0.92 -
Q17446               -            377 Pkinase              PF00069.31   263   8.3e-65  217.3   0.0   1   1   3.3e-65   1.1e-64  216.9   0.0     3   263    37   319    35   319 0.88 -
Q6SA08               -            328 Pkinase              PF00069.31   263   8.4e-65  217.3   0.0   1   1   3.1e-65     1e-64  217.0   0.0     1   263    25   293    25   293 0.94 -
A0A194W8T8           -           1849 Pkinase              PF00069.31   263   8.4e-65  217.3   0.0   1   1   3.5e-65   1.1e-64  216.9   0.0     4   260  1559  1821  1556  1825 0.87 -
Q9HG11               -            415 Pkinase              PF00069.31   263   9.3e-65  217.1   0.0   1   1   3.8e-65   1.2e-64  216.7   0.0     1   263    20   299    20   299 0.91 -
Q9M0T3               -            560 Pkinase              PF00069.31   263   9.5e-65  217.1   0.0   1   1   6.1e-65     2e-64  216.0   0.0     3   263   305   557   303   557 0.92 -
P32866               -            714 Pkinase              PF00069.31   263   1.1e-64  217.0   0.0   1   1   4.6e-65   1.5e-64  216.5   0.0     3   262   311   573   309   574 0.89 -
P21127               -            795 Pkinase              PF00069.31   263   1.1e-64  216.9   0.0   1   1   3.3e-65   1.1e-64  216.9   0.0     4   263   441   723   438   723 0.89 -
Q09898               -            607 Pkinase              PF00069.31   263   1.1e-64  216.9   0.0   1   1   6.2e-64     2e-63  212.8   0.0     2   263   209   508   208   508 0.95 -
E2RTQ7               -            311 Pkinase              PF00069.31   263   1.2e-64  216.8   0.0   1   1   5.8e-65   1.9e-64  216.1   0.0     1   263    20   300    20   300 0.91 -
Q02111               -            707 Pkinase              PF00069.31   263   1.3e-64  216.7   0.0   1   1   6.3e-65   2.1e-64  216.0   0.0     3   263   382   634   380   634 0.92 -
A8BPK8               -            678 Pkinase              PF00069.31   263   1.4e-64  216.6   0.0   1   2   4.9e-46   1.6e-45  154.1   0.0     2   172    23   195    22   204 0.95 -
A8BPK8               -            678 Pkinase              PF00069.31   263   1.4e-64  216.6   0.0   2   2   1.9e-17   6.2e-17   60.4   0.0   170   263   226   309   220   309 0.94 -
Q12236               -           1081 Pkinase              PF00069.31   263   1.4e-64  216.6   0.0   1   1     8e-65   2.6e-64  215.7   0.0     2   263   180   443   179   443 0.94 -
F4I1N8               -            408 Pkinase              PF00069.31   263   1.4e-64  216.6   0.0   1   1   5.9e-65   1.9e-64  216.1   0.0    11   254    17   256     7   259 0.91 -
Q9LM33               -            589 Pkinase              PF00069.31   263   1.5e-64  216.5   0.0   1   1   6.7e-65   2.2e-64  215.9   0.0     1   263   104   395   104   395 0.88 -
Q4KM34               -            346 Pkinase              PF00069.31   263   1.6e-64  216.4   0.0   1   1   5.6e-65   1.8e-64  216.2   0.0     3   263     6   288     4   288 0.90 -
P51955               -            445 Pkinase              PF00069.31   263   1.6e-64  216.4   1.1   1   1   1.6e-64   5.2e-64  214.7   0.0     1   262     8   270     8   271 0.93 -
Q55CL6               -            660 Pkinase              PF00069.31   263   1.6e-64  216.4   0.0   1   1   1.8e-64   5.9e-64  214.5   0.0     3   263   294   641   292   641 0.90 -
Q336M2               -            475 Pkinase              PF00069.31   263   1.6e-64  216.3   0.0   1   1   1.1e-64   3.6e-64  215.2   0.0     1   263    19   337    19   337 0.89 -
Q10GB1               -            599 Pkinase              PF00069.31   263   1.7e-64  216.3   0.0   1   1   7.3e-65   2.4e-64  215.8   0.0     1   262     4   257     4   258 0.93 -
Q1EBK0               -            467 Pkinase              PF00069.31   263   1.8e-64  216.2   0.0   1   1   6.7e-65   2.2e-64  215.9   0.0     6   263    84   408    79   408 0.92 -
Q0KHQ5               -           1039 Pkinase              PF00069.31   263   1.9e-64  216.1   1.4   1   1   1.4e-64   4.5e-64  214.9   0.0     1   263    27   280    27   280 0.92 -
Q54WW7               -            695 Pkinase              PF00069.31   263     2e-64  216.1   0.1   1   1     6e-65     2e-64  216.1   0.1     1   262   201   461   201   462 0.94 -
Q8C0N0               -            497 Pkinase              PF00069.31   263     2e-64  216.1   0.0   1   1   7.9e-65   2.6e-64  215.7   0.0     2   263    29   275    28   275 0.93 -
Q9URT9               -            381 Pkinase              PF00069.31   263     2e-64  216.0   0.0   1   1   7.7e-65   2.5e-64  215.7   0.0     1   263    25   309    25   309 0.87 -
Q8QZV4               -            488 Pkinase              PF00069.31   263   2.1e-64  216.0   0.0   1   1   9.9e-65   3.3e-64  215.4   0.0     2   258    95   348    94   353 0.93 -
Q3UHL1               -            512 Pkinase              PF00069.31   263   2.3e-64  215.9   0.1   1   1   8.4e-65   2.8e-64  215.6   0.1    11   263    34   286    24   286 0.93 -
P0CP66               -            366 Pkinase              PF00069.31   263   2.7e-64  215.7   0.0   1   1   9.6e-65   3.2e-64  215.4   0.0     1   263    16   309    16   309 0.89 -
Q9Z1W9               -            556 Pkinase              PF00069.31   263   2.8e-64  215.6   0.0   1   1   1.1e-64   3.6e-64  215.2   0.0     1   263    75   349    75   349 0.94 -
Q9Y884               -            363 Pkinase              PF00069.31   263   2.8e-64  215.6   0.0   1   1   1.2e-64   4.1e-64  215.0   0.0     5   263    83   343    80   343 0.91 -
Q9GRU1               -            363 Pkinase              PF00069.31   263   3.3e-64  215.4   0.0   1   1   1.2e-64   3.9e-64  215.1   0.0     1   263    30   318    30   318 0.90 -
Q8MMZ8               -           1003 Pkinase              PF00069.31   263   3.3e-64  215.3   0.0   1   1     1e-64   3.3e-64  215.3   0.0     2   262   694   949   693   950 0.90 -
A0A509ALV6           -           1482 Pkinase              PF00069.31   263   3.4e-64  215.3   2.3   1   1     1e-64   3.4e-64  215.3   2.3     3   263  1045  1295  1043  1295 0.91 -
Q8RX66               -            568 Pkinase              PF00069.31   263   3.4e-64  215.3   0.0   1   1   1.3e-64   4.4e-64  214.9   0.0     1   262     4   257     4   258 0.93 -
Q09437               -            719 Pkinase              PF00069.31   263   3.8e-64  215.2   0.0   1   1   1.9e-64   6.2e-64  214.4   0.0     2   263   357   647   356   647 0.90 -
P18431               -            514 Pkinase              PF00069.31   263   4.1e-64  215.0   0.0   1   1   1.5e-64     5e-64  214.8   0.0     1   263    54   338    54   338 0.87 -
Q54Y26               -            530 Pkinase              PF00069.31   263   4.3e-64  215.0   0.1   1   1     1e-62   3.3e-62  208.8   0.1     1   263   112   406   112   406 0.95 -
Q95QC4               -            802 Pkinase              PF00069.31   263   4.7e-64  214.8   0.0   1   1   2.4e-64   7.7e-64  214.1   0.0     2   263   483   743   482   743 0.93 -
P34722               -            704 Pkinase              PF00069.31   263   4.8e-64  214.8   0.0   1   1   2.6e-64   8.4e-64  214.0   0.0     2   257   376   623   375   628 0.94 -
Q9YHZ5               -            310 Pkinase              PF00069.31   263   4.9e-64  214.8   0.0   1   1   1.9e-64   6.1e-64  214.5   0.0     1   263    30   290    30   290 0.92 -
Q6ZQ29               -           1240 Pkinase              PF00069.31   263   4.9e-64  214.8   0.0   1   1   2.4e-64   7.9e-64  214.1   0.0     2   263    29   281    28   281 0.92 -
A7E3S4               -            648 Pkinase              PF00069.31   263   5.7e-64  214.6   0.0   1   1   2.3e-64   7.4e-64  214.2   0.0     4   260   352   605   349   608 0.94 -
I1RNG8               -            944 Pkinase              PF00069.31   263     6e-64  214.5   0.0   1   1   3.7e-64   1.2e-63  213.5   0.0     2   262    25   326    24   327 0.90 -
Q54QD5               -            485 Pkinase              PF00069.31   263   6.1e-64  214.5   0.3   1   1   3.7e-64   1.2e-63  213.5   0.3     3   263    14   283    12   283 0.89 -
Q54JQ1               -            891 Pkinase              PF00069.31   263   7.1e-64  214.3   0.0   1   1   5.2e-64   1.7e-63  213.0   0.0     1   263   616   864   616   864 0.93 -
P38070               -            525 Pkinase              PF00069.31   263   7.2e-64  214.2   0.0   1   1   7.9e-63   2.6e-62  209.1   0.0     3   256   130   411   128   416 0.92 -
Q01919               -            800 Pkinase              PF00069.31   263   7.5e-64  214.2   0.0   1   1   3.2e-64   1.1e-63  213.7   0.0     2   263    47   313    46   313 0.91 -
Q9Y7W4               -            745 Pkinase              PF00069.31   263   8.1e-64  214.1   0.0   1   1   4.3e-64   1.4e-63  213.3   0.0     1   263    44   349    44   349 0.93 -
P36583               -           1016 Pkinase              PF00069.31   263   8.4e-64  214.0   0.0   1   1   5.8e-64   1.9e-63  212.9   0.0     2   263   684   942   683   942 0.93 -
O54992               -            473 Pkinase              PF00069.31   263   8.9e-64  213.9   0.0   1   1   6.8e-64   2.2e-63  212.6   0.0     4   263    25   304    22   304 0.91 -
P70268               -            946 Pkinase              PF00069.31   263   9.1e-64  213.9   0.0   1   1   3.5e-63   1.1e-62  210.3   0.0     3   263   621   878   619   878 0.93 -
Q5A649               -            834 Pkinase              PF00069.31   263   9.3e-64  213.9   0.0   1   1   6.3e-64   2.1e-63  212.7   0.0     1   261    58   352    58   354 0.90 -
Q8GVC7               -            399 Pkinase              PF00069.31   263   1.1e-63  213.7   0.0   1   1   3.9e-64   1.3e-63  213.4   0.0     3   263    94   371    92   371 0.90 -
O74426               -            338 Pkinase              PF00069.31   263   1.1e-63  213.6   0.9   1   1     4e-64   1.3e-63  213.4   0.9     2   263    31   302    30   302 0.90 -
E9PSL7               -           2055 Pkinase              PF00069.31   263   1.3e-63  213.4   1.2   1   1   3.6e-63   1.2e-62  210.3   0.0     2   263    98   359    97   359 0.92 -
Q8NG66               -            645 Pkinase              PF00069.31   263   1.3e-63  213.3   0.4   1   1     8e-64   2.6e-63  212.4   0.0     1   263    29   287    29   287 0.91 -
Q12469               -            655 Pkinase              PF00069.31   263   1.7e-63  213.0   0.6   1   1   2.5e-63   8.2e-63  210.8   0.2    19   262   395   638   391   639 0.91 -
P49187               -            464 Pkinase              PF00069.31   263   1.7e-63  213.0   0.0   1   1   6.9e-64   2.3e-63  212.6   0.0     1   263    64   359    64   359 0.91 -
Q9BUB5               -            465 Pkinase              PF00069.31   263   1.8e-63  212.9   0.1   1   2   1.2e-23   3.9e-23   80.7   0.4     4   117    52   164    50   172 0.94 -
Q9BUB5               -            465 Pkinase              PF00069.31   263   1.8e-63  212.9   0.1   2   2   1.3e-38   4.2e-38  129.8   0.0   117   263   205   374   203   374 0.87 -
P97756               -            505 Pkinase              PF00069.31   263   1.8e-63  212.9   0.0   1   1   2.8e-63   9.2e-63  210.6   0.0     1   263   128   409   128   409 0.94 -
Q1ECX4               -            697 Pkinase              PF00069.31   263   1.9e-63  212.8   0.3   1   1   1.7e-63   5.5e-63  211.3   0.0     3   263   390   666   388   666 0.88 -
O95819               -           1239 Pkinase              PF00069.31   263   1.9e-63  212.8   0.0   1   1   1.3e-63   4.3e-63  211.7   0.0     1   263    25   289    25   289 0.91 -
Q05655               -            676 Pkinase              PF00069.31   263     2e-63  212.8   0.0   1   1   8.6e-64   2.8e-63  212.3   0.0     4   263   352   603   349   603 0.92 -
Q8BPM2               -            847 Pkinase              PF00069.31   263   2.1e-63  212.7   0.0   1   1   9.9e-64   3.2e-63  212.1   0.0     1   263    20   277    20   277 0.91 -
A1Z7T0               -           1190 Pkinase              PF00069.31   263   2.4e-63  212.5   0.0   1   1   1.3e-63   4.2e-63  211.7   0.0     3   255   865  1114   863  1122 0.91 -
O81472               -            773 Pkinase              PF00069.31   263   2.7e-63  212.4   0.0   1   1   1.1e-63   3.5e-63  212.0   0.0     2   263   502   755   501   755 0.93 -
Q559T8               -           2102 Pkinase              PF00069.31   263   2.7e-63  212.4  10.6   1   2   4.1e-40   1.4e-39  134.7   1.4     2   147  1528  1674  1527  1691 0.93 -
Q559T8               -           2102 Pkinase              PF00069.31   263   2.7e-63  212.4  10.6   2   2   3.6e-24   1.2e-23   82.4   0.0   152   263  1747  1851  1738  1851 0.88 -
Q54D75               -           1397 Pkinase              PF00069.31   263   2.9e-63  212.3   0.0   1   1   3.6e-63   1.2e-62  210.2   0.0     2   263     5   287     4   287 0.93 -
Q21029               -           1498 Pkinase              PF00069.31   263   3.1e-63  212.2   0.0   1   1   2.1e-63   6.9e-63  211.0   0.0     5   263   668   925   664   925 0.92 -
Q9VPC0               -            952 Pkinase              PF00069.31   263   3.3e-63  212.1   0.1   1   1   2.2e-63   7.1e-63  211.0   0.0     4   263   561   851   558   851 0.88 -
O75011               -            652 Pkinase              PF00069.31   263   3.4e-63  212.0   0.0   1   1   1.4e-63   4.6e-63  211.6   0.0     1   263    10   264    10   264 0.92 -
Q6C7U0               -            710 Pkinase              PF00069.31   263   3.4e-63  212.0   0.0   1   1   2.6e-63   8.7e-63  210.7   0.0     1   262     7   298     7   299 0.89 -
Q8AYG3               -            982 Pkinase              PF00069.31   263   3.4e-63  212.0   0.2   1   1   2.4e-63   7.8e-63  210.8   0.2     5   263   657   916   653   916 0.93 -
Q9WTR2               -           1291 Pkinase              PF00069.31   263   3.4e-63  212.0   0.0   1   1   2.4e-63   7.7e-63  210.9   0.0     6   263   654   907   650   907 0.91 -
P24583               -           1151 Pkinase              PF00069.31   263   3.7e-63  211.9   0.1   1   1   1.5e-62     5e-62  208.2   0.0     3   263   826  1083   824  1083 0.92 -
Q54XL6               -            574 Pkinase              PF00069.31   263   3.8e-63  211.9   0.0   1   1   1.7e-63   5.5e-63  211.3   0.0     1   263    97   357    97   357 0.91 -
P53599               -           1579 Pkinase              PF00069.31   263   3.8e-63  211.9   0.1   1   1   1.2e-62   3.9e-62  208.6   0.1     2   263  1267  1558  1266  1558 0.92 -
O44514               -            474 Pkinase              PF00069.31   263   3.9e-63  211.8   0.0   1   1   2.1e-63     7e-63  211.0   0.0     4   263   121   419   119   419 0.87 -
Q54DC8               -           1224 Pkinase              PF00069.31   263   3.9e-63  211.8   0.1   1   1   3.5e-63   1.2e-62  210.3   0.0     3   263   937  1193   935  1193 0.92 -
Q8WP15               -            553 Pkinase              PF00069.31   263     4e-63  211.8   0.0   1   1   1.7e-63   5.7e-63  211.3   0.0     2   256   192   443   191   453 0.91 -
P43565               -           1770 Pkinase              PF00069.31   263   4.7e-63  211.6   0.0   1   2   5.5e-39   1.8e-38  131.0   0.0     1   147   794   942   794   953 0.95 -
P43565               -           1770 Pkinase              PF00069.31   263   4.7e-63  211.6   0.0   2   2   7.4e-23   2.4e-22   78.1   0.0   151   263  1141  1254  1132  1254 0.88 -
F4JTP5               -            575 Pkinase              PF00069.31   263   4.8e-63  211.5   0.0   1   1   2.1e-63     7e-63  211.0   0.0     3   259   292   537   290   539 0.94 -
Q6H9I1               -            952 Pkinase              PF00069.31   263   5.1e-63  211.5   0.0   1   1   3.2e-63     1e-62  210.4   0.0     2   262    24   328    23   329 0.90 -
Q6RET6               -            527 Pkinase              PF00069.31   263   5.1e-63  211.4   0.1   1   2     0.038      0.12   10.2   0.3     1    91    12    97    12   106 0.74 -
Q6RET6               -            527 Pkinase              PF00069.31   263   5.1e-63  211.4   0.1   2   2   3.3e-60   1.1e-59  200.5   0.0    43   263    94   314    74   314 0.90 -
M3TYT0               -           1388 Pkinase              PF00069.31   263   5.2e-63  211.4   0.0   1   1   1.6e-63   5.2e-63  211.4   0.0     1   263    92   354    92   354 0.92 -
P05129               -            697 Pkinase              PF00069.31   263   5.4e-63  211.4   0.0   1   1   2.3e-63   7.7e-63  210.9   0.0     3   253   353   599   351   612 0.93 -
Q9JM52               -           1308 Pkinase              PF00069.31   263   5.6e-63  211.3   1.4   1   1   1.1e-62   3.6e-62  208.7   0.0     1   263    25   289    25   289 0.91 -
Q08217               -           1101 Pkinase              PF00069.31   263   5.6e-63  211.3   0.3   1   1   2.9e-63   9.7e-63  210.5   0.3     2   263   842  1099   841  1099 0.94 -
G4NH08               -            394 Pkinase              PF00069.31   263   5.9e-63  211.2   0.0   1   1   2.1e-63     7e-63  211.0   0.0     1   263    35   318    35   318 0.87 -
Q8TGI1               -            796 Pkinase              PF00069.31   263     6e-63  211.2   0.0   1   1     4e-63   1.3e-62  210.1   0.0     1   262     9   303     9   304 0.91 -
Q63932               -            401 Pkinase              PF00069.31   263   6.1e-63  211.2   0.0   1   1   3.2e-63     1e-62  210.4   0.0     1   263    72   370    72   370 0.91 -
O45797               -            908 Pkinase              PF00069.31   263   7.1e-63  211.0   0.0   1   1   2.9e-61   9.4e-61  204.0   0.0     2   263   503   807   502   807 0.93 -
Q00772               -            484 Pkinase              PF00069.31   263   7.3e-63  210.9   0.1   1   1   3.7e-63   1.2e-62  210.2   0.0     2   263    24   318    23   318 0.88 -
Q9Y7J6               -            551 Pkinase              PF00069.31   263   7.4e-63  210.9   0.0   1   1   3.1e-63     1e-62  210.5   0.0     1   263    55   315    55   315 0.95 -
P38622               -            512 Pkinase              PF00069.31   263   7.6e-63  210.9   0.0   1   1   3.3e-63   1.1e-62  210.4   0.0     1   263   121   414   121   414 0.93 -
E1BMN8               -            534 Pkinase              PF00069.31   263   8.8e-63  210.7   0.0   1   1   4.2e-63   1.4e-62  210.0   0.0     4   263   148   434   145   434 0.87 -
P36582               -            988 Pkinase              PF00069.31   263     9e-63  210.6   0.0   1   1   4.3e-63   1.4e-62  210.0   0.0     3   263   666   923   664   923 0.93 -
Q9N3Z3               -            503 Pkinase              PF00069.31   263   9.6e-63  210.6   0.0   1   1   4.5e-63   1.5e-62  209.9   0.0     1   262    24   285    24   286 0.94 -
Q03306               -            898 Pkinase              PF00069.31   263     1e-62  210.4   0.0   1   1     5e-63   1.6e-62  209.8   0.0     3   263    13   293    11   293 0.92 -
Q2L6W9               -            476 Pkinase              PF00069.31   263   1.1e-62  210.4   0.1   1   1   2.4e-61   7.8e-61  204.3   0.1     1   246    87   361    87   381 0.91 -
O01700               -            928 Pkinase              PF00069.31   263   1.1e-62  210.3   0.3   1   1   5.8e-63   1.9e-62  209.6   0.3     4   260   138   374   135   377 0.95 -
Q86UE8               -            772 Pkinase              PF00069.31   263   1.2e-62  210.2   0.5   1   1   5.9e-63   1.9e-62  209.5   0.0     3   263   464   741   462   741 0.88 -
Q03002               -            865 Pkinase              PF00069.31   263   1.3e-62  210.2   0.0   1   1     7e-63   2.3e-62  209.3   0.0     3   263    43   313    41   313 0.89 -
O64816               -            432 Pkinase              PF00069.31   263   1.3e-62  210.1   0.1   1   1   5.7e-63   1.9e-62  209.6   0.1     1   263   132   417   132   417 0.91 -
Q9LTW5               -            577 Pkinase              PF00069.31   263   1.3e-62  210.1   0.0   1   2   2.7e-38     9e-38  128.7   0.0     2   149   186   336   185   349 0.93 -
Q9LTW5               -            577 Pkinase              PF00069.31   263   1.3e-62  210.1   0.0   2   2   2.8e-23   9.1e-23   79.5   0.0   154   263   406   509   394   509 0.92 -
P38147               -            527 Pkinase              PF00069.31   263   1.3e-62  210.1   0.0   1   1   1.1e-62   3.5e-62  208.7   0.0     4   263    18   281    15   281 0.90 -
P87253               -           1142 Pkinase              PF00069.31   263   1.4e-62  210.0   0.0   1   1   8.9e-63   2.9e-62  209.0   0.0     3   263   819  1076   817  1076 0.93 -
Q55DD4               -           1678 Pkinase              PF00069.31   263   1.4e-62  210.0   0.3   1   1   4.2e-63   1.4e-62  210.0   0.3     1   263  1376  1647  1376  1647 0.92 -
Q49HM9               -            549 Pkinase              PF00069.31   263   1.6e-62  209.9   0.3   1   1   7.9e-63   2.6e-62  209.1   0.3     4   262   189   448   186   449 0.90 -
Q54TW2               -            686 Pkinase              PF00069.31   263   1.7e-62  209.7   0.5   1   2   3.9e-43   1.3e-42  144.6   0.9     3   155    71   224    69   233 0.95 -
Q54TW2               -            686 Pkinase              PF00069.31   263   1.7e-62  209.7   0.5   2   2   4.9e-18   1.6e-17   62.3   0.0   152   263   343   449   333   449 0.83 -
Q5KQF5               -            451 Pkinase              PF00069.31   263   1.8e-62  209.7   0.0   1   1   6.9e-63   2.3e-62  209.3   0.0     1   263    26   301    26   301 0.92 -
Q54IH8               -            542 Pkinase              PF00069.31   263   1.8e-62  209.6   5.5   1   1   2.7e-62     9e-62  207.4   0.8     2   263   131   437   130   437 0.95 -
Q6FP74               -            773 Pkinase              PF00069.31   263   1.9e-62  209.6   5.0   1   2   1.9e-43   6.1e-43  145.6   0.1     1   153   370   523   370   544 0.94 -
Q6FP74               -            773 Pkinase              PF00069.31   263   1.9e-62  209.6   5.0   2   2   3.7e-19   1.2e-18   66.0   0.0   154   263   582   686   568   686 0.86 -
Q61161               -            821 Pkinase              PF00069.31   263   1.9e-62  209.6   0.0   1   1   8.3e-63   2.7e-62  209.1   0.0     1   262    16   272    16   273 0.91 -
Q52EB3               -            982 Pkinase              PF00069.31   263   2.1e-62  209.4   0.0   1   1   1.4e-62   4.5e-62  208.3   0.0     3   263    21   324    19   324 0.91 -
Q6CCB0               -            405 Pkinase              PF00069.31   263   2.2e-62  209.4   0.0   1   1   8.5e-63   2.8e-62  209.0   0.0     1   263    40   350    40   350 0.92 -
Q8SRU0               -            319 Pkinase              PF00069.31   263   2.2e-62  209.3   0.1   1   1   7.9e-63   2.6e-62  209.1   0.1     1   263    37   316    37   316 0.89 -
O95835               -           1130 Pkinase              PF00069.31   263   2.3e-62  209.3   2.4   1   2   1.8e-40   5.9e-40  135.9   0.0     2   149   706   854   705   866 0.95 -
O95835               -           1130 Pkinase              PF00069.31   263   2.3e-62  209.3   2.4   2   2   9.4e-21   3.1e-20   71.2   0.0   153   263   904  1010   896  1010 0.86 -
P83101               -            501 Pkinase              PF00069.31   263   2.3e-62  209.3   0.0   1   1   8.6e-63   2.8e-62  209.0   0.0     1   263    33   317    33   317 0.89 -
P50526               -            652 Pkinase              PF00069.31   263   2.4e-62  209.2   0.0   1   1   9.6e-63   3.2e-62  208.9   0.0     1   262   135   408   135   409 0.92 -
Q9NRM7               -           1088 Pkinase              PF00069.31   263   2.5e-62  209.2   0.1   1   2     2e-40   6.7e-40  135.7   0.1     2   150   669   818   668   830 0.95 -
Q9NRM7               -           1088 Pkinase              PF00069.31   263   2.5e-62  209.2   0.1   2   2   9.6e-21   3.2e-20   71.2   0.0   148   263   864   973   858   973 0.85 -
F1LP90               -           1336 Pkinase              PF00069.31   263   2.5e-62  209.2   1.3   1   1   1.1e-62   3.7e-62  208.6   0.0     1   263    25   289    25   289 0.91 -
O13958               -            369 Pkinase              PF00069.31   263   2.6e-62  209.1   0.0   1   1   9.6e-63   3.2e-62  208.9   0.0     2   263     6   319     5   319 0.89 -
Q7XIW5               -            443 Pkinase              PF00069.31   263     3e-62  208.9   0.0   1   1   1.2e-62   3.9e-62  208.6   0.0     1   263    32   292    32   292 0.93 -
Q54EY4               -            562 Pkinase              PF00069.31   263   3.1e-62  208.9   0.0   1   1   1.6e-62   5.1e-62  208.2   0.0     2   263    24   285    23   285 0.90 -
Q9TVL3               -            478 Pkinase              PF00069.31   263   3.4e-62  208.8   0.0   1   1   1.5e-62     5e-62  208.2   0.0     1   263    85   413    85   413 0.93 -
P46549               -            982 Pkinase              PF00069.31   263   3.5e-62  208.7   0.0   1   1   1.1e-62   3.5e-62  208.7   0.0     1   263    30   289    30   289 0.91 -
Q92398               -            422 Pkinase              PF00069.31   263   3.5e-62  208.7   0.0   1   1   1.3e-62   4.4e-62  208.4   0.0     1   263    21   314    21   314 0.87 -
O80396               -            520 Pkinase              PF00069.31   263   4.1e-62  208.5   0.0   1   1   1.6e-62   5.3e-62  208.1   0.0     4   263    86   339    83   339 0.93 -
P25390               -           1331 Pkinase              PF00069.31   263   4.4e-62  208.4   0.0   1   1   2.6e-62   8.6e-62  207.4   0.0     2   263  1035  1310  1034  1310 0.90 -
O14132               -            650 Pkinase              PF00069.31   263   4.9e-62  208.2   0.0   1   1   2.6e-62   8.4e-62  207.5   0.0     1   261    36   334    36   336 0.90 -
O70444               -            326 Pkinase              PF00069.31   263     5e-62  208.2   0.0   1   1     2e-62   6.6e-62  207.8   0.0     1   263    40   293    40   293 0.94 -
P08018               -            668 Pkinase              PF00069.31   263   5.1e-62  208.2   0.0   1   1   2.2e-62   7.2e-62  207.7   0.0     3   263   362   623   360   623 0.92 -
Q9FX43               -            310 Pkinase              PF00069.31   263   5.2e-62  208.1   0.0   1   1   1.9e-62   6.4e-62  207.9   0.0     2   263    48   306    47   306 0.89 -
Q96287               -            472 Pkinase              PF00069.31   263   5.5e-62  208.1   0.0   1   1   2.2e-62   7.3e-62  207.7   0.0     1   263   138   422   138   422 0.86 -
B1WAR9               -            890 Pkinase              PF00069.31   263   5.6e-62  208.1   0.1   1   2   6.3e-43   2.1e-42  143.9   0.5     3   161    35   195    33   202 0.92 -
B1WAR9               -            890 Pkinase              PF00069.31   263   5.6e-62  208.1   0.1   2   2   9.1e-18     3e-17   61.4   0.0   154   263   746   846   736   846 0.86 -
Q4WVG0               -           1106 Pkinase              PF00069.31   263   5.6e-62  208.0   0.0   1   1   2.9e-62   9.4e-62  207.3   0.0     3   263   783  1040   781  1040 0.92 -
O42632               -           1174 Pkinase              PF00069.31   263   5.7e-62  208.0   0.0   1   1   3.4e-62   1.1e-61  207.1   0.0     3   263   851  1108   849  1108 0.93 -
Q6P0Q8               -           1798 Pkinase              PF00069.31   263   6.5e-62  207.8   0.0   1   1     3e-62   9.9e-62  207.2   0.0     2   263   513   785   512   785 0.93 -
Q8CEE6               -           1383 Pkinase              PF00069.31   263   7.2e-62  207.7   0.0   1   1   3.2e-62   1.1e-61  207.1   0.0     1   263  1059  1311  1059  1311 0.93 -
Q2H6X2               -            943 Pkinase              PF00069.31   263   7.7e-62  207.6   0.0   1   1   4.9e-62   1.6e-61  206.5   0.0     2   263    23   327    22   327 0.88 -
Q8SW92               -            308 Pkinase              PF00069.31   263   7.8e-62  207.6   0.0   1   1     9e-62     3e-61  205.7   0.0     3   263     6   294     4   294 0.89 -
Q6P5Z2               -            889 Pkinase              PF00069.31   263   8.6e-62  207.4   0.0   1   1   3.9e-62   1.3e-61  206.8   0.0     4   262   562   817   559   818 0.92 -
B0XXN8               -           1617 Pkinase              PF00069.31   263   8.8e-62  207.4   0.0   1   1   3.7e-62   1.2e-61  207.0   0.0     4   259  1326  1591  1323  1596 0.87 -
Q8C0Q4               -            628 Pkinase              PF00069.31   263   9.7e-62  207.3   0.0   1   1   5.4e-62   1.8e-61  206.4   0.0     1   263    30   288    30   288 0.91 -
Q07192               -            446 Pkinase              PF00069.31   263   9.8e-62  207.2   0.0   1   1     4e-62   1.3e-61  206.8   0.0     3   263   151   414   149   414 0.92 -
Q6BV06               -            608 Pkinase              PF00069.31   263   1.1e-61  207.1   0.0   1   1   5.4e-62   1.8e-61  206.4   0.0     1   263    39   346    39   346 0.90 -
Q55CE0               -            677 Pkinase              PF00069.31   263   1.1e-61  207.0   0.0   1   1     6e-62     2e-61  206.2   0.0     4   263   404   646   401   646 0.94 -
Q10664               -            387 Pkinase              PF00069.31   263   1.2e-61  207.0   0.0   1   1   4.6e-62   1.5e-61  206.6   0.0     2   263    74   360    73   360 0.90 -
W0T9X4               -            836 Pkinase              PF00069.31   263   1.3e-61  206.8   0.0   1   1     8e-62   2.6e-61  205.8   0.0     1   261    21   319    21   321 0.91 -
P0CP70               -            988 Pkinase              PF00069.31   263   1.3e-61  206.8   0.0   1   2   1.6e-22   5.3e-22   77.0   0.0     1    96    27   122    27   132 0.96 -
P0CP70               -            988 Pkinase              PF00069.31   263   1.3e-61  206.8   0.0   2   2   7.4e-38   2.4e-37  127.3   0.0    93   257   153   334   140   338 0.84 -
Q5AP53               -            732 Pkinase              PF00069.31   263   1.5e-61  206.6   0.1   1   2   6.2e-44   2.1e-43  147.2   0.1     1   153   335   488   335   520 0.95 -
Q5AP53               -            732 Pkinase              PF00069.31   263   1.5e-61  206.6   0.1   2   2   3.4e-19   1.1e-18   66.1   0.0   154   263   543   647   528   647 0.86 -
Q2GYV9               -            512 Pkinase              PF00069.31   263   1.8e-61  206.4   0.0   1   1   7.4e-62   2.4e-61  205.9   0.0     1   263   106   455   106   455 0.91 -
Q9GRT1               -            350 Pkinase              PF00069.31   263   1.9e-61  206.3   0.0   1   1   6.9e-62   2.3e-61  206.0   0.0     3   262    75   330    73   331 0.91 -
P53104               -            897 Pkinase              PF00069.31   263   1.9e-61  206.3   0.0   1   1   1.4e-61   4.6e-61  205.0   0.0     1   261    24   323    24   325 0.91 -
Q5UQ78               -            450 Pkinase              PF00069.31   263   2.1e-61  206.2   1.9   1   1     9e-62     3e-61  205.7   1.9     5   263    13   290    10   290 0.88 -
Q5A6T5               -            589 Pkinase              PF00069.31   263   2.3e-61  206.0   0.0   1   1   1.2e-61   3.8e-61  205.3   0.0     4   260   252   560   249   563 0.88 -
P87248               -            675 Pkinase              PF00069.31   263   2.5e-61  205.9   0.0   1   1   1.5e-61   5.1e-61  204.9   0.0     3   262    27   327    25   328 0.88 -
A2QIL5               -           1007 Pkinase              PF00069.31   263   2.6e-61  205.8   0.0   1   1   1.7e-61   5.7e-61  204.7   0.0     1   262    30   335    30   336 0.91 -
Q24210               -            898 Pkinase              PF00069.31   263   2.7e-61  205.8   0.0   1   1   1.4e-61   4.6e-61  205.1   0.0     1   263    12   278    12   278 0.91 -
Q925K9               -            273 Pkinase              PF00069.31   263   2.7e-61  205.8   0.0   1   1   9.3e-62   3.1e-61  205.6   0.0     1   263    12   267    12   267 0.92 -
G5EBT1               -            509 Pkinase              PF00069.31   263   2.7e-61  205.8   0.0   1   1   1.2e-61   3.9e-61  205.3   0.0     1   263   105   411   105   411 0.91 -
Q54B33               -            926 Pkinase              PF00069.31   263   3.1e-61  205.6   0.0   1   1   2.5e-61   8.3e-61  204.2   0.0     1   263   650   903   650   903 0.92 -
P43637               -            560 Pkinase              PF00069.31   263   3.4e-61  205.5   0.0   1   1   1.3e-61   4.3e-61  205.1   0.0     2   263    51   344    50   344 0.86 -
Q871M9               -            559 Pkinase              PF00069.31   263     4e-61  205.2   0.0   1   1   1.4e-61   4.7e-61  205.0   0.0     1   263    40   341    40   341 0.95 -
Q551H4               -           1028 Pkinase              PF00069.31   263   4.1e-61  205.2   0.0   1   1   2.2e-61   7.2e-61  204.4   0.0     1   263    71   330    71   330 0.92 -
P83104               -            393 Pkinase              PF00069.31   263   4.2e-61  205.2   0.2   1   1   1.9e-61   6.1e-61  204.6   0.2     4   257    14   262    12   265 0.91 -
O15021               -           2623 Pkinase              PF00069.31   263   4.8e-61  205.0   0.0   1   1   2.5e-61   8.3e-61  204.2   0.0     2   263   571   843   570   843 0.94 -
P15056               -            766 Pkinase              PF00069.31   263     5e-61  204.9   0.0   1   1     2e-61   6.6e-61  204.5   0.0     2   260   458   713   457   716 0.93 -
O60229               -           2986 Pkinase              PF00069.31   263   5.3e-61  204.8   0.4   1   1   3.9e-61   1.3e-60  203.6   0.0     1   263  2684  2938  2684  2938 0.91 -
P34908               -            807 Pkinase              PF00069.31   263   5.4e-61  204.8   0.0   1   1   2.2e-61   7.3e-61  204.4   0.0     2   260   498   753   497   756 0.93 -
Q8K1R7               -            984 Pkinase              PF00069.31   263   5.5e-61  204.8   0.0   1   1   2.5e-61   8.2e-61  204.2   0.0     4   261    55   306    52   308 0.91 -
Q0KHT7               -            674 Pkinase              PF00069.31   263   5.6e-61  204.8   0.0   1   1   2.8e-61   9.3e-61  204.0   0.0     9   263    45   295    39   295 0.95 -
Q8WQG9               -            463 Pkinase              PF00069.31   263   6.8e-61  204.5   0.0   1   1   2.6e-61   8.6e-61  204.2   0.0     1   263   119   414   119   414 0.91 -
Q8C1R0               -            372 Pkinase              PF00069.31   263   6.8e-61  204.5   0.0   1   2      0.39       1.3    6.9   0.0     4    22    30    48    27    54 0.83 -
Q8C1R0               -            372 Pkinase              PF00069.31   263   6.8e-61  204.5   0.0   2   2     1e-58   3.3e-58  195.7   0.0    22   263    64   302    58   302 0.90 -
A0A194VNL2           -            532 Pkinase              PF00069.31   263     7e-61  204.4   0.0   1   1   2.6e-61   8.4e-61  204.2   0.0     5   263   239   505   235   505 0.87 -
Q9BWU1               -            502 Pkinase              PF00069.31   263     9e-61  204.1   0.0   1   1   3.6e-61   1.2e-60  203.7   0.0     6   263    26   335    22   335 0.89 -
Q55C57               -            473 Pkinase              PF00069.31   263   9.1e-61  204.1   0.1   1   1   2.8e-61   9.1e-61  204.1   0.1     1   263    91   366    91   366 0.89 -
Q8TFG6               -           1318 Pkinase              PF00069.31   263   9.7e-61  204.0   0.0   1   2     7e-39   2.3e-38  130.6   0.0     1   153   566   720   566   797 0.90 -
Q8TFG6               -           1318 Pkinase              PF00069.31   263   9.7e-61  204.0   0.0   2   2   1.1e-20   3.6e-20   71.0   0.0   152   263   828   934   820   934 0.86 -
G5EEN4               -            596 Pkinase              PF00069.31   263     1e-60  203.9   0.0   1   1   4.5e-61   1.5e-60  203.4   0.0     1   263   108   386   108   386 0.90 -
Q8TFN2               -            804 Pkinase              PF00069.31   263   1.1e-60  203.9   0.0   1   1   9.3e-61   3.1e-60  202.3   0.0     2   262    13   307    12   308 0.90 -
Q6ZWH5               -           1172 Pkinase              PF00069.31   263   1.2e-60  203.7   0.0   1   1   7.2e-61   2.4e-60  202.7   0.0     1   257   519   779   519   783 0.87 -
P41808               -            388 Pkinase              PF00069.31   263   1.3e-60  203.6   0.0   1   1   4.8e-61   1.6e-60  203.3   0.0     1   263    38   337    38   337 0.86 -
P33886               -            605 Pkinase              PF00069.31   263   1.4e-60  203.5   0.0   1   1   5.3e-61   1.7e-60  203.1   0.0     3   263   322   579   320   579 0.94 -
Q6C842               -            706 Pkinase              PF00069.31   263   1.5e-60  203.3   0.0   1   1   5.8e-61   1.9e-60  203.0   0.0     1   263    38   339    38   339 0.93 -
Q39238               -            688 Pkinase              PF00069.31   263     2e-60  202.9   0.2   1   1   3.6e-60   1.2e-59  200.4   0.1     1   263   409   683   409   683 0.87 -
Q1DN93               -            969 Pkinase              PF00069.31   263   2.1e-60  202.9   0.0   1   1   1.4e-60   4.8e-60  201.7   0.0     1   261    30   333    30   335 0.92 -
Q9SJM3               -            949 Pkinase              PF00069.31   263   2.1e-60  202.9   0.0   1   2     2e-36   6.5e-36  122.6   0.0     2   147   560   708   559   720 0.92 -
Q9SJM3               -            949 Pkinase              PF00069.31   263   2.1e-60  202.9   0.0   2   2   8.7e-23   2.9e-22   77.9   0.0   154   263   795   898   785   898 0.91 -
Q23356               -           1096 Pkinase              PF00069.31   263   2.2e-60  202.8   0.0   1   1   9.1e-61     3e-60  202.4   0.0     2   263    22   288    21   288 0.93 -
Q54H45               -            690 Pkinase              PF00069.31   263   2.4e-60  202.7   0.0   1   1   1.1e-60   3.7e-60  202.1   0.0     4   259   394   639   391   641 0.94 -
A7MBB4               -            966 Pkinase              PF00069.31   263   2.5e-60  202.6   0.0   1   1   1.2e-60     4e-60  201.9   0.0     4   260   171   406   168   408 0.94 -
A8XSC1               -            657 Pkinase              PF00069.31   263   2.5e-60  202.6   0.0   1   2   2.4e-10     8e-10   37.1   0.0     4    72   211   278   208   304 0.87 -
A8XSC1               -            657 Pkinase              PF00069.31   263   2.5e-60  202.6   0.0   2   2   8.5e-49   2.8e-48  163.1   0.0    70   263   339   554   321   554 0.86 -
Q54TA1               -            749 Pkinase              PF00069.31   263   2.6e-60  202.6   0.0   1   1     2e-60   6.7e-60  201.2   0.0     3   259   493   744   491   746 0.92 -
O44408               -            390 Pkinase              PF00069.31   263   2.7e-60  202.5   0.0   1   1   1.1e-60   3.5e-60  202.2   0.0     5   263    42   338    38   338 0.92 -
A8X0C4               -            649 Pkinase              PF00069.31   263   2.8e-60  202.5   0.0   1   1   1.1e-60   3.7e-60  202.1   0.0     5   263   201   460   197   460 0.90 -
Q6AX33               -           1482 Pkinase              PF00069.31   263   2.9e-60  202.4   0.0   1   1   1.6e-60   5.3e-60  201.5   0.0     2   263   400   672   399   672 0.93 -
O23304               -            487 Pkinase              PF00069.31   263   2.9e-60  202.4   0.0   1   1   1.3e-60   4.3e-60  201.9   0.0     1   263    15   293    15   293 0.92 -
Q8SSV3               -            652 Pkinase              PF00069.31   263   3.2e-60  202.3   0.0   1   1   9.8e-61   3.2e-60  202.3   0.0     9   263   377   626   376   626 0.89 -
Q8R9T6               -            625 Pkinase              PF00069.31   263   3.4e-60  202.2   0.0   1   1   1.6e-60   5.4e-60  201.5   0.0     1   257    10   263    10   267 0.93 -
Q0GGW5               -            440 Pkinase              PF00069.31   263   3.5e-60  202.1   0.0   1   1   1.3e-60   4.4e-60  201.8   0.0     4   263    52   309    49   309 0.91 -
P15792               -            609 Pkinase              PF00069.31   263   3.8e-60  202.0   0.0   1   2   4.7e-37   1.5e-36  124.6   0.0     2   151   230   382   229   400 0.93 -
P15792               -            609 Pkinase              PF00069.31   263   3.8e-60  202.0   0.0   2   2   5.3e-22   1.7e-21   75.3   0.0   154   263   462   565   452   565 0.91 -
Q9XI87               -            438 Pkinase              PF00069.31   263   3.8e-60  202.0   0.0   1   1   1.6e-60   5.2e-60  201.6   0.0     4   259   165   418   162   420 0.91 -
Q9VA38               -           1105 Pkinase              PF00069.31   263   3.9e-60  202.0   6.7   1   2   8.2e-40   2.7e-39  133.7   0.1     2   150   720   870   719   883 0.93 -
Q9VA38               -           1105 Pkinase              PF00069.31   263   3.9e-60  202.0   6.7   2   2   8.4e-21   2.8e-20   71.4   0.0   153   263   915  1020   907  1020 0.85 -
O80888               -            372 Pkinase              PF00069.31   263   3.9e-60  202.0   0.0   1   1   1.5e-60   4.8e-60  201.7   0.0     2   263     4   259     3   259 0.90 -
A4QXX4               -            499 Pkinase              PF00069.31   263     4e-60  202.0   0.0   1   1   2.6e-60   8.7e-60  200.9   0.0     1   263    61   442    61   442 0.90 -
Q92918               -            833 Pkinase              PF00069.31   263   4.7e-60  201.7   0.0   1   1   1.9e-60   6.1e-60  201.4   0.0     1   262    17   273    17   274 0.91 -
Q5TCX8               -           1036 Pkinase              PF00069.31   263   5.5e-60  201.5   0.0   1   1     3e-60     1e-59  200.7   0.0     2   259   125   396   124   399 0.91 -
P38938               -           1338 Pkinase              PF00069.31   263     6e-60  201.4   0.0   1   2   1.3e-38   4.3e-38  129.8   0.0     1   148   589   738   589   750 0.95 -
P38938               -           1338 Pkinase              PF00069.31   263     6e-60  201.4   0.0   2   2   3.8e-20   1.2e-19   69.2   0.0   149   263   849   958   844   958 0.87 -
Q8SSH1               -            516 Pkinase              PF00069.31   263   6.1e-60  201.4   2.5   1   1   2.3e-59   7.7e-59  197.8   2.5     1   261     4   228     4   230 0.94 -
Q66HA1               -            850 Pkinase              PF00069.31   263   6.6e-60  201.2   0.0   1   1   2.8e-60   9.1e-60  200.8   0.0     3   260   120   376   118   378 0.92 -
O74304               -           1436 Pkinase              PF00069.31   263   7.3e-60  201.1   0.0   1   1   6.1e-60     2e-59  199.7   0.0     2   263  1121  1406  1120  1406 0.91 -
Q6BM25               -            472 Pkinase              PF00069.31   263   7.5e-60  201.1   1.7   1   2       4.3        14    3.5   0.1     2    25    60    83    59    89 0.83 -
Q6BM25               -            472 Pkinase              PF00069.31   263   7.5e-60  201.1   1.7   2   2   4.2e-59   1.4e-58  196.9   0.2    21   263   116   418    93   418 0.89 -
Q01917               -            474 Pkinase              PF00069.31   263   8.4e-60  200.9   0.0   1   2   3.6e-33   1.2e-32  111.9   0.0     1   139     7   143     7   164 0.90 -
Q01917               -            474 Pkinase              PF00069.31   263   8.4e-60  200.9   0.0   2   2   1.3e-24   4.2e-24   83.9   0.0   136   263   208   446   201   446 0.93 -
Q0UY20               -            972 Pkinase              PF00069.31   263     9e-60  200.8   0.0   1   1   6.1e-60     2e-59  199.7   0.0     2   262    31   341    30   342 0.86 -
Q2QSL4               -            327 Pkinase              PF00069.31   263   9.2e-60  200.8   0.0   1   1   3.3e-60   1.1e-59  200.6   0.0     1   263     4   295     4   295 0.90 -
Q8SQU8               -            315 Pkinase              PF00069.31   263     1e-59  200.7   0.0   1   1   3.4e-60   1.1e-59  200.5   0.0     1   261    13   292    13   294 0.91 -
Q54Y06               -            636 Pkinase              PF00069.31   263     1e-59  200.7   0.0   1   1     3e-60     1e-59  200.7   0.0     1   263    64   343    64   343 0.93 -
O43781               -            588 Pkinase              PF00069.31   263   1.2e-59  200.4   0.0   1   1   5.4e-60   1.8e-59  199.8   0.0     1   263   209   522   209   522 0.89 -
Q8MXI4               -            419 Pkinase              PF00069.31   263   1.5e-59  200.0   0.0   1   1   6.6e-60   2.2e-59  199.6   0.0     1   263    49   350    49   350 0.90 -
E1C2I2               -            881 Pkinase              PF00069.31   263   1.7e-59  199.9   0.0   1   2   1.8e-39     6e-39  132.5   0.2     2   152    31   180    30   195 0.93 -
E1C2I2               -            881 Pkinase              PF00069.31   263   1.7e-59  199.9   0.0   2   2     1e-18   3.3e-18   64.6   0.0   155   263   738   837   727   837 0.86 -
A6QGC0               -            664 Pkinase              PF00069.31   263   1.7e-59  199.9   0.3   1   1   8.5e-60   2.8e-59  199.2   0.3     1   256    10   261    10   268 0.92 -
Q3Y416               -            541 Pkinase              PF00069.31   263   1.8e-59  199.9   0.0   1   1   2.7e-59     9e-59  197.5   0.0     1   263   130   411   130   411 0.92 -
Q9UU87               -            354 Pkinase              PF00069.31   263   1.8e-59  199.8   0.0   1   2     1e-05   3.4e-05   21.9   0.0     1    70    40   112    40   118 0.85 -
Q9UU87               -            354 Pkinase              PF00069.31   263   1.8e-59  199.8   0.0   2   2   3.8e-53   1.2e-52  177.4   0.0    38   263   112   331   101   331 0.88 -
Q60700               -            888 Pkinase              PF00069.31   263   2.2e-59  199.5   0.0   1   1   1.1e-59   3.7e-59  198.8   0.0     5   260   162   396   159   397 0.94 -
E1BFR5               -            883 Pkinase              PF00069.31   263   2.7e-59  199.2   0.0   1   2   8.9e-40   2.9e-39  133.6   0.3     2   151    36   184    35   203 0.92 -
E1BFR5               -            883 Pkinase              PF00069.31   263   2.7e-59  199.2   0.0   2   2   2.5e-18   8.3e-18   63.2   0.0   157   263   742   839   732   839 0.88 -
Q9Y7T4               -            830 Pkinase              PF00069.31   263   2.9e-59  199.2   0.0   1   1   2.2e-59   7.2e-59  197.9   0.0     1   253    14   297    14   306 0.87 -
P34314               -            965 Pkinase              PF00069.31   263   3.1e-59  199.1   0.1   1   1   9.3e-60   3.1e-59  199.1   0.1     4   263   654   928   651   928 0.89 -
Q9HFF4               -           1023 Pkinase              PF00069.31   263   3.4e-59  198.9   0.0   1   1   1.8e-59   5.9e-59  198.1   0.0     2   263   493   774   492   774 0.88 -
P21901               -            351 Pkinase              PF00069.31   263   3.5e-59  198.9   0.0   1   1   1.3e-59   4.4e-59  198.5   0.0     1   263    42   298    42   298 0.94 -
Q75CH3               -            972 Pkinase              PF00069.31   263   3.5e-59  198.9   0.0   1   1   2.2e-59   7.1e-59  197.9   0.0     1   259    18   315    18   319 0.90 -
P38679               -            598 Pkinase              PF00069.31   263   4.2e-59  198.6   0.2   1   2   1.7e-42   5.5e-42  142.5   0.3     1   152   214   366   214   376 0.95 -
P38679               -            598 Pkinase              PF00069.31   263   4.2e-59  198.6   0.2   2   2   1.8e-15     6e-15   53.9   0.0   154   263   415   518   395   518 0.83 -
P38623               -            610 Pkinase              PF00069.31   263   4.4e-59  198.6   0.0   1   1   1.1e-58   3.6e-58  195.6   0.0     1   263   163   478   163   478 0.88 -
O34507               -            648 Pkinase              PF00069.31   263   5.6e-59  198.2   0.0   1   1   2.4e-59     8e-59  197.7   0.0     1   256    11   261    11   267 0.93 -
Q0PKV7               -            525 Pkinase              PF00069.31   263   5.7e-59  198.2   0.0   1   1   2.3e-59   7.4e-59  197.8   0.0     5   263    63   317    60   317 0.92 -
Q6FL58               -            942 Pkinase              PF00069.31   263   5.8e-59  198.2   0.0   1   1   5.8e-59   1.9e-58  196.5   0.0     1   261    11   310    11   312 0.91 -
Q869X3               -            921 Pkinase              PF00069.31   263   6.7e-59  197.9   0.0   1   1   4.1e-59   1.4e-58  196.9   0.0     4   258    26   271    23   273 0.94 -
Q556J6               -            680 Pkinase              PF00069.31   263   6.7e-59  197.9   0.0   1   1   2.1e-59   6.7e-59  197.9   0.0     2   263     5   381     4   381 0.94 -
P0C198               -            662 Pkinase              PF00069.31   263   7.2e-59  197.9   0.0   1   1   6.7e-58   2.2e-57  193.0   0.0     1   263    18   328    18   328 0.94 -
Q54LR6               -            605 Pkinase              PF00069.31   263   7.4e-59  197.8   0.0   1   1   2.3e-59   7.4e-59  197.8   0.0     1   263   312   597   312   597 0.94 -
P17801               -            817 Pkinase              PF00069.31   263   7.7e-59  197.8   0.0   1   1   3.3e-59   1.1e-58  197.3   0.0     4   260   537   811   534   813 0.89 -
S8GI44               -           1598 Pkinase              PF00069.31   263   7.8e-59  197.7   0.0   1   1   3.1e-59     1e-58  197.4   0.0     1   259   106   376   106   380 0.91 -
O13839               -            722 Pkinase              PF00069.31   263     8e-59  197.7   0.5   1   1   2.6e-58   8.4e-58  194.3   0.5     1   262     4   280     4   281 0.91 -
Q54H46               -            642 Pkinase              PF00069.31   263   8.2e-59  197.7   0.0   1   1   4.9e-59   1.6e-58  196.7   0.0     4   259   377   622   374   624 0.94 -
Q55A09               -           1331 Pkinase              PF00069.31   263   8.3e-59  197.6   0.0   1   1   5.4e-59   1.8e-58  196.6   0.0     3   259  1075  1325  1073  1327 0.92 -
Q96LW2               -            410 Pkinase              PF00069.31   263   8.3e-59  197.6   0.0   1   1   3.4e-59   1.1e-58  197.2   0.0     7   263   113   359   106   359 0.92 -
P83102               -            828 Pkinase              PF00069.31   263   8.3e-59  197.6   0.0   1   1   3.9e-59   1.3e-58  197.0   0.0     1   263   276   589   276   589 0.89 -
Q21360               -            521 Pkinase              PF00069.31   263     9e-59  197.5   0.0   1   1   3.7e-59   1.2e-58  197.1   0.0     5   262   148   404   144   405 0.90 -
Q7T2V3               -           1005 Pkinase              PF00069.31   263     9e-59  197.5   0.0   1   1   5.3e-59   1.8e-58  196.6   0.0     3   259   120   375   118   378 0.93 -
Q9Y1J3               -            636 Pkinase              PF00069.31   263   9.2e-59  197.5   2.2   1   2   2.1e-36   7.1e-36  122.5   0.1     3   150    71   224    69   238 0.94 -
Q9Y1J3               -            636 Pkinase              PF00069.31   263   9.2e-59  197.5   2.2   2   2   6.6e-21   2.2e-20   71.7   0.0   151   263   264   364   254   364 0.87 -
Q95UN8               -           1161 Pkinase              PF00069.31   263   9.6e-59  197.4   0.0   1   1   6.7e-59   2.2e-58  196.2   0.0     3   260   144   398   142   400 0.92 -
Q92630               -            601 Pkinase              PF00069.31   263     1e-58  197.3   0.0   1   1   4.5e-59   1.5e-58  196.8   0.0     1   263   222   535   222   535 0.90 -
Q54RZ7               -           1634 Pkinase              PF00069.31   263   1.1e-58  197.3   0.0   1   1   3.2e-59   1.1e-58  197.3   0.0     3   260  1379  1628  1377  1631 0.93 -
Q96RG2               -           1323 Pkinase              PF00069.31   263   1.1e-58  197.3   0.0   1   1   4.5e-59   1.5e-58  196.8   0.0     1   263   999  1251   999  1251 0.95 -
Q621J7               -            709 Pkinase              PF00069.31   263   1.1e-58  197.2   0.2   1   1   1.4e-58   4.5e-58  195.2   0.2     1   262    13   250    13   251 0.92 -
Q8SR90               -            309 Pkinase              PF00069.31   263   1.3e-58  197.0   0.0   1   1   4.8e-59   1.6e-58  196.7   0.0     1   255     4   272     4   283 0.90 -
Q54WJ0               -            586 Pkinase              PF00069.31   263   1.6e-58  196.7   0.0   1   1   7.8e-59   2.6e-58  196.0   0.0     2   262    41   300    40   301 0.90 -
Q9ZQ31               -            411 Pkinase              PF00069.31   263   1.7e-58  196.6   0.0   1   1   7.4e-59   2.4e-58  196.1   0.0     9   259   138   382   132   384 0.94 -
Q4P9T2               -            713 Pkinase              PF00069.31   263   2.1e-58  196.4   0.0   1   1   2.3e-58   7.4e-58  194.5   0.0    23   263   194   484   188   484 0.91 -
Q62070               -            370 Pkinase              PF00069.31   263   2.3e-58  196.2   0.0   1   1   8.3e-59   2.7e-58  195.9   0.0     2   263    92   345    91   345 0.92 -
Q8SRK8               -            322 Pkinase              PF00069.31   263   3.4e-58  195.6   0.0   1   1   1.2e-58   4.1e-58  195.4   0.0     2   263     8   261     7   261 0.92 -
Q2MHE4               -            390 Pkinase              PF00069.31   263   4.5e-58  195.3   0.0   1   1     2e-58   6.5e-58  194.7   0.0     9   258    94   337    88   340 0.92 -
Q05609               -            821 Pkinase              PF00069.31   263   4.9e-58  195.1   0.0   1   1   2.1e-58     7e-58  194.6   0.0     2   258   552   802   551   805 0.92 -
P0C661               -            612 Pkinase              PF00069.31   263   5.1e-58  195.1   0.9   1   1   2.5e-58   8.2e-58  194.4   0.0     1   263    23   345    23   345 0.89 -
A7TIZ4               -            994 Pkinase              PF00069.31   263   5.3e-58  195.0   0.1   1   2       2.8       9.3    4.1   0.0     1    24     7    30     7    34 0.85 -
A7TIZ4               -            994 Pkinase              PF00069.31   263   5.3e-58  195.0   0.1   2   2   2.5e-56   8.1e-56  187.9   0.0    21   261    51   329    44   331 0.91 -
Q64FQ2               -            525 Pkinase              PF00069.31   263   5.5e-58  195.0   0.0   1   2   3.1e-34     1e-33  115.4   0.0     2   147    88   238    87   246 0.90 -
Q64FQ2               -            525 Pkinase              PF00069.31   263   5.5e-58  195.0   0.0   2   2   1.1e-22   3.7e-22   77.5   0.0   154   263   355   465   347   465 0.86 -
Q20443               -            441 Pkinase              PF00069.31   263   6.6e-58  194.7   0.0   1   1   2.9e-58   9.6e-58  194.2   0.0     1   263    31   285    31   285 0.94 -
Q8CE90               -            535 Pkinase              PF00069.31   263   7.8e-58  194.4   0.0   1   1     3e-58   9.7e-58  194.1   0.0     3   263   138   396   136   396 0.90 -
Q5AHK2               -            608 Pkinase              PF00069.31   263   7.9e-58  194.4   1.0   1   1   3.5e-57   1.2e-56  190.6   0.0    43   263   223   492   202   492 0.87 -
Q9UTH3               -            775 Pkinase              PF00069.31   263   1.1e-57  194.0   0.0   1   1   6.5e-58   2.2e-57  193.0   0.0     1   263   503   758   503   758 0.92 -
P36005               -            433 Pkinase              PF00069.31   263   1.1e-57  193.9   0.0   1   1   4.3e-58   1.4e-57  193.6   0.0     2   263    24   318    23   318 0.87 -
Q80XP9               -           1757 Pkinase              PF00069.31   263   1.4e-57  193.6   0.0   1   1   7.9e-58   2.6e-57  192.7   0.0     6   263   151   404   146   404 0.93 -
P22204               -            572 Pkinase              PF00069.31   263   1.4e-57  193.6   0.2   1   2   6.2e-40     2e-39  134.1   0.1     2   155   178   332   177   339 0.95 -
P22204               -            572 Pkinase              PF00069.31   263   1.4e-57  193.6   0.2   2   2   1.5e-16   4.8e-16   57.5   0.0   153   263   369   477   356   477 0.79 -
Q8SRI3               -            318 Pkinase              PF00069.31   263   1.4e-57  193.6   0.0   1   1   5.1e-58   1.7e-57  193.4   0.0     1   263    40   313    40   313 0.88 -
Q5AAG6               -            509 Pkinase              PF00069.31   263   1.7e-57  193.4   0.3   1   2       9.5        31    2.4   0.0     2    25    29    52    28    55 0.82 -
Q5AAG6               -            509 Pkinase              PF00069.31   263   1.7e-57  193.4   0.3   2   2   1.6e-56   5.4e-56  188.4   0.0    21   263    65   339    59   339 0.88 -
Q9BYP7               -           1800 Pkinase              PF00069.31   263     2e-57  193.1   0.0   1   1   1.1e-57   3.6e-57  192.3   0.0     6   263   152   405   147   405 0.93 -
Q9W0V1               -            836 Pkinase              PF00069.31   263   2.3e-57  192.9   1.6   1   2   3.1e-36     1e-35  122.0   0.1     4   154   249   403   246   411 0.93 -
Q9W0V1               -            836 Pkinase              PF00069.31   263   2.3e-57  192.9   1.6   2   2   2.7e-20     9e-20   69.7   0.0   150   256   464   557   457   571 0.85 -
P0CS76               -            466 Pkinase              PF00069.31   263   2.4e-57  192.8   0.0   1   1     4e-57   1.3e-56  190.4   0.0    22   263   106   396   103   396 0.89 -
Q09815               -            836 Pkinase              PF00069.31   263   2.5e-57  192.8   0.0   1   2       5.1        17    3.2   0.1    39    89   421   475   409   490 0.64 -
Q09815               -            836 Pkinase              PF00069.31   263   2.5e-57  192.8   0.0   2   2   3.9e-56   1.3e-55  187.2   0.0     1   263   518   814   518   814 0.86 -
P21965               -            375 Pkinase              PF00069.31   263   2.7e-57  192.7   0.0   1   1   9.9e-58   3.3e-57  192.4   0.0     3   263    37   327    35   327 0.89 -
O43318               -            606 Pkinase              PF00069.31   263   2.9e-57  192.6   0.2   1   1   2.3e-57   7.6e-57  191.2   0.0     2   259    37   282    36   285 0.91 -
Q8XJL8               -            685 Pkinase              PF00069.31   263   3.2e-57  192.4   0.3   1   1   1.5e-57   4.9e-57  191.8   0.3     1   257    10   262    10   266 0.93 -
Q5HZ38               -            407 Pkinase              PF00069.31   263   3.4e-57  192.4   0.0   1   1   1.3e-57   4.3e-57  192.0   0.0     2   263   108   370   107   370 0.93 -
Q9V3D5               -            722 Pkinase              PF00069.31   263   3.5e-57  192.3   0.0   1   1   1.5e-57   4.9e-57  191.8   0.0     1   263   198   494   198   494 0.89 -
O54874               -           1732 Pkinase              PF00069.31   263   4.1e-57  192.1   0.0   1   1   3.4e-57   1.1e-56  190.7   0.0     1   263    77   343    77   343 0.90 -
O94324               -           1032 Pkinase              PF00069.31   263   4.3e-57  192.0   0.1   1   2   1.5e-36   4.8e-36  123.0   0.0     4   155   531   684   528   693 0.94 -
O94324               -           1032 Pkinase              PF00069.31   263   4.3e-57  192.0   0.1   2   2   2.3e-19   7.4e-19   66.7   0.0   149   263   765   877   760   877 0.81 -
Q4P0K0               -            990 Pkinase              PF00069.31   263     5e-57  191.8   0.0   1   1   4.6e-57   1.5e-56  190.2   0.0     2   262    16   333    15   334 0.88 -
Q23977               -           1178 Pkinase              PF00069.31   263   5.2e-57  191.7   0.0   1   1   2.3e-57   7.6e-57  191.2   0.0     4   263   200   456   197   456 0.91 -
Q388M1               -            352 Pkinase              PF00069.31   263   5.4e-57  191.7   0.0   1   1   1.9e-57   6.3e-57  191.5   0.0     1   263    20   310    20   310 0.83 -
P11346               -            739 Pkinase              PF00069.31   263   5.6e-57  191.6   0.0   1   1   3.2e-57   1.1e-56  190.7   0.0     6   259   434   684   430   686 0.91 -
Q9C9U5               -           1030 Pkinase              PF00069.31   263   5.9e-57  191.6   0.0   1   1     3e-57     1e-56  190.8   0.0     2   259   749   998   748  1000 0.92 -
Q54P47               -           1335 Pkinase              PF00069.31   263   6.2e-57  191.5   0.1   1   1   2.5e-55   8.2e-55  184.5   0.1     2   263   719  1019   718  1019 0.93 -
Q54C18               -            516 Pkinase              PF00069.31   263   6.3e-57  191.5   0.2   1   1   3.8e-57   1.3e-56  190.5   0.0     1   263   232   479   232   479 0.95 -
Q6DBX4               -            860 Pkinase              PF00069.31   263   6.4e-57  191.5   0.0   1   2   1.6e-40   5.2e-40  136.0   0.2     4   159    26   183    23   191 0.91 -
Q6DBX4               -            860 Pkinase              PF00069.31   263   6.4e-57  191.5   0.0   2   2   3.4e-15   1.1e-14   53.0   0.0   157   263   719   816   708   816 0.84 -
Q9LQM8               -            305 Pkinase              PF00069.31   263   6.5e-57  191.4   0.0   1   1   2.3e-57   7.5e-57  191.2   0.0     2   263    49   302    48   302 0.92 -
Q59KM8               -            710 Pkinase              PF00069.31   263   7.4e-57  191.2   3.8   1   2   2.5e-39   8.3e-39  132.1   0.0     2   148   241   388   240   401 0.95 -
Q59KM8               -            710 Pkinase              PF00069.31   263   7.4e-57  191.2   3.8   2   2   2.3e-17   7.7e-17   60.1   0.1   153   263   446   557   435   557 0.80 -
Q54Y55               -            506 Pkinase              PF00069.31   263   8.3e-57  191.1   0.0   1   1   3.6e-57   1.2e-56  190.6   0.0     3   259    26   277    24   279 0.93 -
Q9LSF1               -            421 Pkinase              PF00069.31   263   8.6e-57  191.0   0.0   1   2   3.3e-31   1.1e-30  105.5   0.0     2   152    18   178    17   188 0.94 -
Q9LSF1               -            421 Pkinase              PF00069.31   263   8.6e-57  191.0   0.0   2   2   1.7e-24   5.6e-24   83.5   0.0   150   263   229   329   221   329 0.91 -
Q9LUL2               -            480 Pkinase              PF00069.31   263   9.1e-57  191.0   0.0   1   2   8.7e-34   2.9e-33  113.9   0.0     3   147    90   237    88   253 0.93 -
Q9LUL2               -            480 Pkinase              PF00069.31   263   9.1e-57  191.0   0.0   2   2   6.5e-22   2.1e-21   75.0   0.0   155   263   293   396   280   396 0.86 -
Q9VWQ2               -            483 Pkinase              PF00069.31   263   1.3e-56  190.5   0.0   1   1   6.1e-57     2e-56  189.8   0.0     2   259   160   431   159   435 0.88 -
G5EDF7               -            336 Pkinase              PF00069.31   263   1.4e-56  190.4   0.0   1   1     5e-57   1.6e-56  190.1   0.0     3   263    52   311    50   311 0.90 -
Q55EC7               -            960 Pkinase              PF00069.31   263   1.4e-56  190.3   0.0   1   1   8.1e-57   2.7e-56  189.4   0.0     2   259    22   270    21   273 0.95 -
Q81WH6               -            657 Pkinase              PF00069.31   263   1.5e-56  190.2   0.0   1   1   8.3e-57   2.7e-56  189.4   0.0     1   259    11   264    11   267 0.92 -
P15790               -            372 Pkinase              PF00069.31   263   1.6e-56  190.2   6.5   1   2   9.5e-07   3.1e-06   25.3   1.1     1    60    40    94    40   115 0.87 -
P15790               -            372 Pkinase              PF00069.31   263   1.6e-56  190.2   6.5   2   2   2.6e-50   8.6e-50  168.1   0.5    56   263   128   363   102   363 0.90 -
Q55EI8               -           1385 Pkinase              PF00069.31   263   1.8e-56  190.0   0.0   1   1   1.3e-56   4.2e-56  188.8   0.0     2   258   759  1002   758  1005 0.95 -
Q7Z2Y5               -           1582 Pkinase              PF00069.31   263   2.1e-56  189.8   0.0   1   1   4.3e-56   1.4e-55  187.0   0.0     2   263    26   313    25   313 0.92 -
Q9ESL4               -            802 Pkinase              PF00069.31   263   2.3e-56  189.7   0.0   1   1   1.2e-56   4.1e-56  188.8   0.0     4   258    19   257    16   260 0.93 -
Q20347               -            363 Pkinase              PF00069.31   263   2.5e-56  189.5   0.0   1   1   9.2e-57     3e-56  189.2   0.0     4   258    69   325    66   330 0.86 -
Q97IC2               -            657 Pkinase              PF00069.31   263   2.8e-56  189.4   0.7   1   1   1.2e-56     4e-56  188.9   0.7     1   258    10   263    10   266 0.93 -
Q9DGE0               -            361 Pkinase              PF00069.31   263   2.8e-56  189.3   0.0   1   1     1e-56   3.3e-56  189.1   0.0     2   263    81   341    80   341 0.89 -
J9VH94               -           1230 Pkinase              PF00069.31   263   2.9e-56  189.3   0.0   1   2       5.3        17    3.2   0.0     3    55   283   345   281   349 0.67 -
J9VH94               -           1230 Pkinase              PF00069.31   263   2.9e-56  189.3   0.0   2   2   3.9e-55   1.3e-54  183.9   0.0    52   263   595   801   573   801 0.93 -
G5EDT6               -            435 Pkinase              PF00069.31   263   3.3e-56  189.1   0.0   1   1   1.3e-56   4.3e-56  188.7   0.0     2   262   123   384   122   385 0.88 -
P38990               -           1142 Pkinase              PF00069.31   263   3.4e-56  189.1   0.1   1   1   1.8e-56     6e-56  188.3   0.1     1   263   133   448   133   448 0.88 -
Q84VX4               -            777 Pkinase              PF00069.31   263   4.1e-56  188.8   0.0   1   1   2.4e-56   7.9e-56  187.9   0.0     1   263   400   693   400   693 0.91 -
Q9R0G8               -           1455 Pkinase              PF00069.31   263   4.2e-56  188.8   0.0   1   1   9.3e-56   3.1e-55  185.9   0.0     2   263    26   313    25   313 0.90 -
P84199               -            981 Pkinase              PF00069.31   263   4.6e-56  188.6   0.1   1   1   2.4e-56   7.9e-56  187.9   0.1     1   255   453   711   453   716 0.86 -
X5M5N0               -           1850 Pkinase              PF00069.31   263   6.9e-56  188.1   0.0   1   1   3.8e-56   1.2e-55  187.2   0.0     3   263   336   596   334   596 0.91 -
P50873               -            501 Pkinase              PF00069.31   263   7.5e-56  188.0   0.0   1   1   4.8e-56   1.6e-55  186.9   0.0     3   263   166   447   164   447 0.85 -
Q5ZJB4               -            759 Pkinase              PF00069.31   263   9.7e-56  187.6   0.0   1   1   6.1e-56     2e-55  186.6   0.0     3   251    31   301    29   309 0.86 -
Q9W1B0               -           1637 Pkinase              PF00069.31   263     1e-55  187.5   0.0   1   1   7.3e-56   2.4e-55  186.3   0.0     2   263   101   369   100   369 0.91 -
Q54IP4               -            653 Pkinase              PF00069.31   263   1.1e-55  187.4   0.0   1   1     6e-56     2e-55  186.6   0.0     1   260   174   429   174   432 0.92 -
P24719               -            497 Pkinase              PF00069.31   263   1.1e-55  187.4   0.1   1   1   6.7e-56   2.2e-55  186.4   0.1     4   263   165   444   163   444 0.86 -
Q6DT37               -           1551 Pkinase              PF00069.31   263   1.2e-55  187.3   0.0   1   1   5.8e-56   1.9e-55  186.6   0.0     1   263    71   337    71   337 0.89 -
P48479               -            858 Pkinase              PF00069.31   263   1.2e-55  187.2   0.1   1   2   5.9e-19   1.9e-18   65.3   0.3     1   115     7   127     7   130 0.91 -
P48479               -            858 Pkinase              PF00069.31   263   1.2e-55  187.2   0.1   2   2   1.9e-35   6.1e-35  119.4   0.0   118   261   156   288   154   290 0.90 -
P11837               -            699 Pkinase              PF00069.31   263   1.3e-55  187.2   4.6   1   2   1.6e-19   5.2e-19   67.2   0.2     1   115    11   131    11   134 0.92 -
P11837               -            699 Pkinase              PF00069.31   263   1.3e-55  187.2   4.6   2   2   4.5e-36   1.5e-35  121.4   0.0   117   262   160   294   157   295 0.90 -
Q6CR51               -            593 Pkinase              PF00069.31   263   1.4e-55  187.1   0.9   1   1   5.4e-55   1.8e-54  183.4   0.1    22   263   203   489   192   489 0.90 -
Q9JIH7               -           2126 Pkinase              PF00069.31   263   1.7e-55  186.8   0.0   1   1   8.1e-56   2.7e-55  186.2   0.0     6   263   226   479   221   479 0.91 -
O88351               -            757 Pkinase              PF00069.31   263   1.8e-55  186.7   0.0   1   1     2e-55   6.4e-55  184.9   0.0     2   253    16   290    15   296 0.86 -
Q9H4A3               -           2382 Pkinase              PF00069.31   263   2.1e-55  186.5   0.0   1   1   9.4e-56   3.1e-55  185.9   0.0     6   263   226   479   221   479 0.91 -
Q9CEF5               -            627 Pkinase              PF00069.31   263   2.2e-55  186.5   0.2   1   1   1.4e-55   4.5e-55  185.4   0.0     1   257    12   265    12   270 0.90 -
M9PGC5               -           2462 Pkinase              PF00069.31   263   2.2e-55  186.4   0.0   1   1   6.7e-56   2.2e-55  186.4   0.0     2   263   472   729   471   729 0.92 -
O43077               -            559 Pkinase              PF00069.31   263   2.5e-55  186.2   0.0   1   1   1.1e-55   3.8e-55  185.7   0.0     1   258    21   319    21   323 0.84 -
Q54G43               -            710 Pkinase              PF00069.31   263   2.7e-55  186.1   0.0   1   1   8.3e-56   2.7e-55  186.1   0.0     5   259   241   489   238   491 0.90 -
Q8BI55               -            632 Pkinase              PF00069.31   263   3.2e-55  185.9   0.1   1   1   1.5e-55     5e-55  185.3   0.1     1   263   219   515   219   515 0.89 -
Q54VC0               -            418 Pkinase              PF00069.31   263   3.4e-55  185.8   0.0   1   1     1e-55   3.4e-55  185.8   0.0     9   259    22   264    16   266 0.91 -
Q03963               -            515 Pkinase              PF00069.31   263   3.4e-55  185.8   0.3   1   1   2.3e-55   7.5e-55  184.7   0.3     1   259   242   498   242   501 0.89 -
O64682               -            438 Pkinase              PF00069.31   263   4.2e-55  185.5   0.0   1   2   1.1e-34   3.8e-34  116.8   0.0     2   145    76   227    75   244 0.90 -
O64682               -            438 Pkinase              PF00069.31   263   4.2e-55  185.5   0.0   2   2     2e-19   6.7e-19   66.8   0.0   155   263   289   394   279   394 0.85 -
P30291               -            646 Pkinase              PF00069.31   263   5.1e-55  185.2   0.0   1   1   2.2e-55   7.1e-55  184.7   0.0     1   262   299   568   299   569 0.91 -
P49759               -            484 Pkinase              PF00069.31   263   5.4e-55  185.1   0.1   1   1   2.2e-55   7.2e-55  184.7   0.1     1   263   161   477   161   477 0.84 -
P00530               -            873 Pkinase              PF00069.31   263   6.8e-55  184.8   0.0   1   1   3.7e-55   1.2e-54  184.0   0.0     4   258   615   862   612   866 0.90 -
Q8MYQ1               -            441 Pkinase              PF00069.31   263   7.1e-55  184.7   0.0   1   1   2.7e-55   8.8e-55  184.4   0.0     2   263   127   381   126   381 0.91 -
S8EUF0               -           1298 Pkinase              PF00069.31   263   8.8e-55  184.4   0.0   1   2   8.2e-33   2.7e-32  110.7   0.0    22   151   132   264   123   298 0.93 -
S8EUF0               -           1298 Pkinase              PF00069.31   263   8.8e-55  184.4   0.0   2   2   3.2e-20   1.1e-19   69.4   0.0   151   263   350   504   339   504 0.86 -
Q8G6P9               -            690 Pkinase              PF00069.31   263   1.1e-54  184.2   0.0   1   1   4.9e-55   1.6e-54  183.6   0.0     1   253    14   272    14   282 0.90 -
Q94E49               -            493 Pkinase              PF00069.31   263   1.2e-54  184.0   0.0   1   2   5.6e-30   1.8e-29  101.4   0.0     2   147    81   240    80   248 0.87 -
Q94E49               -            493 Pkinase              PF00069.31   263   1.2e-54  184.0   0.0   2   2   2.4e-23   7.8e-23   79.7   0.0   154   263   332   443   323   443 0.89 -
Q23915               -           1094 Pkinase              PF00069.31   263   1.4e-54  183.8   0.4   1   1   1.3e-54   4.1e-54  182.2   0.0     4   259    25   272    22   274 0.91 -
Q90ZY4               -            385 Pkinase              PF00069.31   263   1.5e-54  183.7   0.0   1   1   6.4e-55   2.1e-54  183.2   0.0     1   260    32   291    32   296 0.89 -
Q9V3Q6               -            678 Pkinase              PF00069.31   263   1.6e-54  183.6   0.0   1   1   8.5e-55   2.8e-54  182.8   0.0     3   258    21   264    19   269 0.90 -
Q86AE1               -            527 Pkinase              PF00069.31   263   1.7e-54  183.5   0.0   1   1   8.3e-55   2.7e-54  182.8   0.0     6   258    38   288    35   291 0.90 -
Q54HD2               -           2112 Pkinase              PF00069.31   263   1.8e-54  183.4   0.2   1   2   5.9e-34   1.9e-33  114.5   0.3     2   147  1556  1707  1555  1721 0.90 -
Q54HD2               -           2112 Pkinase              PF00069.31   263   1.8e-54  183.4   0.2   2   2   4.9e-19   1.6e-18   65.6   0.0   154   263  1771  1872  1761  1872 0.84 -
Q8L4H0               -            500 Pkinase              PF00069.31   263   2.2e-54  183.2   0.0   1   1     1e-54   3.4e-54  182.5   0.0     1   263   249   495   249   495 0.93 -
O94235               -            678 Pkinase              PF00069.31   263   2.3e-54  183.1   0.0   1   1     1e-54   3.3e-54  182.6   0.0     4   263   319   603   316   603 0.86 -
P22209               -            435 Pkinase              PF00069.31   263   2.4e-54  183.0   2.7   1   1   4.4e-53   1.4e-52  177.2   2.7     1   260    25   340    25   343 0.90 -
Q24592               -           1177 Pkinase              PF00069.31   263   2.6e-54  182.9   0.0   1   2     7e-08   2.3e-07   29.0   0.0    48   193   629   774   605   834 0.75 -
Q24592               -           1177 Pkinase              PF00069.31   263   2.6e-54  182.9   0.0   2   2   3.4e-45   1.1e-44  151.3   0.0     1   258   892  1148   892  1151 0.86 -
Q9SND6               -            342 Pkinase              PF00069.31   263   2.8e-54  182.8   0.0   1   1     1e-54   3.3e-54  182.6   0.0     3   263     5   268     3   268 0.86 -
Q54U31               -            744 Pkinase              PF00069.31   263   2.9e-54  182.8   0.0   1   1     2e-54   6.7e-54  181.6   0.0     5   258   281   527   277   529 0.93 -
Q8SSH4               -            586 Pkinase              PF00069.31   263   2.9e-54  182.8   1.3   1   1   1.6e-54   5.3e-54  181.9   1.1     2   263   290   540   289   540 0.89 -
Q2RA93               -            439 Pkinase              PF00069.31   263   3.2e-54  182.6   0.1   1   1   1.2e-54   4.1e-54  182.3   0.1     4   263    38   293    35   293 0.88 -
Q3UH66               -           2149 Pkinase              PF00069.31   263   3.4e-54  182.5   0.0   1   1   1.5e-54   4.8e-54  182.0   0.0     6   263   200   453   195   453 0.92 -
Q9Y3S1               -           2297 Pkinase              PF00069.31   263   3.6e-54  182.4   0.0   1   1   1.6e-54   5.3e-54  181.9   0.0     6   263   200   453   195   453 0.92 -
Q1RMT8               -            461 Pkinase              PF00069.31   263   3.6e-54  182.4   0.1   1   1   1.6e-54   5.1e-54  181.9   0.1     5   259   191   453   188   456 0.89 -
Q96J92               -           1243 Pkinase              PF00069.31   263   4.6e-54  182.1   0.0   1   1   2.3e-54   7.6e-54  181.4   0.0     6   263   179   432   174   432 0.91 -
P32581               -            645 Pkinase              PF00069.31   263   4.7e-54  182.0   0.2   1   2       2.2       7.3    4.4   0.0     1    19    38    56    38    64 0.90 -
P32581               -            645 Pkinase              PF00069.31   263   4.7e-54  182.0   0.2   2   2   1.4e-52   4.7e-52  175.5   0.1    21   263    88   386    83   386 0.86 -
Q54TH6               -            597 Pkinase              PF00069.31   263     5e-54  182.0   1.2   1   1   3.3e-54   1.1e-53  180.9   0.0     4   259   337   579   335   581 0.91 -
Q9NI63               -            533 Pkinase              PF00069.31   263   5.3e-54  181.9   0.0   1   1   2.1e-54     7e-54  181.5   0.0     1   261   102   349   102   351 0.93 -
Q9XTF3               -            817 Pkinase              PF00069.31   263   5.8e-54  181.8   0.0   1   1   2.5e-54   8.3e-54  181.2   0.0     1   263   461   774   461   774 0.90 -
Q07538               -            477 Pkinase              PF00069.31   263   6.3e-54  181.7   0.2   1   1   2.8e-54   9.4e-54  181.1   0.2     1   263   159   474   159   474 0.89 -
Q9GT24               -            706 Pkinase              PF00069.31   263   6.7e-54  181.6   0.3   1   1   3.8e-53   1.3e-52  177.4   0.3     1   262    13   248    13   249 0.92 -
Q8S8Y8               -            567 Pkinase              PF00069.31   263   6.7e-54  181.6   0.1   1   1   3.4e-54   1.1e-53  180.8   0.1     3   263    30   285    28   285 0.90 -
Q54XQ2               -           1125 Pkinase              PF00069.31   263   7.3e-54  181.4   0.2   1   1   6.8e-54   2.2e-53  179.8   0.2     4   258   845  1086   842  1089 0.92 -
Q54TM7               -           1288 Pkinase              PF00069.31   263   9.3e-54  181.1   0.0   1   1   2.8e-54   9.3e-54  181.1   0.0     4   258   854  1097   851  1099 0.92 -
Q54C77               -           1186 Pkinase              PF00069.31   263     1e-53  181.0   0.7   1   1   9.6e-54   3.1e-53  179.4   0.0    21   263   196   437   180   437 0.92 -
Q04J43               -            659 Pkinase              PF00069.31   263   1.1e-53  180.9   0.0   1   1   5.1e-54   1.7e-53  180.3   0.0     1   249    12   256    12   272 0.87 -
Q54RR9               -           1761 Pkinase              PF00069.31   263   1.2e-53  180.7   0.1   1   1   3.7e-54   1.2e-53  180.7   0.1     4   258  1479  1733  1477  1736 0.89 -
Q93Z30               -            459 Pkinase              PF00069.31   263   1.2e-53  180.7   0.0   1   1   6.3e-54   2.1e-53  180.0   0.0    18   259   172   411   163   414 0.91 -
Q54BC9               -            915 Pkinase              PF00069.31   263   1.5e-53  180.4   0.0   1   1   8.1e-54   2.7e-53  179.6   0.0     2   263   606   902   605   902 0.87 -
Q54WE5               -            811 Pkinase              PF00069.31   263   1.6e-53  180.4   1.6   1   1     1e-53   3.3e-53  179.3   1.6     1   263   490   808   490   808 0.88 -
P19525               -            551 Pkinase              PF00069.31   263   1.6e-53  180.4   1.2   1   1   1.2e-53   4.1e-53  179.0   1.2     2   259   268   534   267   538 0.91 -
Q9M9E0               -            656 Pkinase              PF00069.31   263   1.6e-53  180.3   0.0   1   1   6.8e-54   2.3e-53  179.8   0.0     2   258   362   627   361   630 0.87 -
Q9LT38               -            408 Pkinase              PF00069.31   263   1.7e-53  180.3   0.0   1   2     2e-31   6.6e-31  106.2   0.0     3   151    23   180    21   192 0.91 -
Q9LT38               -            408 Pkinase              PF00069.31   263   1.7e-53  180.3   0.0   2   2   4.7e-21   1.5e-20   72.2   0.0   148   256   235   330   231   341 0.89 -
P54265               -            631 Pkinase              PF00069.31   263   1.7e-53  180.2   0.0   1   1   6.8e-54   2.2e-53  179.8   0.0     1   263    71   339    71   339 0.91 -
P54739               -            543 Pkinase              PF00069.31   263   1.7e-53  180.2   0.0   1   1   1.1e-53   3.5e-53  179.2   0.0     3   257    10   269     8   272 0.92 -
Q9LFH9               -            715 Pkinase              PF00069.31   263   1.9e-53  180.1   0.0   1   1   8.1e-54   2.7e-53  179.6   0.0     2   258   377   648   376   652 0.80 -
Q54H05               -            579 Pkinase              PF00069.31   263   2.2e-53  179.9   0.1   1   1   1.9e-53   6.3e-53  178.4   0.0     2   259    33   300    32   302 0.93 -
Q54E34               -            352 Pkinase              PF00069.31   263   2.6e-53  179.6   0.0   1   1   9.9e-54   3.3e-53  179.3   0.0     2   260    78   328    77   331 0.92 -
Q9STK6               -            516 Pkinase              PF00069.31   263   2.8e-53  179.5   0.1   1   1   1.3e-53   4.2e-53  178.9   0.1     4   263    25   280    23   280 0.92 -
Q9LSL5               -            675 Pkinase              PF00069.31   263   2.8e-53  179.5   0.0   1   1   1.5e-53     5e-53  178.7   0.0     2   259   351   626   350   630 0.85 -
Q2QXC6               -            417 Pkinase              PF00069.31   263   3.6e-53  179.2   2.5   1   1   1.4e-53   4.5e-53  178.9   2.5     4   263    35   289    32   289 0.89 -
O65238               -            872 Pkinase              PF00069.31   263   3.8e-53  179.1   0.0   1   1   1.7e-53   5.7e-53  178.5   0.0     4   258   518   800   516   802 0.85 -
D0Z5N4               -           1699 Pkinase              PF00069.31   263   3.9e-53  179.0   0.0   1   3    0.0036     0.012   13.6   0.0    44   189   252   412   240   459 0.77 -
D0Z5N4               -           1699 Pkinase              PF00069.31   263   3.9e-53  179.0   0.0   2   3     6e-12     2e-11   42.3   0.0     4    81   494   570   492   583 0.90 -
D0Z5N4               -           1699 Pkinase              PF00069.31   263   3.9e-53  179.0   0.0   3   3   8.6e-35   2.8e-34  117.2   0.0    45   260   751   996   723   998 0.86 -
Q54UL8               -            983 Pkinase              PF00069.31   263     4e-53  179.0   0.0   1   1   1.2e-53     4e-53  179.0   0.0     3   263   716   981   714   981 0.89 -
Q9FG33               -            652 Pkinase              PF00069.31   263   4.7e-53  178.8   0.0   1   1   1.9e-53   6.2e-53  178.4   0.0     4   259   333   604   330   606 0.84 -
Q944Q0               -            563 Pkinase              PF00069.31   263   5.1e-53  178.7   0.1   1   1   3.8e-53   1.2e-52  177.4   0.0     5   263    33   286    29   286 0.89 -
Q54QV3               -           1458 Pkinase              PF00069.31   263   8.6e-53  177.9   0.1   1   1   2.6e-53   8.6e-53  177.9   0.1     1   263   205   548   205   548 0.89 -
Q12222               -            375 Pkinase              PF00069.31   263   1.1e-52  177.6   0.0   1   1   4.5e-53   1.5e-52  177.1   0.0     3   263    43   329    41   329 0.83 -
O01583               -           1592 Pkinase              PF00069.31   263   1.1e-52  177.6   2.2   1   1   3.4e-53   1.1e-52  177.6   0.0     1   247    83   333    83   351 0.86 -
P54199               -            764 Pkinase              PF00069.31   263   1.1e-52  177.6   0.0   1   1   7.1e-53   2.3e-52  176.5   0.0     1   262   440   715   440   716 0.91 -
Q07292               -            813 Pkinase              PF00069.31   263   1.2e-52  177.4   0.0   1   1   5.9e-53   1.9e-52  176.8   0.0     4   259   484   741   481   743 0.89 -
Q54VV7               -           1126 Pkinase              PF00069.31   263   1.4e-52  177.3   1.1   1   1   4.2e-53   1.4e-52  177.3   1.1     3   259    18   283    16   286 0.88 -
Q01577               -            613 Pkinase              PF00069.31   263   1.4e-52  177.3   0.1   1   1   9.8e-53   3.2e-52  176.0   0.1     4   263    20   269    17   269 0.87 -
Q54QQ1               -           1387 Pkinase              PF00069.31   263   1.6e-52  177.1   0.0   1   1   4.8e-53   1.6e-52  177.1   0.0     3   259   809  1067   807  1070 0.89 -
Q65X23               -            621 Pkinase              PF00069.31   263   1.6e-52  177.0   0.0   1   1   7.9e-53   2.6e-52  176.4   0.0     5   263    32   286    29   286 0.91 -
Q9FPR3               -            933 Pkinase              PF00069.31   263   1.7e-52  176.9   0.0   1   1   1.4e-52   4.4e-52  175.6   0.0     4   258   672   918   669   921 0.92 -
Q9XID3               -            829 Pkinase              PF00069.31   263   2.1e-52  176.7   0.0   1   1     1e-52   3.3e-52  176.0   0.0     4   259   487   754   485   756 0.83 -
Q922K9               -            512 Pkinase              PF00069.31   263   2.5e-52  176.4   0.0   1   1     1e-52   3.4e-52  176.0   0.0     2   257   242   490   241   494 0.91 -
Q54P26               -            593 Pkinase              PF00069.31   263   2.6e-52  176.3   2.4   1   1   1.1e-52   3.6e-52  175.9   0.1     1   263   186   438   186   438 0.91 -
Q8VZJ9               -            411 Pkinase              PF00069.31   263   2.9e-52  176.2   0.0   1   1   1.2e-52   3.8e-52  175.8   0.0     6   259   124   394   119   397 0.87 -
Q13546               -            671 Pkinase              PF00069.31   263     3e-52  176.1   0.1   1   1   1.4e-52   4.6e-52  175.5   0.1     5   256    21   280    17   285 0.87 -
Q9S9M2               -            761 Pkinase              PF00069.31   263   3.6e-52  175.9   0.1   1   1   1.5e-52     5e-52  175.4   0.1     2   257   425   690   424   693 0.85 -
Q9SSA4               -            411 Pkinase              PF00069.31   263     4e-52  175.7   0.0   1   1   2.2e-52   7.2e-52  174.9   0.0     4   259   111   380   108   382 0.92 -
Q9XBQ0               -            547 Pkinase              PF00069.31   263   4.1e-52  175.7   0.0   1   1   1.6e-52   5.4e-52  175.3   0.0     1   259    18   282    18   285 0.89 -
Q6EU49               -            612 Pkinase              PF00069.31   263   5.2e-52  175.4   0.1   1   1   2.6e-52   8.6e-52  174.6   0.1     4   263    28   282    25   282 0.90 -
O80345               -            479 Pkinase              PF00069.31   263   6.4e-52  175.1   0.0   1   2   9.3e-31   3.1e-30  104.0   0.0     1   151    21   174    21   187 0.87 -
O80345               -            479 Pkinase              PF00069.31   263   6.4e-52  175.1   0.0   2   2   4.3e-20   1.4e-19   69.0   0.0   153   263   286   418   276   418 0.82 -
Q8G4G1               -            757 Pkinase              PF00069.31   263   7.9e-52  174.8   0.0   1   1   3.5e-52   1.2e-51  174.2   0.0     1   253    14   264    14   276 0.91 -
Q54RJ4               -            979 Pkinase              PF00069.31   263   8.8e-52  174.6   0.0   1   1   4.8e-52   1.6e-51  173.8   0.0     3   263   263   568   261   568 0.87 -
Q9XA16               -            673 Pkinase              PF00069.31   263   9.8e-52  174.5   0.0   1   1     5e-52   1.7e-51  173.7   0.0     1   253    11   264    11   272 0.90 -
P51566               -            467 Pkinase              PF00069.31   263     1e-51  174.4   0.0   1   1     5e-50   1.6e-49  167.2   0.0     1   263   115   443   115   443 0.85 -
Q21307               -            347 Pkinase              PF00069.31   263   1.1e-51  174.3   0.0   1   1   4.2e-52   1.4e-51  174.0   0.0     3   263    74   325    72   325 0.89 -
Q54FH3               -            419 Pkinase              PF00069.31   263   1.3e-51  174.0   0.1   1   2     8e-31   2.6e-30  104.2   0.0     1   152    40   202    40   224 0.87 -
Q54FH3               -            419 Pkinase              PF00069.31   263   1.3e-51  174.0   0.1   2   2     9e-20     3e-19   68.0   0.0   150   263   278   387   271   387 0.84 -
Q76NV1               -            836 Pkinase              PF00069.31   263   1.6e-51  173.7   0.5   1   1     5e-52   1.6e-51  173.7   0.5     2   263   305   624   304   624 0.88 -
P9WI81               -            626 Pkinase              PF00069.31   263   1.8e-51  173.6   0.0   1   1   6.9e-52   2.3e-51  173.3   0.0     1   255    11   266    11   274 0.93 -
Q9WUM7               -           1168 Pkinase              PF00069.31   263   2.1e-51  173.4   0.0   1   1   1.3e-51   4.2e-51  172.4   0.0     1   263   199   527   199   527 0.87 -
Q19192               -           1077 Pkinase              PF00069.31   263   2.1e-51  173.4   1.5   1   2   2.3e-11   7.6e-11   40.4   0.1     1    70   604   672   604   713 0.86 -
Q19192               -           1077 Pkinase              PF00069.31   263   2.1e-51  173.4   1.5   2   2   2.9e-39   9.5e-39  131.9   0.1    42   263   836  1076   823  1076 0.82 -
P00542               -            609 Pkinase              PF00069.31   263   2.1e-51  173.4   0.0   1   1     1e-51   3.4e-51  172.7   0.0     3   259   350   599   348   601 0.91 -
Q9H2X6               -           1198 Pkinase              PF00069.31   263   2.1e-51  173.4   0.0   1   1   1.4e-51   4.5e-51  172.3   0.0     1   263   199   527   199   527 0.87 -
Q84M95               -            375 Pkinase              PF00069.31   263   2.5e-51  173.1   0.0   1   1   9.9e-52   3.2e-51  172.8   0.0     2   259    77   351    76   354 0.86 -
Q9NIV1               -           1162 Pkinase              PF00069.31   263   2.8e-51  173.0   0.0   1   2   1.4e-12   4.6e-12   44.4   0.0     2    69   643   709   642   756 0.89 -
Q9NIV1               -           1162 Pkinase              PF00069.31   263   2.8e-51  173.0   0.0   2   2   1.5e-37   4.8e-37  126.3   0.0    70   259   926  1119   912  1121 0.85 -
Q9LHI7               -            571 Pkinase              PF00069.31   263   3.5e-51  172.6   0.0   1   1   1.6e-51   5.2e-51  172.1   0.0     1   261    19   271    19   273 0.93 -
Q9SYS7               -            659 Pkinase              PF00069.31   263   3.9e-51  172.5   0.0   1   1   1.8e-51     6e-51  171.9   0.0     2   257   354   615   353   617 0.85 -
O14019               -            636 Pkinase              PF00069.31   263   4.6e-51  172.3   0.0   1   1   2.7e-51   8.9e-51  171.3   0.0     4   263   354   623   352   623 0.85 -
Q09690               -           1087 Pkinase              PF00069.31   263   4.7e-51  172.2   0.0   1   1   2.3e-51   7.5e-51  171.6   0.0     1   263   699   995   699   995 0.86 -
P54737               -            380 Pkinase              PF00069.31   263   4.8e-51  172.2   0.0   1   2   4.2e-13   1.4e-12   46.1   0.0     1    90     9    99     9   109 0.94 -
P54737               -            380 Pkinase              PF00069.31   263   4.8e-51  172.2   0.0   2   2   6.9e-37   2.3e-36  124.1   0.0    98   253   219   369   205   377 0.82 -
P49657               -            908 Pkinase              PF00069.31   263   4.9e-51  172.2   0.0   1   1   2.4e-51     8e-51  171.5   0.0     1   263   164   484   164   484 0.89 -
Q8S8Y9               -            568 Pkinase              PF00069.31   263   4.9e-51  172.2   0.0   1   1   2.3e-51   7.7e-51  171.5   0.0     4   263    27   281    25   281 0.89 -
Q9XEC7               -            646 Pkinase              PF00069.31   263   5.5e-51  172.0   0.0   1   1   4.2e-51   1.4e-50  170.7   0.0     2   258   346   617   345   618 0.88 -
Q9FF29               -            665 Pkinase              PF00069.31   263   5.6e-51  172.0   0.1   1   1   3.2e-51   1.1e-50  171.1   0.1     5   257   335   601   332   605 0.81 -
Q5Z754               -            479 Pkinase              PF00069.31   263   6.2e-51  171.8   0.0   1   2   1.7e-27   5.7e-27   93.3   0.0     1   154    24   177    24   196 0.88 -
Q5Z754               -            479 Pkinase              PF00069.31   263   6.2e-51  171.8   0.0   2   2   2.2e-22   7.2e-22   76.6   0.0   151   263   287   419   280   419 0.90 -
Q8RWH3               -            956 Pkinase              PF00069.31   263   6.2e-51  171.8   0.0   1   1   1.8e-50     6e-50  168.6   0.0     1   263   122   464   122   464 0.88 -
Q2QM77               -            484 Pkinase              PF00069.31   263   6.5e-51  171.8   0.0   1   2   2.3e-31   7.5e-31  106.0   0.0     2   152   112   271   111   281 0.88 -
Q2QM77               -            484 Pkinase              PF00069.31   263   6.5e-51  171.8   0.0   2   2   1.6e-18   5.3e-18   63.9   0.0   154   263   320   427   311   427 0.85 -
Q9FHG4               -            681 Pkinase              PF00069.31   263   6.6e-51  171.8   0.0   1   1   2.8e-51   9.3e-51  171.3   0.0     1   259   365   637   365   639 0.87 -
Q55GG4               -           2230 Pkinase              PF00069.31   263   6.7e-51  171.7   0.0   1   1     2e-51   6.7e-51  171.7   0.0     4   260  1952  2206  1949  2208 0.94 -
Q2R560               -            912 Pkinase              PF00069.31   263   6.7e-51  171.7   0.0   1   1   2.9e-51   9.5e-51  171.2   0.0     5   259   584   853   580   855 0.84 -
Q52WX2               -            424 Pkinase              PF00069.31   263   6.8e-51  171.7   0.0   1   1   2.6e-51   8.7e-51  171.4   0.0     1   258    53   310    53   315 0.89 -
P41719               -            267 Pkinase              PF00069.31   263   9.6e-51  171.2   4.5   1   1   3.6e-51   1.2e-50  170.9   4.5     8   263    25   266    18   266 0.90 -
P00528               -            552 Pkinase              PF00069.31   263     1e-50  171.1   0.0   1   1   4.2e-51   1.4e-50  170.7   0.0     2   256   285   531   284   536 0.89 -
P25333               -            603 Pkinase              PF00069.31   263     1e-50  171.1   0.0   1   1   4.9e-51   1.6e-50  170.5   0.0     4   262   319   589   317   590 0.88 -
Q54HC6               -           1460 Pkinase              PF00069.31   263   1.1e-50  171.0   0.0   1   1   7.3e-51   2.4e-50  169.9   0.0     3   259  1114  1371  1112  1374 0.86 -
Q9CAV6               -            700 Pkinase              PF00069.31   263   1.1e-50  171.0   0.0   1   1   5.2e-51   1.7e-50  170.4   0.0     4   263    27   281    25   281 0.92 -
Q80ZW0               -            539 Pkinase              PF00069.31   263   1.1e-50  171.0   0.0   1   1   1.4e-49   4.7e-49  165.7   0.0     1   256   207   527   207   531 0.91 -
Q9ASQ5               -            510 Pkinase              PF00069.31   263   1.2e-50  170.9   0.0   1   1   5.2e-51   1.7e-50  170.4   0.0     3   262   227   498   225   499 0.88 -
Q54R58               -            918 Pkinase              PF00069.31   263   1.4e-50  170.7   0.0   1   1   1.1e-50   3.7e-50  169.3   0.0     2   259   178   434   177   436 0.90 -
P07527               -            877 Pkinase              PF00069.31   263   1.5e-50  170.6   0.0   1   1   6.5e-51   2.2e-50  170.1   0.0     3   260   568   837   566   840 0.86 -
Q9V9J3               -            517 Pkinase              PF00069.31   263   1.6e-50  170.5   0.0   1   1   6.8e-51   2.2e-50  170.0   0.0     3   257   250   496   248   499 0.91 -
Q86AT8               -            638 Pkinase              PF00069.31   263   1.9e-50  170.3   0.0   1   1     1e-50   3.3e-50  169.5   0.0     3   259   353   610   351   613 0.93 -
O35491               -            499 Pkinase              PF00069.31   263   1.9e-50  170.2   0.1   1   1   7.7e-51   2.5e-50  169.8   0.1     1   263   162   478   162   478 0.83 -
Q08DZ2               -           1008 Pkinase              PF00069.31   263   2.2e-50  170.0   0.5   1   1   1.5e-50     5e-50  168.9   0.5     3   263   690  1004   688  1004 0.88 -
P14680               -            807 Pkinase              PF00069.31   263   2.4e-50  169.9   0.2   1   1   3.1e-50     1e-49  167.8   0.2     3   263   371   704   369   704 0.89 -
Q03533               -            586 Pkinase              PF00069.31   263   2.5e-50  169.9   1.3   1   1   1.8e-49   6.1e-49  165.3   1.0     3   263    41   351    39   351 0.84 -
Q13882               -            451 Pkinase              PF00069.31   263   2.7e-50  169.7   0.0   1   1   1.1e-50   3.6e-50  169.3   0.0     2   257   192   437   191   441 0.91 -
Q12100               -            620 Pkinase              PF00069.31   263   2.7e-50  169.7   0.0   1   1   1.3e-50   4.2e-50  169.1   0.0     4   263   305   575   303   575 0.86 -
Q9S2C0               -            556 Pkinase              PF00069.31   263   2.8e-50  169.7   0.0   1   1   1.1e-50   3.5e-50  169.4   0.0     1   260    20   284    20   287 0.92 -
A4L9P5               -           1211 Pkinase              PF00069.31   263     3e-50  169.6   0.0   1   1   1.6e-50   5.4e-50  168.8   0.0     1   263   190   518   190   518 0.88 -
Q3V016               -            616 Pkinase              PF00069.31   263   3.1e-50  169.6   0.0   1   1   1.5e-50     5e-50  168.9   0.0     1   263    11   347    11   347 0.89 -
Q0D598               -            704 Pkinase              PF00069.31   263   3.1e-50  169.6   0.1   1   1   1.3e-50   4.2e-50  169.1   0.1     5   263    31   284    28   284 0.89 -
Q54XY6               -            908 Pkinase              PF00069.31   263   3.1e-50  169.5   0.6   1   1   2.9e-50   9.4e-50  168.0   0.0     2   258   531   802   530   805 0.90 -
Q5UNT1               -            545 Pkinase              PF00069.31   263   3.2e-50  169.5   0.1   1   1   1.6e-50   5.1e-50  168.8   0.1     4   259   267   537   264   539 0.86 -
Q9FIU5               -            440 Pkinase              PF00069.31   263   3.2e-50  169.5   0.0   1   1   1.3e-50   4.3e-50  169.1   0.0     4   259   116   374   113   376 0.88 -
P49762               -            832 Pkinase              PF00069.31   263   3.4e-50  169.4   0.6   1   1     1e-50   3.4e-50  169.4   0.6     1   263   479   799   479   799 0.84 -
Q3V129               -           1303 Pkinase              PF00069.31   263   3.5e-50  169.4   0.0   1   1   2.3e-50   7.4e-50  168.3   0.0     3   262     6   279     4   280 0.94 -
Q13627               -            763 Pkinase              PF00069.31   263   3.8e-50  169.3   0.0   1   1   1.8e-50     6e-50  168.6   0.0     1   263   159   479   159   479 0.85 -
Q8FUI5               -            660 Pkinase              PF00069.31   263   4.1e-50  169.2   0.0   1   1   1.6e-50   5.2e-50  168.8   0.0     1   212     9   229     9   273 0.90 -
Q9FGL5               -            966 Pkinase              PF00069.31   263   4.1e-50  169.1   0.3   1   2       3.2        11    3.9   0.0   176   247   590   660   581   661 0.82 -
Q9FGL5               -            966 Pkinase              PF00069.31   263   4.1e-50  169.1   0.3   2   2     3e-49     1e-48  164.6   0.0     4   259   659   931   656   933 0.83 -
Q8VYG0               -            686 Pkinase              PF00069.31   263   4.3e-50  169.1   0.0   1   1     2e-50   6.4e-50  168.5   0.0     4   259   361   628   359   630 0.85 -
Q9ASQ6               -           1019 Pkinase              PF00069.31   263   4.3e-50  169.1   0.0   1   1   3.4e-50   1.1e-49  167.7   0.0     3   259   675   940   673   942 0.85 -
Q9M0G5               -            625 Pkinase              PF00069.31   263   4.6e-50  169.0   0.0   1   1   2.2e-50   7.2e-50  168.3   0.0     3   259   333   603   331   606 0.88 -
P0C1B1               -            902 Pkinase              PF00069.31   263   4.6e-50  169.0   0.4   1   3      0.66       2.2    6.2   0.0     2    26   379   403   378   420 0.88 -
P0C1B1               -            902 Pkinase              PF00069.31   263   4.6e-50  169.0   0.4   2   3     7e-27   2.3e-26   91.3   0.1    22   146   424   550   417   563 0.91 -
P0C1B1               -            902 Pkinase              PF00069.31   263   4.6e-50  169.0   0.4   3   3   8.5e-20   2.8e-19   68.1   0.0   153   255   627   724   617   732 0.80 -
Q9C6K9               -            629 Pkinase              PF00069.31   263   5.4e-50  168.7   0.0   1   1   2.4e-50   7.9e-50  168.2   0.0     2   259   292   562   291   564 0.85 -
Q8WQL7               -            882 Pkinase              PF00069.31   263   6.2e-50  168.6   0.0   1   1   1.9e-50   6.2e-50  168.6   0.0     6   263   333   649   329   649 0.86 -
Q9SA25               -            720 Pkinase              PF00069.31   263   6.4e-50  168.5   0.0   1   1   3.3e-50   1.1e-49  167.8   0.0     2   257   391   656   390   659 0.84 -
Q75JN1               -           1700 Pkinase              PF00069.31   263   6.6e-50  168.5   7.9   1   3   1.5e-13     5e-13   47.6   0.0     1    71   494   563   494   591 0.89 -
Q75JN1               -           1700 Pkinase              PF00069.31   263   6.6e-50  168.5   7.9   2   3   2.3e-23   7.5e-23   79.8   0.4    30   153   727   852   711   870 0.75 -
Q75JN1               -           1700 Pkinase              PF00069.31   263   6.6e-50  168.5   7.9   3   3   5.4e-12   1.8e-11   42.5   0.1   148   262   920  1026   913  1027 0.82 -
P00522               -           1620 Pkinase              PF00069.31   263   6.7e-50  168.5   0.0   1   1   3.2e-50   1.1e-49  167.8   0.0     3   259   373   620   371   626 0.88 -
P43405               -            635 Pkinase              PF00069.31   263   6.7e-50  168.4   0.1   1   1     4e-50   1.3e-49  167.5   0.1     4   256   374   621   372   625 0.90 -
Q9LRP3               -            467 Pkinase              PF00069.31   263   6.9e-50  168.4   0.0   1   1   2.8e-50   9.3e-50  168.0   0.0     2   258   155   422   154   425 0.84 -
Q07407               -            729 Pkinase              PF00069.31   263   7.3e-50  168.3   0.0   1   1   6.6e-50   2.2e-49  166.8   0.0     4   259   419   686   416   688 0.88 -
P18106               -           1325 Pkinase              PF00069.31   263   7.4e-50  168.3   0.0   1   1   5.1e-50   1.7e-49  167.1   0.0     3   259  1065  1312  1063  1314 0.90 -
Q54RB7               -            527 Pkinase              PF00069.31   263   8.2e-50  168.2   0.0   1   1   4.8e-50   1.6e-49  167.2   0.0     3   259    47   298    45   300 0.89 -
P00519               -           1130 Pkinase              PF00069.31   263   9.5e-50  167.9   0.0   1   1   4.7e-50   1.5e-49  167.3   0.0     3   259   244   491   242   494 0.91 -
Q8RWZ5               -            821 Pkinase              PF00069.31   263   9.5e-50  167.9   0.0   1   1   4.9e-50   1.6e-49  167.2   0.0     5   259   497   762   494   764 0.84 -
Q54L00               -            650 Pkinase              PF00069.31   263   9.7e-50  167.9   0.0   1   1   5.7e-50   1.9e-49  167.0   0.0     5   259   390   634   386   636 0.91 -
Q03145               -            977 Pkinase              PF00069.31   263     1e-49  167.9   0.0   1   1   5.9e-50   1.9e-49  166.9   0.0     3   258   616   869   614   871 0.87 -
Q9CAC3               -            413 Pkinase              PF00069.31   263     1e-49  167.8   0.0   1   1     4e-50   1.3e-49  167.5   0.0     2   256    51   315    50   318 0.86 -
Q9P6P3               -            534 Pkinase              PF00069.31   263     1e-49  167.8   0.0   1   1   5.8e-50   1.9e-49  166.9   0.0     3   263   132   458   130   458 0.89 -
F1N9Y5               -            613 Pkinase              PF00069.31   263   1.1e-49  167.7   0.0   1   1   5.5e-50   1.8e-49  167.0   0.0     4   254   352   597   350   603 0.90 -
P09760               -            823 Pkinase              PF00069.31   263   1.6e-49  167.2   0.1   1   1   1.9e-49   6.2e-49  165.3   0.0     3   258   566   812   564   815 0.89 -
Q8QFP8               -            662 Pkinase              PF00069.31   263   1.7e-49  167.1   0.0   1   1   8.9e-50   2.9e-49  166.4   0.0     4   257   349   607   346   611 0.89 -
A0A1D6E0S8           -            856 Pkinase              PF00069.31   263   1.7e-49  167.1   0.0   1   1   7.7e-50   2.5e-49  166.6   0.0     1   254   527   790   527   799 0.87 -
P18160               -           2410 Pkinase              PF00069.31   263   1.8e-49  167.0   0.0   1   1   5.5e-50   1.8e-49  167.0   0.0     2   260  2116  2384  2115  2385 0.86 -
C0LGT5               -            866 Pkinase              PF00069.31   263   1.9e-49  167.0   0.0   1   1   8.5e-50   2.8e-49  166.4   0.0     4   259   576   840   573   842 0.90 -
Q9FX99               -            663 Pkinase              PF00069.31   263     2e-49  166.9   0.0   1   1   1.1e-49   3.5e-49  166.1   0.0     5   259   331   596   328   598 0.85 -
H2KZW3               -            745 Pkinase              PF00069.31   263     2e-49  166.9   0.0   1   1   1.3e-49   4.2e-49  165.8   0.0     2   257    32   284    31   287 0.85 -
O94647               -            461 Pkinase              PF00069.31   263   2.2e-49  166.8   0.0   1   1   9.1e-50     3e-49  166.3   0.0     2   263   121   416   120   416 0.87 -
Q9FIL7               -            470 Pkinase              PF00069.31   263   2.2e-49  166.7   0.0   1   1   8.8e-50   2.9e-49  166.4   0.0     2   262   148   422   147   423 0.88 -
P29323               -           1055 Pkinase              PF00069.31   263   2.3e-49  166.7   0.0   1   1   1.1e-49   3.6e-49  166.1   0.0     3   259   623   878   621   880 0.89 -
Q9H422               -           1215 Pkinase              PF00069.31   263   2.3e-49  166.7   0.0   1   1   1.4e-49   4.5e-49  165.7   0.0     1   263   197   525   197   525 0.86 -
Q9C9L5               -            792 Pkinase              PF00069.31   263   2.4e-49  166.6   0.2   1   1   1.3e-49   4.1e-49  165.9   0.2     2   257   448   714   447   717 0.84 -
Q9M1Z9               -            626 Pkinase              PF00069.31   263     3e-49  166.3   0.0   1   1   1.4e-49   4.5e-49  165.7   0.0     1   204   303   512   303   572 0.89 -
Q39202               -            832 Pkinase              PF00069.31   263   3.3e-49  166.2   0.0   1   1   1.5e-49     5e-49  165.6   0.0     4   259   534   797   531   799 0.86 -
O65468               -            676 Pkinase              PF00069.31   263   3.6e-49  166.0   0.0   1   1   1.9e-49   6.4e-49  165.2   0.0     2   257   354   620   353   624 0.82 -
Q9LVL5               -            571 Pkinase              PF00069.31   263     4e-49  165.9   0.0   1   1   1.9e-49   6.4e-49  165.2   0.0     5   263    23   277    20   277 0.91 -
Q54Y90               -           1090 Pkinase              PF00069.31   263     4e-49  165.9   0.0   1   1   2.4e-49   7.9e-49  164.9   0.0     3   257   194   439   192   443 0.90 -
P32944               -            819 Pkinase              PF00069.31   263     4e-49  165.9   1.0   1   1   8.7e-49   2.8e-48  163.1   1.0     2   260   445   790   444   793 0.86 -
Q8MQ70               -            846 Pkinase              PF00069.31   263   4.1e-49  165.9   0.0   1   1     2e-49   6.6e-49  165.2   0.0     1   262   147   482   147   483 0.88 -
P41279               -            467 Pkinase              PF00069.31   263   4.1e-49  165.9   0.0   1   1     2e-49   6.6e-49  165.2   0.0     8   261   145   386   139   388 0.91 -
Q9NZJ5               -           1116 Pkinase              PF00069.31   263   4.7e-49  165.7   0.0   1   2     1e-11   3.3e-11   41.6   0.0     3    69   595   660   593   675 0.91 -
Q9NZJ5               -           1116 Pkinase              PF00069.31   263   4.7e-49  165.7   0.0   2   2   3.4e-36   1.1e-35  121.8   0.0    70   261   881  1075   866  1077 0.84 -
O14976               -           1311 Pkinase              PF00069.31   263   4.9e-49  165.6   0.0   1   1   2.4e-49     8e-49  164.9   0.0     4   260    43   312    40   313 0.90 -
Q08732               -            759 Pkinase              PF00069.31   263   5.2e-49  165.5   2.0   1   2   1.5e-44   5.1e-44  149.2   0.0     4   206   218   430   216   474 0.88 -
Q08732               -            759 Pkinase              PF00069.31   263   5.2e-49  165.5   2.0   2   2    0.0032     0.011   13.7   2.2   195   263   626   722   619   722 0.66 -
Q9LFV3               -            436 Pkinase              PF00069.31   263   5.5e-49  165.5   0.0   1   1   2.5e-49   8.2e-49  164.9   0.0     5   259   118   373   115   375 0.87 -
Q9KIG4               -            641 Pkinase              PF00069.31   263   6.3e-49  165.3   0.0   1   1   2.5e-49   8.1e-49  164.9   0.0     1   211    18   230    18   269 0.92 -
Q9SCU5               -            549 Pkinase              PF00069.31   263   6.3e-49  165.3   0.0   1   1   2.8e-49   9.3e-49  164.7   0.0     5   263    29   283    26   283 0.90 -
Q9LX30               -           1241 Pkinase              PF00069.31   263   6.5e-49  165.2   0.0   1   1   5.7e-49   1.9e-48  163.7   0.0     1   262   425   730   425   731 0.92 -
Q9FIF1               -            674 Pkinase              PF00069.31   263   6.7e-49  165.2   0.0   1   1   2.9e-49   9.4e-49  164.7   0.0     2   259   356   622   355   624 0.83 -
O18209               -            677 Pkinase              PF00069.31   263   6.7e-49  165.2   0.0   1   1   3.1e-49     1e-48  164.6   0.0     2   263   109   355   108   355 0.90 -
Q0D541               -            327 Pkinase              PF00069.31   263   7.5e-49  165.0   0.0   1   1   2.7e-49     9e-49  164.7   0.0     5   263    59   314    56   314 0.89 -
Q2QRN7               -            948 Pkinase              PF00069.31   263   7.7e-49  165.0   0.0   1   1   7.8e-49   2.5e-48  163.3   0.0     2   258   661   945   660   947 0.89 -
P18161               -           1155 Pkinase              PF00069.31   263   8.1e-49  164.9   0.0   1   1     1e-48   3.4e-48  162.9   0.0     3   259   855  1107   853  1109 0.90 -
P0C1S8               -            567 Pkinase              PF00069.31   263   8.2e-49  164.9   0.0   1   1   3.6e-49   1.2e-48  164.4   0.0     3   259   214   482   212   486 0.89 -
Q9SHI2               -           1101 Pkinase              PF00069.31   263   8.5e-49  164.8   0.0   1   1   3.7e-49   1.2e-48  164.3   0.0     3   259   801  1070   799  1072 0.85 -
P0CD62               -            966 Pkinase              PF00069.31   263   8.6e-49  164.8   0.0   1   1   4.4e-49   1.5e-48  164.1   0.0     7   259   708   950   703   952 0.90 -
O64768               -           1257 Pkinase              PF00069.31   263   8.7e-49  164.8   0.0   1   1   4.3e-49   1.4e-48  164.1   0.0     2   258   975  1233   974  1236 0.90 -
Q9SIT1               -            943 Pkinase              PF00069.31   263   8.7e-49  164.8   0.0   1   1   3.7e-49   1.2e-48  164.3   0.0     2   259   586   861   585   863 0.86 -
Q6Z829               -            520 Pkinase              PF00069.31   263   9.5e-49  164.7   0.0   1   1   4.5e-49   1.5e-48  164.0   0.0     1   263   267   510   267   510 0.91 -
P42687               -            497 Pkinase              PF00069.31   263   9.9e-49  164.6   0.3   1   1   1.3e-48   4.1e-48  162.6   0.0     2   255   221   473   220   479 0.86 -
E1BTE1               -            565 Pkinase              PF00069.31   263   1.1e-48  164.4   0.0   1   1   4.7e-49   1.6e-48  164.0   0.0     3   262   219   488   217   489 0.91 -
Q9SYM9               -            355 Pkinase              PF00069.31   263   1.2e-48  164.4   0.0   1   1   4.7e-49   1.6e-48  164.0   0.0     3   258    77   341    75   344 0.83 -
C0LGU1               -            959 Pkinase              PF00069.31   263   1.3e-48  164.2   0.0   1   1   5.9e-49   1.9e-48  163.7   0.0     2   259   632   897   631   899 0.90 -
Q9SXB8               -            842 Pkinase              PF00069.31   263   1.5e-48  164.0   0.0   1   1   6.3e-49   2.1e-48  163.6   0.0     3   206   526   735   524   792 0.87 -
Q96S53               -            571 Pkinase              PF00069.31   263   1.5e-48  164.0   0.0   1   1   8.6e-49   2.8e-48  163.1   0.0     5   257    62   305    60   309 0.89 -
Q9SJG2               -            494 Pkinase              PF00069.31   263   1.6e-48  163.9   0.0   1   1   7.6e-49   2.5e-48  163.3   0.0     4   258   186   451   183   455 0.82 -
Q10156               -            690 Pkinase              PF00069.31   263   1.7e-48  163.8   0.0   1   1   7.1e-49   2.3e-48  163.4   0.0     1   263   362   682   362   682 0.80 -
Q55CZ1               -           1637 Pkinase              PF00069.31   263   1.8e-48  163.8   0.1   1   1   9.2e-49     3e-48  163.0   0.1     5   257  1294  1538  1290  1545 0.87 -
P51813               -            675 Pkinase              PF00069.31   263   1.9e-48  163.7   0.0   1   1     1e-48   3.4e-48  162.9   0.0     3   259   419   664   417   666 0.91 -
Q9VEZ5               -            751 Pkinase              PF00069.31   263     2e-48  163.6   0.0   1   1     2e-48   6.4e-48  162.0   0.0     2   233    42   309    41   335 0.80 -
P22211               -            790 Pkinase              PF00069.31   263     2e-48  163.6   0.0   1   1   9.6e-49   3.2e-48  163.0   0.0     4   263   441   742   438   742 0.87 -
Q9SR87               -            693 Pkinase              PF00069.31   263   2.2e-48  163.5   0.0   1   1   1.4e-48   4.8e-48  162.4   0.0     2   258   369   633   368   636 0.81 -
Q9S9U1               -            686 Pkinase              PF00069.31   263   2.6e-48  163.3   0.0   1   1     1e-48   3.4e-48  162.8   0.0     2   259   348   618   347   620 0.86 -
P53666               -            642 Pkinase              PF00069.31   263   2.6e-48  163.2   0.0   1   1   1.3e-48   4.3e-48  162.5   0.0     4   191   334   540   331   598 0.93 -
O74526               -            781 Pkinase              PF00069.31   263   2.7e-48  163.2   0.0   1   1     6e-48     2e-47  160.3   0.0     4   263   449   742   446   742 0.87 -
C0LGV0               -            895 Pkinase              PF00069.31   263   2.8e-48  163.2   0.0   1   1   1.2e-48     4e-48  162.6   0.0     3   259   608   875   606   877 0.88 -
Q9FIF0               -            694 Pkinase              PF00069.31   263   3.1e-48  163.0   0.0   1   1   1.4e-48   4.5e-48  162.5   0.0     2   259   376   642   375   644 0.82 -
P08630               -            786 Pkinase              PF00069.31   263   3.2e-48  162.9   0.0   1   1   1.5e-48   4.9e-48  162.3   0.0     3   259   528   775   526   778 0.88 -
Q8SSA8               -            414 Pkinase              PF00069.31   263   3.4e-48  162.8   0.0   1   1   1.4e-48   4.6e-48  162.4   0.0     1   263     4   255     4   255 0.89 -
P54736               -            830 Pkinase              PF00069.31   263   3.7e-48  162.7   0.0   1   1   1.7e-48   5.5e-48  162.2   0.0     2   255    14   269    13   276 0.88 -
Q9SZD5               -            669 Pkinase              PF00069.31   263     4e-48  162.6   0.0   1   1   1.6e-48   5.2e-48  162.3   0.0     2   198   345   546   344   614 0.89 -
P42680               -            631 Pkinase              PF00069.31   263   4.3e-48  162.5   0.0   1   1   1.9e-48   6.2e-48  162.0   0.0     3   259   372   617   370   619 0.89 -
Q8GXZ3               -            410 Pkinase              PF00069.31   263   4.5e-48  162.4   0.0   1   1   1.8e-48   5.9e-48  162.1   0.0     6   259    74   344    69   346 0.81 -
C0LGJ1               -           1106 Pkinase              PF00069.31   263   4.6e-48  162.4   0.0   1   1   1.9e-48   6.2e-48  162.0   0.0     2   259   815  1083   814  1086 0.87 -
Q03526               -            625 Pkinase              PF00069.31   263   4.7e-48  162.4   0.0   1   1   2.2e-48   7.3e-48  161.8   0.0     3   259   370   615   368   617 0.91 -
P54756               -           1037 Pkinase              PF00069.31   263   4.8e-48  162.4   0.0   1   1   2.2e-48   7.1e-48  161.8   0.0     3   259   677   930   675   932 0.88 -
Q9XEC6               -            658 Pkinase              PF00069.31   263   4.9e-48  162.3   0.0   1   1   2.3e-48   7.5e-48  161.7   0.0     2   257   341   602   340   605 0.83 -
Q9LTC0               -            410 Pkinase              PF00069.31   263   5.3e-48  162.2   0.0   1   1   2.6e-48   8.7e-48  161.5   0.0     4   258    89   362    86   365 0.84 -
Q54ZN3               -            998 Pkinase              PF00069.31   263   5.3e-48  162.2  13.9   1   2   9.7e-33   3.2e-32  110.5   1.5     2   132   509   640   508   650 0.95 -
Q54ZN3               -            998 Pkinase              PF00069.31   263   5.3e-48  162.2  13.9   2   2   4.8e-17   1.6e-16   59.0   0.0   136   262   723   848   711   849 0.76 -
O59763               -            650 Pkinase              PF00069.31   263   5.4e-48  162.2   0.0   1   1   3.5e-48   1.1e-47  161.1   0.0     4   263   305   614   303   614 0.91 -
Q8GY82               -            351 Pkinase              PF00069.31   263   5.4e-48  162.2   0.0   1   1   2.2e-48   7.1e-48  161.8   0.0     4   259    40   305    38   307 0.89 -
Q9CAH1               -            450 Pkinase              PF00069.31   263   5.5e-48  162.2   0.0   1   1   2.4e-48   7.9e-48  161.7   0.0     3   259    86   359    84   361 0.81 -
Q9SAJ2               -           1248 Pkinase              PF00069.31   263   5.7e-48  162.1   0.0   1   1   2.7e-48   8.9e-48  161.5   0.0     2   257   965  1223   964  1226 0.88 -
P35991               -            659 Pkinase              PF00069.31   263   5.9e-48  162.1   0.0   1   1   2.7e-48   8.7e-48  161.5   0.0     3   259   404   649   402   652 0.91 -
G5ECJ6               -            539 Pkinase              PF00069.31   263   6.2e-48  162.0   0.0   1   1   2.6e-48   8.4e-48  161.6   0.0     3   259   285   530   283   533 0.90 -
Q03785               -            461 Pkinase              PF00069.31   263   6.3e-48  162.0   2.1   1   2   4.7e-05   0.00015   19.7   0.1     3    42    14    53    12    87 0.73 -
Q03785               -            461 Pkinase              PF00069.31   263   6.3e-48  162.0   2.1   2   2   2.7e-42   8.9e-42  141.8   0.4    43   260   103   329    76   331 0.81 -
O00311               -            574 Pkinase              PF00069.31   263   6.6e-48  161.9   0.0   1   3   5.8e-26   1.9e-25   88.3   0.1     2   152    59   207    58   218 0.88 -
O00311               -            574 Pkinase              PF00069.31   263   6.6e-48  161.9   0.0   2   3   6.7e-13   2.2e-12   45.5   0.0   150   240   366   462   358   481 0.68 -
O00311               -            574 Pkinase              PF00069.31   263   6.6e-48  161.9   0.0   3   3   2.1e-06   6.8e-06   24.2   0.0   220   263   525   569   497   569 0.80 -
Q6MAN0               -            982 Pkinase              PF00069.31   263   6.7e-48  161.9   0.0   1   1   3.5e-48   1.2e-47  161.1   0.0     1   253    51   329    51   338 0.91 -
A8X4H1               -            904 Pkinase              PF00069.31   263   7.1e-48  161.8   0.0   1   1   2.2e-48   7.1e-48  161.8   0.0     6   253   372   678   368   687 0.85 -
O81833               -            815 Pkinase              PF00069.31   263   7.2e-48  161.8   0.0   1   1   3.3e-48   1.1e-47  161.2   0.0     4   257   503   768   500   771 0.82 -
Q9CAL3               -            649 Pkinase              PF00069.31   263   7.3e-48  161.8   0.0   1   1   3.3e-48   1.1e-47  161.2   0.0     3   209   327   538   325   601 0.83 -
Q55DU7               -           1620 Pkinase              PF00069.31   263   7.4e-48  161.7   0.0   1   1   5.1e-48   1.7e-47  160.6   0.0     4   257  1352  1596  1349  1607 0.87 -
Q9FII5               -           1041 Pkinase              PF00069.31   263   8.1e-48  161.6   0.0   1   1   3.8e-48   1.2e-47  161.0   0.0     4   257   722   993   719   995 0.78 -
P54350               -            609 Pkinase              PF00069.31   263   8.4e-48  161.6   0.0   1   1   8.1e-48   2.7e-47  159.9   0.0     3   262   241   516   239   517 0.91 -
Q4R8E0               -            631 Pkinase              PF00069.31   263   8.4e-48  161.6   0.1   1   2   2.5e-14   8.3e-14   50.1   0.1     2    73   168   239   167   245 0.94 -
Q4R8E0               -            631 Pkinase              PF00069.31   263   8.4e-48  161.6   0.1   2   2   2.3e-32   7.6e-32  109.3   0.0    73   263   380   583   356   583 0.77 -
Q54F40               -            778 Pkinase              PF00069.31   263   8.6e-48  161.5   0.0   1   1   1.2e-47   3.9e-47  159.4   0.0     3   258   179   457   177   462 0.94 -
Q1PDW3               -            636 Pkinase              PF00069.31   263   8.7e-48  161.5   0.0   1   1   4.8e-48   1.6e-47  160.7   0.0     4   258    77   346    74   350 0.84 -
Q54C71               -           1125 Pkinase              PF00069.31   263   9.3e-48  161.4   0.0   1   1   1.2e-47   4.1e-47  159.3   0.0     4   260   851  1112   848  1114 0.89 -
Q942F3               -           1121 Pkinase              PF00069.31   263   9.8e-48  161.4   0.0   1   1   4.1e-48   1.4e-47  160.9   0.0     2   259   808  1078   807  1080 0.83 -
P9WI63               -            399 Pkinase              PF00069.31   263     1e-47  161.3   0.0   1   1   3.9e-48   1.3e-47  160.9   0.0     3   252    21   265    19   274 0.92 -
O14328               -            474 Pkinase              PF00069.31   263   1.2e-47  161.1   0.0   1   1   5.2e-48   1.7e-47  160.6   0.0     1   255     9   268     9   273 0.86 -
Q8IL26               -           1558 Pkinase              PF00069.31   263   1.2e-47  161.0  13.7   1   2   2.7e-08   8.8e-08   30.4   8.6     4   102   432   543   429   571 0.73 -
Q8IL26               -           1558 Pkinase              PF00069.31   263   1.2e-47  161.0  13.7   2   2   6.9e-39   2.3e-38  130.7   2.1    42   261   561   787   539   789 0.82 -
P42684               -           1182 Pkinase              PF00069.31   263   1.3e-47  160.9   0.0   1   1   7.2e-48   2.4e-47  160.1   0.0     3   258   290   536   288   541 0.91 -
Q16620               -            822 Pkinase              PF00069.31   263   1.4e-47  160.8   0.0   1   1   6.3e-48   2.1e-47  160.3   0.0     3   255   540   801   538   808 0.86 -
C0LGE0               -           1014 Pkinase              PF00069.31   263   1.4e-47  160.8   0.0   1   1   6.6e-48   2.2e-47  160.2   0.0     2   258   679   947   678   949 0.79 -
Q8VZG8               -           1045 Pkinase              PF00069.31   263   1.4e-47  160.8   0.0   1   1   6.3e-48   2.1e-47  160.3   0.0     5   257   779  1040   775  1043 0.88 -
Q9LZM4               -            657 Pkinase              PF00069.31   263   1.5e-47  160.8   0.0   1   1   7.5e-48   2.5e-47  160.0   0.0     2   258   364   640   363   644 0.86 -
C0LGQ7               -            898 Pkinase              PF00069.31   263   1.6e-47  160.7   0.0   1   1   8.7e-48   2.9e-47  159.8   0.0     4   259   594   858   591   860 0.85 -
Q9T058               -            849 Pkinase              PF00069.31   263   1.6e-47  160.7   0.0   1   1   7.4e-48   2.4e-47  160.1   0.0     2   258   538   805   537   808 0.87 -
Q5UPU3               -            546 Pkinase              PF00069.31   263   1.6e-47  160.6   0.6   1   1   7.8e-48   2.6e-47  160.0   0.6     2   259   261   538   260   540 0.86 -
Q8SQZ4               -            405 Pkinase              PF00069.31   263   1.7e-47  160.5   0.0   1   1   6.8e-48   2.2e-47  160.2   0.0     1   263    40   335    40   335 0.84 -
Q9LDM5               -            666 Pkinase              PF00069.31   263   1.8e-47  160.5   0.0   1   1   7.2e-48   2.4e-47  160.1   0.0     2   198   340   542   339   611 0.84 -
Q1LX51               -            532 Pkinase              PF00069.31   263   1.9e-47  160.4   0.0   1   1   7.6e-48   2.5e-47  160.0   0.0     5   262   192   459   188   460 0.90 -
Q3EDL4               -            472 Pkinase              PF00069.31   263     2e-47  160.4   0.0   1   1   7.9e-48   2.6e-47  160.0   0.0     4   259   157   423   154   426 0.82 -
C0LGD7               -            953 Pkinase              PF00069.31   263   2.1e-47  160.3   0.0   1   1   8.4e-48   2.8e-47  159.9   0.0     2   259   626   892   625   896 0.88 -
Q9M2S4               -            684 Pkinase              PF00069.31   263   2.2e-47  160.2   0.0   1   1   9.4e-48   3.1e-47  159.7   0.0     3   202   348   553   346   616 0.83 -
Q0WNY5               -            793 Pkinase              PF00069.31   263   2.3e-47  160.1   1.3   1   1   8.5e-48   2.8e-47  159.9   0.6     2   258   454   722   453   725 0.82 -
Q9M3D7               -            667 Pkinase              PF00069.31   263   2.4e-47  160.1   0.0   1   1     1e-47   3.3e-47  159.6   0.0     3   259   352   616   350   618 0.80 -
O49564               -            642 Pkinase              PF00069.31   263   2.4e-47  160.1   0.0   1   1   1.3e-47   4.3e-47  159.2   0.0     3   259   335   601   333   603 0.85 -
P15054               -            587 Pkinase              PF00069.31   263   2.5e-47  160.0   0.0   1   1   1.3e-47   4.2e-47  159.3   0.0     3   257   269   512   267   520 0.88 -
Q9FN94               -            868 Pkinase              PF00069.31   263   2.6e-47  160.0   0.0   1   1   1.4e-47   4.6e-47  159.2   0.0     4   259   567   831   565   833 0.88 -
Q9LDN1               -            636 Pkinase              PF00069.31   263   2.7e-47  159.9   0.0   1   1   1.2e-47     4e-47  159.3   0.0     3   257   323   589   321   593 0.86 -
G5EDB2               -            887 Pkinase              PF00069.31   263   2.7e-47  159.9   0.1   1   1   1.4e-47   4.5e-47  159.2   0.1     2   263   552   863   551   863 0.85 -
C0LGG7               -            953 Pkinase              PF00069.31   263   2.9e-47  159.8   0.0   1   1   2.3e-47   7.7e-47  158.4   0.0     4   259   627   893   624   896 0.85 -
Q12310               -            699 Pkinase              PF00069.31   263   3.2e-47  159.7   0.0   1   1   1.7e-47   5.5e-47  158.9   0.0     6   263   366   653   361   653 0.89 -
C0LGF4               -            591 Pkinase              PF00069.31   263   3.2e-47  159.7   0.0   1   1   1.4e-47   4.5e-47  159.2   0.0     3   259   308   571   306   574 0.86 -
C0LGN2               -           1020 Pkinase              PF00069.31   263   3.3e-47  159.6   0.0   1   1   1.4e-47   4.7e-47  159.1   0.0     4   257   675   939   672   943 0.79 -
P42690               -            506 Pkinase              PF00069.31   263   3.3e-47  159.6   0.0   1   1   1.5e-47   4.8e-47  159.1   0.0     3   257   242   485   240   488 0.89 -
Q9VBW3               -            773 Pkinase              PF00069.31   263   3.4e-47  159.6   0.0   1   1   1.6e-47   5.1e-47  159.0   0.0     5   259   474   739   470   741 0.89 -
O49545               -           1003 Pkinase              PF00069.31   263   3.5e-47  159.5   0.0   1   1   1.5e-47     5e-47  159.0   0.0     3   259   696   963   694   965 0.90 -
Q9LIG2               -            899 Pkinase              PF00069.31   263   3.8e-47  159.4   0.0   1   1   3.7e-47   1.2e-46  157.8   0.0     4   258   595   858   592   860 0.86 -
P08631               -            526 Pkinase              PF00069.31   263   3.9e-47  159.4   0.0   1   1   1.6e-47   5.3e-47  158.9   0.0     2   257   263   507   262   513 0.88 -
P54743               -            437 Pkinase              PF00069.31   263   4.1e-47  159.3   0.0   1   1   1.6e-47   5.4e-47  158.9   0.0     1   252    13   261    13   271 0.92 -
C0LGL4               -            880 Pkinase              PF00069.31   263   4.4e-47  159.2   0.0   1   1   2.1e-47   6.9e-47  158.6   0.0     4   259   576   840   574   842 0.88 -
P10741               -            349 Pkinase              PF00069.31   263   4.8e-47  159.1   0.0   1   1     2e-47   6.5e-47  158.6   0.0     5   258    68   339    65   342 0.89 -
Q59H18               -            835 Pkinase              PF00069.31   263   5.1e-47  159.0   0.0   1   1   3.5e-47   1.1e-46  157.9   0.0     2   258   464   716   463   719 0.88 -
Q9M0X5               -            675 Pkinase              PF00069.31   263   5.5e-47  158.9   0.0   1   1   2.6e-47   8.6e-47  158.3   0.0     2   258   348   615   347   618 0.84 -
Q9R0T8               -            717 Pkinase              PF00069.31   263   5.7e-47  158.8   0.0   1   1   3.4e-47   1.1e-46  157.9   0.0     2   202    10   226     9   301 0.84 -
Q9LP24               -           1120 Pkinase              PF00069.31   263   5.9e-47  158.8   0.0   1   1   2.7e-47   8.7e-47  158.2   0.0     5   257   855  1115   851  1118 0.87 -
O42422               -            993 Pkinase              PF00069.31   263     6e-47  158.8   0.0   1   1   3.1e-47     1e-46  158.0   0.0     3   258   630   882   628   884 0.88 -
Q9FLV4               -            872 Pkinase              PF00069.31   263   6.3e-47  158.7   0.0   1   1   3.1e-47     1e-46  158.0   0.0     4   258   533   798   530   800 0.79 -
O81832               -            783 Pkinase              PF00069.31   263   6.4e-47  158.7   0.0   1   1   2.8e-47   9.2e-47  158.2   0.0     3   255   467   731   465   736 0.81 -
O65530               -            731 Pkinase              PF00069.31   263   7.1e-47  158.5   0.0   1   1   2.7e-47   8.8e-47  158.2   0.0     2   207   390   603   389   664 0.84 -
O65924               -            881 Pkinase              PF00069.31   263   7.3e-47  158.5   0.0   1   1   3.1e-47     1e-46  158.0   0.0     4   259   579   844   576   846 0.87 -
P53233               -            369 Pkinase              PF00069.31   263   7.5e-47  158.5   0.0   1   1   4.1e-47   1.3e-46  157.6   0.0     1   207     2   232     2   257 0.87 -
O65472               -            659 Pkinase              PF00069.31   263   7.5e-47  158.4   0.0   1   1   3.4e-47   1.1e-46  157.9   0.0     2   258   337   605   336   609 0.83 -
Q91738               -           1068 Pkinase              PF00069.31   263   7.7e-47  158.4   0.0   1   1   6.1e-47     2e-46  157.0   0.0     3   259   437   687   435   689 0.88 -
F4HQ20               -            666 Pkinase              PF00069.31   263   7.7e-47  158.4   0.0   1   1   3.6e-47   1.2e-46  157.8   0.0     5   259   352   619   349   621 0.85 -
Q8RWW0               -            744 Pkinase              PF00069.31   263     8e-47  158.4   0.0   1   1   3.3e-47   1.1e-46  157.9   0.0     2   258   350   613   349   618 0.81 -
Q9M345               -            677 Pkinase              PF00069.31   263   8.1e-47  158.4   0.0   1   1   3.3e-47   1.1e-46  157.9   0.0     2   259   348   617   347   619 0.87 -
P32577               -            450 Pkinase              PF00069.31   263   8.2e-47  158.3   0.0   1   1   3.4e-47   1.1e-46  157.9   0.0     3   259   197   438   195   442 0.89 -
Q9GRC0               -            351 Pkinase              PF00069.31   263   8.7e-47  158.2   0.0   1   1   3.4e-47   1.1e-46  157.9   0.0     3   258    73   327    71   329 0.86 -
Q9LDT0               -            700 Pkinase              PF00069.31   263   9.4e-47  158.1   0.0   1   1   4.1e-47   1.3e-46  157.6   0.0     4   198   349   552   346   621 0.84 -
Q54LH8               -            671 Pkinase              PF00069.31   263   9.4e-47  158.1   7.4   1   1   3.7e-46   1.2e-45  154.5   7.4     3   263    33   283    31   283 0.86 -
Q9LFG1               -            937 Pkinase              PF00069.31   263   9.7e-47  158.1   0.0   1   1     5e-47   1.7e-46  157.3   0.0     3   259   616   881   614   883 0.87 -
A0A075F7E9           -            813 Pkinase              PF00069.31   263     1e-46  158.0   0.0   1   1   4.9e-47   1.6e-46  157.4   0.0     4   259   526   791   524   793 0.82 -
Q9LFP7               -            493 Pkinase              PF00069.31   263   1.1e-46  158.0   0.0   1   1   5.2e-47   1.7e-46  157.3   0.0     4   259   145   420   142   422 0.82 -
Q54XZ5               -           1248 Pkinase              PF00069.31   263   1.2e-46  157.8   0.2   1   2   6.4e-31   2.1e-30  104.5   0.1     4   153   949  1099   946  1119 0.87 -
Q54XZ5               -           1248 Pkinase              PF00069.31   263   1.2e-46  157.8   0.2   2   2   1.8e-14   5.9e-14   50.6   0.0   155   259  1140  1233  1123  1235 0.83 -
C0LGG8               -           1038 Pkinase              PF00069.31   263   1.2e-46  157.8   0.0   1   1   5.2e-47   1.7e-46  157.3   0.0     4   198   672   872   669   938 0.88 -
O22834               -            664 Pkinase              PF00069.31   263   1.2e-46  157.8   0.0   1   1   5.3e-47   1.7e-46  157.3   0.0     4   207   338   545   336   600 0.91 -
Q5UNT4               -            539 Pkinase              PF00069.31   263   1.3e-46  157.7   0.1   1   1   7.5e-47   2.5e-46  156.8   0.1     2   258   259   511   258   514 0.89 -
Q9ZRF9               -            540 Pkinase              PF00069.31   263   1.3e-46  157.7   0.0   1   1   5.4e-47   1.8e-46  157.2   0.0     3   258   263   529   261   531 0.82 -
Q9T0J1               -            665 Pkinase              PF00069.31   263   1.3e-46  157.7   0.0   1   1   5.5e-47   1.8e-46  157.2   0.0     2   203   345   553   344   616 0.82 -
F4HQ22               -            617 Pkinase              PF00069.31   263   1.4e-46  157.6   0.0   1   1   6.4e-47   2.1e-46  157.0   0.0     5   259   311   577   308   579 0.89 -
Q55GE6               -           2615 Pkinase              PF00069.31   263   1.5e-46  157.5   0.0   1   1   1.3e-46   4.3e-46  156.0   0.0     4   259  1778  2033  1775  2035 0.91 -
Q9C7T7               -            977 Pkinase              PF00069.31   263   1.6e-46  157.4   0.0   1   1   7.3e-47   2.4e-46  156.8   0.0     4   259   686   956   683   958 0.83 -
Q9M0G7               -           1013 Pkinase              PF00069.31   263   1.6e-46  157.3   0.0   1   1   7.1e-47   2.3e-46  156.8   0.0     3   258   701   973   699   976 0.82 -
C0LGI2               -            929 Pkinase              PF00069.31   263   1.7e-46  157.3   0.0   1   1   8.1e-47   2.7e-46  156.7   0.0     4   202   609   812   607   875 0.80 -
P54740               -            417 Pkinase              PF00069.31   263   1.7e-46  157.3   0.0   1   1   6.8e-47   2.2e-46  156.9   0.0     1   257     9   262     9   265 0.93 -
P18461               -            823 Pkinase              PF00069.31   263   1.7e-46  157.2   0.0   1   1     1e-46   3.4e-46  156.3   0.0     3   259   485   757   483   759 0.85 -
O65440               -            992 Pkinase              PF00069.31   263   1.8e-46  157.2   0.0   1   1   8.1e-47   2.7e-46  156.7   0.0     3   259   712   981   710   983 0.87 -
Q09499               -            967 Pkinase              PF00069.31   263   1.9e-46  157.2   0.0   1   1   9.6e-47   3.2e-46  156.4   0.0     3   263   520   778   518   778 0.85 -
Q9SY89               -            842 Pkinase              PF00069.31   263   1.9e-46  157.1   0.1   1   1   2.3e-46   7.7e-46  155.1   0.0     2   198   526   728   525   780 0.92 -
Q0D5R3               -            695 Pkinase              PF00069.31   263   1.9e-46  157.1   0.0   1   1   8.3e-47   2.7e-46  156.6   0.0     3   256   365   629   363   633 0.81 -
F4IB81               -            651 Pkinase              PF00069.31   263     2e-46  157.0   0.0   1   1   8.5e-47   2.8e-46  156.6   0.0     3   258   343   620   341   623 0.88 -
Q24488               -            685 Pkinase              PF00069.31   263   2.1e-46  157.0   0.0   1   1   1.1e-46   3.7e-46  156.2   0.0     2   259   411   668   410   670 0.88 -
Q940A2               -            658 Pkinase              PF00069.31   263   2.2e-46  156.9   0.0   1   1     1e-46   3.4e-46  156.3   0.0     4   258    33   308    30   311 0.86 -
Q93YN1               -            390 Pkinase              PF00069.31   263   2.3e-46  156.9   0.0   1   1   8.6e-47   2.8e-46  156.6   0.0     2   196    42   244    41   312 0.86 -
Q22146               -            390 Pkinase              PF00069.31   263   2.4e-46  156.8   0.4   1   1   1.1e-46   3.5e-46  156.2   0.4     4   259   134   380   131   382 0.89 -
Q69JN6               -           1214 Pkinase              PF00069.31   263   2.4e-46  156.8   0.0   1   1   9.9e-47   3.2e-46  156.4   0.0     3   259   914  1182   912  1184 0.82 -
Q1PEM5               -            513 Pkinase              PF00069.31   263   2.5e-46  156.8   0.0   1   1   9.6e-47   3.1e-46  156.4   0.0     3   257   185   452   183   455 0.80 -
Q54B48               -           1592 Pkinase              PF00069.31   263   2.7e-46  156.6  11.7   1   2   6.2e-25     2e-24   84.9   3.7    42   198    64   240    32   294 0.76 -
Q54B48               -           1592 Pkinase              PF00069.31   263   2.7e-46  156.6  11.7   2   2   1.8e-21   5.8e-21   73.6   0.6    43   195  1394  1558  1375  1574 0.79 -
Q9SFX0               -            381 Pkinase              PF00069.31   263   2.7e-46  156.6   0.0   1   1   1.1e-46   3.7e-46  156.2   0.0     2   255    76   342    75   349 0.83 -
O49445               -            681 Pkinase              PF00069.31   263   2.9e-46  156.5   0.0   1   1   1.3e-46   4.2e-46  156.0   0.0     3   259   351   617   349   619 0.84 -
O65476               -            662 Pkinase              PF00069.31   263   2.9e-46  156.5   0.0   1   1   1.3e-46   4.4e-46  155.9   0.0     1   259   335   605   335   608 0.82 -
Q8H1E3               -            442 Pkinase              PF00069.31   263   3.1e-46  156.4   0.0   1   1   1.3e-46   4.4e-46  155.9   0.0     6   259    95   365    90   367 0.81 -
P0C5E2               -            651 Pkinase              PF00069.31   263   3.2e-46  156.4   0.0   1   1   1.4e-46   4.5e-46  155.9   0.0     4   258   344   610   341   613 0.84 -
O23081               -            665 Pkinase              PF00069.31   263   3.2e-46  156.4   0.0   1   1   1.5e-46     5e-46  155.8   0.0     2   256   345   613   344   617 0.79 -
Q9UHD2               -            729 Pkinase              PF00069.31   263   3.2e-46  156.4   0.0   1   1   2.7e-46     9e-46  154.9   0.0     5   205    13   229     9   297 0.88 -
Q95YD4               -            867 Pkinase              PF00069.31   263   3.5e-46  156.3   0.0   1   1   2.3e-46   7.6e-46  155.1   0.0     3   258   369   620   367   622 0.88 -
P42681               -            527 Pkinase              PF00069.31   263   3.6e-46  156.2   0.0   1   1   2.1e-46     7e-46  155.3   0.0     4   259   274   518   271   520 0.89 -
P53356               -            757 Pkinase              PF00069.31   263   3.8e-46  156.2   0.0   1   1   1.7e-46   5.4e-46  155.6   0.0     3   258   486   737   484   740 0.88 -
O49318               -           1124 Pkinase              PF00069.31   263   4.1e-46  156.0   0.0   1   1   1.9e-46   6.2e-46  155.5   0.0     2   258   820  1096   819  1098 0.83 -
Q6H7D2               -            674 Pkinase              PF00069.31   263   4.1e-46  156.0   0.0   1   1   1.7e-46   5.7e-46  155.6   0.0     2   259   358   625   357   626 0.83 -
Q9FYK0               -            886 Pkinase              PF00069.31   263   4.2e-46  156.0   0.0   1   1   3.2e-46   1.1e-45  154.7   0.0     2   259   548   821   547   824 0.83 -
P43403               -            619 Pkinase              PF00069.31   263   4.3e-46  156.0   0.0   1   1   2.1e-46   6.8e-46  155.3   0.0     6   255   343   587   339   595 0.87 -
Q86HW6               -            798 Pkinase              PF00069.31   263   4.7e-46  155.9   0.0   1   1   3.2e-46   1.1e-45  154.7   0.0     4   259    57   318    54   320 0.87 -
P9WI71               -            626 Pkinase              PF00069.31   263   4.8e-46  155.8   0.0   1   1     2e-46   6.5e-46  155.4   0.0     1   251    16   261    16   278 0.89 -
Q9Y898               -            518 Pkinase              PF00069.31   263   4.8e-46  155.8   0.0   1   2   0.00023   0.00076   17.5   0.1     1    47    81   126    81   134 0.89 -
Q9Y898               -            518 Pkinase              PF00069.31   263   4.8e-46  155.8   0.0   2   2   1.4e-40   4.6e-40  136.2   0.0    71   263   189   376   180   376 0.87 -
Q54XX5               -            848 Pkinase              PF00069.31   263   4.8e-46  155.8   0.0   1   1   2.4e-46     8e-46  155.1   0.0     5   259   533   789   529   791 0.91 -
Q8IR79               -           1257 Pkinase              PF00069.31   263     5e-46  155.7   0.0   1   2   7.2e-35   2.4e-34  117.5   0.0     3   151   403   550   401   562 0.92 -
Q8IR79               -           1257 Pkinase              PF00069.31   263     5e-46  155.7   0.0   2   2   5.3e-10   1.8e-09   36.0   0.0   151   256   586   681   575   686 0.77 -
Q9VJ90               -            665 Pkinase              PF00069.31   263   5.1e-46  155.7   0.0   1   2   3.1e-27     1e-26   92.4   0.0     3   153   147   299   145   312 0.83 -
Q9VJ90               -            665 Pkinase              PF00069.31   263   5.1e-46  155.7   0.0   2   2   2.5e-17   8.2e-17   60.0   0.0   146   263   410   597   406   597 0.84 -
Q8RY67               -            708 Pkinase              PF00069.31   263   5.4e-46  155.6   0.0   1   1   2.5e-46   8.1e-46  155.1   0.0     2   258   349   617   348   620 0.84 -
Q9SY91               -            424 Pkinase              PF00069.31   263   5.4e-46  155.6   0.0   1   1   2.2e-46   7.4e-46  155.2   0.0     6   258   104   373    99   377 0.81 -
G5EE56               -            533 Pkinase              PF00069.31   263   5.5e-46  155.6   0.0   1   1   2.3e-46   7.5e-46  155.2   0.0     2   258   263   514   262   517 0.88 -
O64477               -            828 Pkinase              PF00069.31   263   5.7e-46  155.6   0.0   1   1   2.8e-46   9.3e-46  154.9   0.0     4   259   496   764   494   766 0.82 -
O65405               -            683 Pkinase              PF00069.31   263   5.9e-46  155.5   0.0   1   1   2.4e-46   7.9e-46  155.1   0.0     4   212   364   580   361   634 0.81 -
A0A2R6XIK6           -           1680 Pkinase              PF00069.31   263   6.1e-46  155.5   0.0   1   1   2.9e-46   9.4e-46  154.8   0.0     2   259  1390  1650  1389  1652 0.87 -
P0DXJ0               -            463 Pkinase              PF00069.31   263   6.7e-46  155.3   0.0   1   1   3.8e-46   1.2e-45  154.5   0.0     4   259    94   366    91   368 0.82 -
Q8H186               -            389 Pkinase              PF00069.31   263   6.8e-46  155.3   0.0   1   1     3e-46     1e-45  154.8   0.0     3   259    63   342    61   345 0.82 -
Q5VJL3               -           1577 Pkinase              PF00069.31   263   6.8e-46  155.3   1.0   1   1   2.4e-45     8e-45  151.8   1.0     5   244  1294  1554  1290  1566 0.83 -
P43298               -            942 Pkinase              PF00069.31   263     7e-46  155.3   0.0   1   1     3e-46     1e-45  154.8   0.0     3   258   590   862   588   865 0.83 -
O64793               -            818 Pkinase              PF00069.31   263   7.2e-46  155.2   0.0   1   1   3.1e-46     1e-45  154.7   0.0     2   259   497   767   496   770 0.80 -
P93604               -            636 Pkinase              PF00069.31   263   7.9e-46  155.1   0.0   1   1   3.6e-46   1.2e-45  154.5   0.0     3   259   341   611   339   613 0.82 -
Q95ZV7               -            797 Pkinase              PF00069.31   263   8.3e-46  155.0   0.0   1   1     4e-46   1.3e-45  154.4   0.0     5   258   531   782   528   786 0.88 -
Q9ZUE0               -            720 Pkinase              PF00069.31   263   8.4e-46  155.0   0.0   1   1   3.3e-46   1.1e-45  154.6   0.0     2   201   372   575   371   641 0.89 -
Q9LMB9               -            615 Pkinase              PF00069.31   263   8.7e-46  155.0   0.0   1   1   3.6e-46   1.2e-45  154.5   0.0     1   257   318   582   318   585 0.80 -
Q9LK03               -            717 Pkinase              PF00069.31   263   8.9e-46  154.9   0.0   1   1   3.5e-46   1.1e-45  154.6   0.0     3   207   356   564   354   625 0.81 -
Q9FFW5               -            681 Pkinase              PF00069.31   263     9e-46  154.9   0.0   1   1   3.5e-46   1.2e-45  154.6   0.0     2   201   340   545   339   614 0.85 -
Q9SII6               -            414 Pkinase              PF00069.31   263   9.1e-46  154.9   0.0   1   1   3.4e-46   1.1e-45  154.6   0.0     3   260    89   366    87   369 0.81 -
Q8L710               -            686 Pkinase              PF00069.31   263   9.1e-46  154.9   0.0   1   1     4e-46   1.3e-45  154.4   0.0     2   258   360   628   359   633 0.83 -
Q9CAL2               -            646 Pkinase              PF00069.31   263   9.3e-46  154.9   0.0   1   1   3.9e-46   1.3e-45  154.4   0.0     2   196   324   523   323   590 0.87 -
Q9SIB6               -            424 Pkinase              PF00069.31   263   9.5e-46  154.8   0.0   1   1     5e-46   1.6e-45  154.1   0.0     6   257   103   368    98   374 0.84 -
Q9C8I6               -            894 Pkinase              PF00069.31   263   9.5e-46  154.8   0.0   1   1   4.6e-46   1.5e-45  154.2   0.0     4   258   589   851   586   854 0.86 -
O64842               -            424 Pkinase              PF00069.31   263   9.8e-46  154.8   0.0   1   1   4.1e-46   1.3e-45  154.3   0.0     3   259    90   363    88   365 0.84 -
Q9C5S8               -            659 Pkinase              PF00069.31   263     1e-45  154.7   0.0   1   1   5.9e-46     2e-45  153.8   0.0     4   259   343   610   340   613 0.84 -
Q9LK43               -            928 Pkinase              PF00069.31   263   1.1e-45  154.6   0.0   1   1     5e-46   1.7e-45  154.1   0.0     3   258   580   851   578   853 0.82 -
Q63572               -            628 Pkinase              PF00069.31   263   1.2e-45  154.6   0.0   1   1   5.4e-46   1.8e-45  154.0   0.0     4   260    55   305    52   307 0.87 -
O75716               -            305 Pkinase              PF00069.31   263   1.2e-45  154.6   0.0   1   1   4.4e-46   1.5e-45  154.2   0.0     3   258    22   287    20   290 0.89 -
Q757X8               -            683 Pkinase              PF00069.31   263   1.2e-45  154.5   0.0   1   1   1.6e-45   5.4e-45  152.4   0.0    20   263   401   670   397   670 0.83 -
P28708               -            518 Pkinase              PF00069.31   263   1.2e-45  154.5   0.0   1   1   6.8e-46   2.2e-45  153.6   0.0     2   263   193   508   192   508 0.85 -
Q9LYN8               -           1192 Pkinase              PF00069.31   263   1.3e-45  154.4   0.0   1   1   5.6e-46   1.8e-45  153.9   0.0     2   259   918  1187   917  1189 0.82 -
Q9FRS6               -           1029 Pkinase              PF00069.31   263   1.3e-45  154.4   0.1   1   1     6e-46     2e-45  153.8   0.1     3   244   716   973   714   999 0.77 -
Q5WA76               -            805 Pkinase              PF00069.31   263   1.3e-45  154.4   0.0   1   1   1.4e-45   4.5e-45  152.6   0.0     4   211   448   659   445   701 0.86 -
Q1PDV6               -            513 Pkinase              PF00069.31   263   1.4e-45  154.3   0.0   1   1   5.5e-46   1.8e-45  153.9   0.0     6   204    88   294    83   360 0.85 -
Q06807               -           1125 Pkinase              PF00069.31   263   1.4e-45  154.2   0.0   1   1   8.3e-46   2.7e-45  153.3   0.0     4   258   828  1090   825  1093 0.87 -
Q9FIZ3               -           1252 Pkinase              PF00069.31   263   1.5e-45  154.2   0.0   1   1   6.6e-46   2.2e-45  153.7   0.0     6   258   953  1229   948  1233 0.81 -
C0LGD6               -            852 Pkinase              PF00069.31   263   1.5e-45  154.2   0.0   1   1   7.2e-46   2.4e-45  153.5   0.0     4   258   573   836   571   838 0.83 -
Q9FIJ6               -            751 Pkinase              PF00069.31   263   1.5e-45  154.2   0.0   1   1   6.5e-46   2.1e-45  153.7   0.0     5   259   447   727   443   729 0.84 -
Q54GY6               -           1311 Pkinase              PF00069.31   263   1.5e-45  154.2   1.9   1   2   1.3e-30   4.2e-30  103.6   0.0     4   151    21   167    18   185 0.89 -
Q54GY6               -           1311 Pkinase              PF00069.31   263   1.5e-45  154.2   1.9   2   2   2.1e-13   6.9e-13   47.1   0.0   154   258   212   310   196   314 0.82 -
Q99640               -            499 Pkinase              PF00069.31   263   1.5e-45  154.2   0.0   1   1   5.7e-46   1.9e-45  153.9   0.0     2   261   111   357   110   359 0.93 -
Q09147               -           1052 Pkinase              PF00069.31   263   1.5e-45  154.2   0.0   1   1     1e-45   3.4e-45  153.0   0.0     4   259   715   994   712   996 0.84 -
Q9FID6               -            813 Pkinase              PF00069.31   263   1.6e-45  154.1   0.0   1   1   8.2e-46   2.7e-45  153.4   0.0     4   259   499   765   497   767 0.84 -
G5ECN5               -            388 Pkinase              PF00069.31   263   1.6e-45  154.1   0.0   1   1   5.7e-46   1.9e-45  153.9   0.0     4   263    55   335    52   335 0.86 -
O81069               -            884 Pkinase              PF00069.31   263   1.6e-45  154.1   0.0   1   1     8e-46   2.6e-45  153.4   0.0     4   259   580   844   578   846 0.85 -
P93194               -           1109 Pkinase              PF00069.31   263   1.6e-45  154.1   0.0   1   1   7.2e-46   2.4e-45  153.5   0.0     4   260   819  1091   816  1093 0.84 -
Q9LW83               -            850 Pkinase              PF00069.31   263   1.7e-45  154.0   0.0   1   1   7.1e-46   2.3e-45  153.6   0.0     3   259   529   798   527   801 0.80 -
Q55BA0               -            765 Pkinase              PF00069.31   263   1.7e-45  154.0   0.0   1   1   7.2e-45   2.4e-44  150.3   0.0     2   259    36   323    35   325 0.88 -
Q55A55               -            986 Pkinase              PF00069.31   263   1.7e-45  154.0   0.0   1   1   9.6e-46   3.2e-45  153.1   0.0     5   257   605   858   601   864 0.87 -
Q5AP97               -           1178 Pkinase              PF00069.31   263   1.7e-45  154.0   0.0   1   1   1.3e-44   4.4e-44  149.4   0.0     3   261   793  1152   791  1154 0.83 -
Q09595               -            363 Pkinase              PF00069.31   263   1.8e-45  153.9   0.0   1   1     7e-46   2.3e-45  153.6   0.0     5   263    24   304    20   304 0.86 -
Q94C25               -            452 Pkinase              PF00069.31   263   1.8e-45  153.9   0.0   1   1   7.9e-46   2.6e-45  153.4   0.0     5   259   107   386   105   388 0.85 -
P27450               -            419 Pkinase              PF00069.31   263   1.9e-45  153.8   0.0   1   1     9e-46   2.9e-45  153.2   0.0     4   259    89   363    86   366 0.84 -
A8WWX1               -            545 Pkinase              PF00069.31   263   1.9e-45  153.8   0.0   1   1   9.1e-46     3e-45  153.2   0.0     4   259    56   303    54   305 0.85 -
Q6XHB2               -           1726 Pkinase              PF00069.31   263   2.1e-45  153.7   0.0   1   1   2.4e-45   7.7e-45  151.9   0.0     2   259  1027  1287  1026  1289 0.88 -
Q3E9X6               -            690 Pkinase              PF00069.31   263   2.1e-45  153.7   0.0   1   1   9.5e-46   3.1e-45  153.1   0.0     1   258   363   632   363   635 0.83 -
Q9S7I6               -           1151 Pkinase              PF00069.31   263   2.1e-45  153.7   0.0   1   1   9.2e-46     3e-45  153.2   0.0     3   198   876  1073   874  1142 0.85 -
Q9LMT9               -            764 Pkinase              PF00069.31   263   2.2e-45  153.6   0.0   1   1   9.2e-46     3e-45  153.2   0.0     2   257   455   721   454   725 0.83 -
P30290               -            581 Pkinase              PF00069.31   263   2.3e-45  153.6   0.0   1   1   9.4e-46   3.1e-45  153.2   0.0    12   261   300   556   289   558 0.86 -
Q8GUQ5               -           1207 Pkinase              PF00069.31   263   2.4e-45  153.5   0.0   1   1     1e-45   3.4e-45  153.0   0.0     2   259   889  1158   888  1160 0.83 -
G3V9H8               -           1115 Pkinase              PF00069.31   263   2.5e-45  153.5   0.0   1   1   1.7e-45   5.6e-45  152.3   0.0     3   258   727  1003   725  1006 0.85 -
P9WI66               -            589 Pkinase              PF00069.31   263   2.5e-45  153.4   0.0   1   1     1e-45   3.4e-45  153.0   0.0     1   255    14   268    14   276 0.88 -
Q8GZ99               -            953 Pkinase              PF00069.31   263   2.6e-45  153.4   0.0   1   1   1.1e-45   3.7e-45  152.9   0.0     3   259   633   899   631   902 0.84 -
O73875               -            987 Pkinase              PF00069.31   263   2.6e-45  153.4   0.0   1   1   1.3e-45   4.1e-45  152.7   0.0     3   259   623   878   621   880 0.90 -
Q9FXF2               -           1021 Pkinase              PF00069.31   263   2.7e-45  153.4   0.0   1   1   1.2e-45   3.9e-45  152.8   0.0     4   258   684   949   681   952 0.85 -
O22187               -            834 Pkinase              PF00069.31   263   2.9e-45  153.3   0.0   1   1   1.4e-45   4.8e-45  152.5   0.0     6   257   493   754   488   758 0.85 -
C0LGH3               -           1033 Pkinase              PF00069.31   263     3e-45  153.2   0.0   1   1   1.3e-45   4.3e-45  152.7   0.0     4   203   696   899   693   949 0.90 -
Q66KH9               -            416 Pkinase              PF00069.31   263     3e-45  153.2   0.0   1   1   4.7e-44   1.5e-43  147.6   0.0     6   263    26   287    22   287 0.80 -
P17948               -           1338 Pkinase              PF00069.31   263   3.1e-45  153.2   0.0   1   2   4.6e-12   1.5e-11   42.7   0.1     3    93   829   925   827   939 0.82 -
P17948               -           1338 Pkinase              PF00069.31   263   3.1e-45  153.2   0.0   2   2   6.2e-32     2e-31  107.9   0.0    91   259   990  1152   971  1154 0.89 -
P32361               -           1115 Pkinase              PF00069.31   263   3.1e-45  153.2   0.0   1   1   3.5e-43   1.1e-42  144.7   0.0     3   263   676   980   674   980 0.85 -
Q09792               -            513 Pkinase              PF00069.31   263   3.1e-45  153.1   0.0   1   1   1.5e-45   4.9e-45  152.5   0.0     4   263   244   505   242   505 0.90 -
Q54DK3               -           1061 Pkinase              PF00069.31   263   3.2e-45  153.1   0.0   1   2     8e-29   2.6e-28   97.7   0.0     1   154   622   773   622   783 0.89 -
Q54DK3               -           1061 Pkinase              PF00069.31   263   3.2e-45  153.1   0.0   2   2   3.9e-18   1.3e-17   62.6   0.0   154   263   911  1048   898  1048 0.83 -
Q9FF31               -            638 Pkinase              PF00069.31   263   3.2e-45  153.1   0.0   1   1   1.5e-45   4.8e-45  152.5   0.0     5   243   325   569   322   593 0.83 -
Q869L4               -            793 Pkinase              PF00069.31   263   3.5e-45  153.0   0.5   1   2   2.4e-23   7.9e-23   79.7   0.4     2   135    12   150    11   169 0.85 -
Q869L4               -            793 Pkinase              PF00069.31   263   3.5e-45  153.0   0.5   2   2   1.2e-20     4e-20   70.8   0.0   128   263   244   358   242   358 0.91 -
Q9LSR8               -            766 Pkinase              PF00069.31   263   3.8e-45  152.9   0.0   1   1   1.7e-45   5.5e-45  152.3   0.0     2   258   345   609   344   611 0.82 -
Q54WD7               -            942 Pkinase              PF00069.31   263   4.1e-45  152.8   4.4   1   2   2.2e-08   7.4e-08   30.6   0.1     1    90     4    95     4   115 0.83 -
Q54WD7               -            942 Pkinase              PF00069.31   263   4.1e-45  152.8   4.4   2   2   1.5e-36     5e-36  123.0   0.0    95   263   459   617   444   617 0.84 -
C0LGF5               -           1072 Pkinase              PF00069.31   263   4.2e-45  152.7   0.0   1   1   1.9e-45   6.3e-45  152.1   0.0     3   258   774  1046   772  1048 0.86 -
Q9SSL9               -           1123 Pkinase              PF00069.31   263   4.2e-45  152.7   0.0   1   1   1.9e-45   6.1e-45  152.2   0.0     3   259   829  1105   827  1107 0.85 -
Q54JC7               -           1347 Pkinase              PF00069.31   263   4.9e-45  152.5   0.1   1   1   7.7e-45   2.5e-44  150.2   0.0    14   260   612   849   610   852 0.86 -
O42565               -            615 Pkinase              PF00069.31   263     5e-45  152.5   0.0   1   1     3e-45     1e-44  151.5   0.0     5   191   318   511   315   520 0.95 -
P03949               -           1224 Pkinase              PF00069.31   263   5.2e-45  152.4   0.0   1   1   2.7e-45   8.7e-45  151.7   0.0     4   257   314   558   311   561 0.91 -
P25848               -           1307 Pkinase              PF00069.31   263   5.3e-45  152.4   0.0   1   1   2.8e-45   9.3e-45  151.6   0.0     4   259  1007  1280  1004  1284 0.86 -
Q8VYY5               -            565 Pkinase              PF00069.31   263   5.5e-45  152.3   0.0   1   1   2.3e-45   7.4e-45  151.9   0.0     3   259   212   490   210   492 0.84 -
P57078               -            832 Pkinase              PF00069.31   263   6.6e-45  152.1   0.0   1   1   2.9e-45   9.7e-45  151.5   0.0     5   255    26   277    22   282 0.86 -
P70600               -           1009 Pkinase              PF00069.31   263     7e-45  152.0   0.0   1   1   3.8e-45   1.3e-44  151.2   0.0     3   259   427   677   425   679 0.87 -
Q9LSE1               -            432 Pkinase              PF00069.31   263   7.1e-45  152.0   0.0   1   1   4.8e-45   1.6e-44  150.8   0.0     2   198    75   278    74   353 0.84 -
Q9SKB2               -            641 Pkinase              PF00069.31   263   7.5e-45  151.9   0.0   1   1   3.4e-45   1.1e-44  151.3   0.0     4   257   350   632   347   637 0.79 -
Q55CY9               -           1326 Pkinase              PF00069.31   263   8.4e-45  151.7   0.2   1   1   4.8e-45   1.6e-44  150.8   0.2    15   260  1050  1289  1047  1292 0.89 -
P46573               -            412 Pkinase              PF00069.31   263   8.7e-45  151.7   0.0   1   1   4.2e-45   1.4e-44  151.0   0.0     4   260    72   350    69   352 0.78 -
P9WI78               -            664 Pkinase              PF00069.31   263   9.3e-45  151.6   0.0   1   1   3.9e-45   1.3e-44  151.1   0.0     1   252    15   262    15   274 0.91 -
Q9I7F7               -           1337 Pkinase              PF00069.31   263     1e-44  151.4   0.0   1   1   4.9e-45   1.6e-44  150.8   0.0     3   258   135   393   133   396 0.88 -
Q3E8W4               -            858 Pkinase              PF00069.31   263   1.3e-44  151.1   0.0   1   1   5.3e-45   1.7e-44  150.7   0.0     3   258   523   788   521   793 0.86 -
Q54DY0               -            669 Pkinase              PF00069.31   263   1.3e-44  151.1   0.2   1   2   2.5e-29   8.1e-29   99.3   1.4     1   139    13   157    13   160 0.93 -
Q54DY0               -            669 Pkinase              PF00069.31   263   1.3e-44  151.1   0.2   2   2   1.3e-13   4.2e-13   47.8   0.0   136   263   197   360   185   360 0.82 -
Q39203               -            797 Pkinase              PF00069.31   263   1.3e-44  151.1   0.0   1   1     7e-45   2.3e-44  150.3   0.0     5   197   465   661   462   736 0.88 -
O24585               -            901 Pkinase              PF00069.31   263   1.3e-44  151.1   0.0   1   1   5.8e-45   1.9e-44  150.6   0.0     2   258   506   775   505   782 0.86 -
Q09092               -            857 Pkinase              PF00069.31   263   1.3e-44  151.1   0.1   1   1   7.4e-45   2.4e-44  150.2   0.1     4   195   531   728   528   742 0.94 -
Q54N73               -            691 Pkinase              PF00069.31   263   1.4e-44  151.0   0.0   1   1   6.3e-45   2.1e-44  150.4   0.0     2   258   364   620   363   622 0.84 -
Q2RBE3               -            622 Pkinase              PF00069.31   263   1.4e-44  151.0   0.0   1   1   6.5e-45   2.1e-44  150.4   0.0     4   263    38   291    36   291 0.90 -
Q3ECH2               -            892 Pkinase              PF00069.31   263   1.4e-44  151.0   0.0   1   1     7e-45   2.3e-44  150.3   0.0     4   259   559   837   557   839 0.82 -
F4IS56               -            479 Pkinase              PF00069.31   263   1.4e-44  151.0   0.0   1   1   6.5e-45   2.1e-44  150.4   0.0    18   258   211   454   203   456 0.90 -
F4KA50               -            624 Pkinase              PF00069.31   263   1.4e-44  151.0   0.0   1   1   6.8e-45   2.2e-44  150.3   0.0     4   258   320   581   318   584 0.86 -
P12965               -            359 Pkinase              PF00069.31   263   1.4e-44  151.0   0.0   1   1   5.6e-45   1.9e-44  150.6   0.0     4   259    66   329    63   331 0.88 -
F4JZW1               -            494 Pkinase              PF00069.31   263   1.5e-44  150.9   0.0   1   1   6.9e-45   2.3e-44  150.3   0.0     3   258    78   350    76   353 0.82 -
O64781               -            831 Pkinase              PF00069.31   263   1.5e-44  150.9   0.0   1   1   6.3e-45   2.1e-44  150.5   0.0     2   203   521   728   520   789 0.82 -
F4I2N7               -            977 Pkinase              PF00069.31   263   1.7e-44  150.8   0.0   1   1   7.5e-45   2.5e-44  150.2   0.0     3   259   668   950   666   952 0.84 -
Q6R2J8               -            703 Pkinase              PF00069.31   263   1.7e-44  150.7   0.0   1   1   7.2e-45   2.4e-44  150.3   0.0     2   260   396   668   395   670 0.88 -
Q1PE89               -            389 Pkinase              PF00069.31   263   1.7e-44  150.7   0.0   1   1   6.9e-45   2.3e-44  150.3   0.0     4   258    74   342    71   347 0.83 -
G5EBZ8               -           1043 Pkinase              PF00069.31   263   1.8e-44  150.7   0.0   1   1     1e-44   3.4e-44  149.7   0.0     4   259   116   374   113   376 0.88 -
O65482               -            830 Pkinase              PF00069.31   263   1.8e-44  150.7   0.0   1   1     8e-45   2.6e-44  150.1   0.0     5   259   512   778   508   781 0.83 -
Q0PW40               -            673 Pkinase              PF00069.31   263   1.8e-44  150.7   0.0   1   1   8.4e-45   2.8e-44  150.0   0.0     4   256   361   622   358   628 0.82 -
O49839               -            426 Pkinase              PF00069.31   263   1.9e-44  150.6   0.0   1   1   8.4e-45   2.8e-44  150.0   0.0     2   258    87   363    86   366 0.87 -
O80623               -            815 Pkinase              PF00069.31   263   1.9e-44  150.5   0.0   1   1   8.6e-45   2.8e-44  150.0   0.0     6   254   492   751   487   758 0.80 -
P35739               -            799 Pkinase              PF00069.31   263     2e-44  150.5   0.0   1   1   9.9e-45   3.3e-44  149.8   0.0     6   257   518   780   514   784 0.85 -
Q91909               -            954 Pkinase              PF00069.31   263   2.2e-44  150.4   0.0   1   2   1.6e-11   5.1e-11   41.0   0.0     4    92   580   673   578   686 0.87 -
Q91909               -            954 Pkinase              PF00069.31   263   2.2e-44  150.4   0.0   2   2   1.1e-31   3.7e-31  107.0   0.0    94   260   747   907   736   909 0.90 -
Q8NFD2               -            765 Pkinase              PF00069.31   263   2.2e-44  150.4   0.0   1   1   9.3e-45   3.1e-44  149.9   0.0     8   256    29   280    24   285 0.85 -
Q9LDQ3               -            669 Pkinase              PF00069.31   263   2.2e-44  150.4   0.0   1   1   9.7e-45   3.2e-44  149.8   0.0     3   256   347   612   345   617 0.83 -
Q54WS5               -           2147 Pkinase              PF00069.31   263   2.2e-44  150.4   0.0   1   1   1.3e-44   4.3e-44  149.4   0.0     3   259  1358  1621  1356  1623 0.85 -
Q61IS6               -           1132 Pkinase              PF00069.31   263   2.3e-44  150.3   4.8   1   2   9.6e-24   3.1e-23   81.0   4.1     1   140   495   646   495   694 0.87 -
Q61IS6               -           1132 Pkinase              PF00069.31   263   2.3e-44  150.3   4.8   2   2   1.1e-19   3.6e-19   67.7   0.0   136   263   883  1044   876  1044 0.92 -
A0A0P0XII1           -            624 Pkinase              PF00069.31   263   2.5e-44  150.2   0.0   1   1   1.2e-44     4e-44  149.5   0.0     2   258   325   593   324   596 0.86 -
Q91618               -            548 Pkinase              PF00069.31   263   2.6e-44  150.1   0.0   1   1   9.9e-45   3.2e-44  149.8   0.0     4   259   106   349   103   353 0.92 -
Q12505               -            502 Pkinase              PF00069.31   263   2.6e-44  150.1   6.5   1   2   7.5e-05   0.00025   19.1   0.0     3    42    12    51    10    86 0.76 -
Q12505               -            502 Pkinase              PF00069.31   263   2.6e-44  150.1   6.5   2   2   1.3e-39   4.3e-39  133.0   0.4    45   259   106   329    92   332 0.84 -
Q9LPZ3               -            845 Pkinase              PF00069.31   263   2.7e-44  150.1   0.0   1   1   1.1e-44   3.7e-44  149.6   0.0     3   254   525   786   523   792 0.81 -
Q7XIT1               -            893 Pkinase              PF00069.31   263   2.8e-44  150.0   0.0   1   1   1.2e-44     4e-44  149.5   0.0     4   263   494   759   491   759 0.86 -
Q0D847               -            601 Pkinase              PF00069.31   263   2.9e-44  150.0   0.0   1   1   1.3e-44   4.2e-44  149.4   0.0     4   263    37   291    35   291 0.89 -
Q03563               -           1003 Pkinase              PF00069.31   263     3e-44  149.9   4.8   1   2   3.7e-24   1.2e-23   82.4   4.1     1   140   422   573   422   625 0.84 -
Q03563               -           1003 Pkinase              PF00069.31   263     3e-44  149.9   4.8   2   2   4.6e-19   1.5e-18   65.7   0.0   136   263   743   904   738   904 0.93 -
Q9FNE1               -            651 Pkinase              PF00069.31   263   3.2e-44  149.8   0.0   1   1   1.5e-44   4.8e-44  149.2   0.0     2   258   316   585   315   588 0.85 -
Q10925               -           1237 Pkinase              PF00069.31   263   3.3e-44  149.8   0.0   1   1   1.6e-44   5.3e-44  149.1   0.0     3   257   109   359   107   364 0.86 -
Q1ZXD6               -           2800 Pkinase              PF00069.31   263   3.3e-44  149.8   0.0   1   1   2.3e-44   7.4e-44  148.6   0.0     2   257  2176  2436  2175  2442 0.86 -
P42679               -            507 Pkinase              PF00069.31   263   3.4e-44  149.8   0.0   1   1   1.6e-44   5.3e-44  149.1   0.0     3   258   237   475   235   478 0.89 -
O97799               -            979 Pkinase              PF00069.31   263   3.8e-44  149.6   0.0   1   2   4.7e-11   1.5e-10   39.4   0.0     3    93   594   689   592   713 0.87 -
O97799               -            979 Pkinase              PF00069.31   263   3.8e-44  149.6   0.0   2   2   5.9e-32   1.9e-31  107.9   0.0    92   259   764   925   740   927 0.90 -
C0LGG4               -            890 Pkinase              PF00069.31   263   3.9e-44  149.6   0.0   1   1   1.8e-44     6e-44  148.9   0.0     4   258   587   849   584   852 0.86 -
F1SPM8               -            968 Pkinase              PF00069.31   263     4e-44  149.5   0.0   1   1   2.3e-44   7.4e-44  148.6   0.0     3   257    48   307    46   311 0.88 -
O43066               -            953 Pkinase              PF00069.31   263   4.5e-44  149.3   0.0   1   1   2.9e-44   9.4e-44  148.3   0.0     5   259    61   322    57   325 0.88 -
Q9T020               -            878 Pkinase              PF00069.31   263   4.6e-44  149.3   0.0   1   1     2e-44   6.7e-44  148.8   0.0     2   257   527   791   526   795 0.83 -
P29322               -           1005 Pkinase              PF00069.31   263   4.6e-44  149.3   0.0   1   1   2.1e-44   6.8e-44  148.8   0.0     2   258   636   889   635   891 0.88 -
Q5XF57               -            579 Pkinase              PF00069.31   263   4.8e-44  149.3   0.0   1   1   2.3e-44   7.4e-44  148.6   0.0     1   259   267   532   267   534 0.89 -
C0LGD9               -            871 Pkinase              PF00069.31   263   4.8e-44  149.2   0.0   1   1   2.1e-44     7e-44  148.7   0.0     4   259   573   834   570   836 0.86 -
Q9LMN8               -            741 Pkinase              PF00069.31   263     5e-44  149.2   0.0   1   1   2.1e-44     7e-44  148.7   0.0     1   258   415   682   415   685 0.83 -
Q9ZNQ8               -            633 Pkinase              PF00069.31   263     5e-44  149.2   0.0   1   1   1.9e-44   6.1e-44  148.9   0.0     3   211   286   498   284   555 0.86 -
D2IYS2               -            807 Pkinase              PF00069.31   263   5.2e-44  149.1   0.0   1   1   6.8e-42   2.2e-41  140.5   0.0     4   259   442   736   439   738 0.87 -
Q8LPB4               -           1021 Pkinase              PF00069.31   263   5.4e-44  149.1   0.0   1   1   2.4e-44     8e-44  148.5   0.0     2   258   744  1011   743  1014 0.82 -
Q9ZQQ7               -            886 Pkinase              PF00069.31   263   6.5e-44  148.8   0.0   1   1   3.4e-44   1.1e-43  148.1   0.0     5   257   585   845   582   849 0.85 -
Q255D2               -            933 Pkinase              PF00069.31   263   6.7e-44  148.8   0.0   1   1   3.2e-44   1.1e-43  148.1   0.0     1   253     4   278     4   289 0.87 -
Q552C1               -           1555 Pkinase              PF00069.31   263     7e-44  148.7   0.0   1   1   8.6e-44   2.8e-43  146.7   0.0    25   259  1056  1303  1050  1305 0.89 -
O04086               -            625 Pkinase              PF00069.31   263     7e-44  148.7   0.0   1   1   2.8e-44   9.3e-44  148.3   0.0     2   199   296   504   295   557 0.90 -
D7SFH9               -           1118 Pkinase              PF00069.31   263   7.2e-44  148.7   0.1   1   1   4.9e-44   1.6e-43  147.5   0.0     5   258   809  1076   806  1079 0.79 -
Q7XV05               -            628 Pkinase              PF00069.31   263   7.2e-44  148.7   0.0   1   1   2.8e-44   9.3e-44  148.3   0.0     2   258   307   577   306   580 0.82 -
O75460               -            977 Pkinase              PF00069.31   263   7.6e-44  148.6   0.0   1   1   3.9e-44   1.3e-43  147.9   0.0     5   263   575   832   571   832 0.82 -
Q6FQH2               -            813 Pkinase              PF00069.31   263   8.9e-44  148.4   0.5   1   1   4.9e-43   1.6e-42  144.2   0.0    54   263   573   800   556   800 0.89 -
P85193               -            242 Pkinase              PF00069.31   263     9e-44  148.4   0.0   1   1   3.1e-44     1e-43  148.2   0.0     2   186    50   242    49   242 0.94 -
P9WI77               -            566 Pkinase              PF00069.31   263   1.1e-43  148.1   0.0   1   1   4.4e-44   1.4e-43  147.7   0.0     1   212    16   229    16   270 0.86 -
Q9LK35               -            855 Pkinase              PF00069.31   263   1.1e-43  148.0   0.0   1   1     5e-44   1.7e-43  147.5   0.0     3   255   512   774   510   779 0.80 -
Q11090               -            407 Pkinase              PF00069.31   263   1.2e-43  148.0   0.3   1   1     6e-44     2e-43  147.2   0.1     1   257   126   387   126   391 0.84 -
O43353               -            540 Pkinase              PF00069.31   263   1.4e-43  147.8   0.0   1   1   7.5e-44   2.5e-43  146.9   0.0     5   258    22   287    18   290 0.85 -
Q9SGY7               -            718 Pkinase              PF00069.31   263   1.4e-43  147.8   0.0   1   1   5.7e-44   1.9e-43  147.3   0.0     6   212   375   583   370   642 0.78 -
Q9W3Y1               -            700 Pkinase              PF00069.31   263   1.4e-43  147.7   1.1   1   2   1.5e-25     5e-25   86.9   0.0     2   152   128   280   127   290 0.90 -
Q9W3Y1               -            700 Pkinase              PF00069.31   263   1.4e-43  147.7   1.1   2   2   7.7e-17   2.5e-16   58.4   0.0   154   263   465   644   456   644 0.87 -
G5ECP4               -            485 Pkinase              PF00069.31   263   1.4e-43  147.7   0.0   1   1   6.8e-44   2.2e-43  147.1   0.0     2   258   186   473   185   476 0.81 -
I1Z695               -            986 Pkinase              PF00069.31   263   1.5e-43  147.6   0.0   1   1   6.7e-44   2.2e-43  147.1   0.0     4   258   656   917   653   919 0.84 -
Q9LX66               -            830 Pkinase              PF00069.31   263   1.6e-43  147.6   0.0   1   1   7.1e-44   2.3e-43  147.0   0.0     2   198   486   687   485   753 0.84 -
Q9SNA3               -            889 Pkinase              PF00069.31   263   1.7e-43  147.5   0.0   1   1   9.1e-44     3e-43  146.6   0.0     4   258   588   852   585   854 0.86 -
Q9C821               -            509 Pkinase              PF00069.31   263   1.7e-43  147.4   0.0   1   1     7e-44   2.3e-43  147.0   0.0     3   202   145   348   143   414 0.87 -
Q9FM85               -            408 Pkinase              PF00069.31   263   1.8e-43  147.4   0.0   1   1   7.8e-44   2.6e-43  146.9   0.0     2   259    77   354    76   356 0.83 -
A9TXT1               -            640 Pkinase              PF00069.31   263   1.8e-43  147.4   0.0   1   1     8e-44   2.6e-43  146.8   0.0     2   256   331   604   330   610 0.83 -
O81906               -            849 Pkinase              PF00069.31   263   1.9e-43  147.3   0.0   1   1   8.6e-44   2.8e-43  146.7   0.0     3   198   531   732   529   796 0.87 -
C0LGD8               -            864 Pkinase              PF00069.31   263     2e-43  147.2   0.0   1   1   9.9e-44   3.3e-43  146.5   0.0     5   259   564   825   561   827 0.84 -
Q5A961               -            690 Pkinase              PF00069.31   263   2.3e-43  147.0   0.0   1   1   1.4e-43   4.6e-43  146.0   0.0     4   258    25   311    22   314 0.84 -
Q16832               -            855 Pkinase              PF00069.31   263   2.3e-43  147.0   0.0   1   1   7.4e-43   2.4e-42  143.7   0.0     3   257   565   845   563   847 0.82 -
Q9LZF8               -            420 Pkinase              PF00069.31   263   2.4e-43  147.0   0.0   1   1   9.2e-44     3e-43  146.6   0.0     3   259    83   360    81   363 0.78 -
P33973               -            693 Pkinase              PF00069.31   263   2.4e-43  147.0   0.0   1   1   9.6e-44   3.2e-43  146.6   0.0     2   253    60   309    59   320 0.88 -
Q03351               -            864 Pkinase              PF00069.31   263   2.4e-43  146.9   0.0   1   2   1.2e-29   4.1e-29  100.3   0.0     3   152   540   708   538   716 0.88 -
Q03351               -            864 Pkinase              PF00069.31   263   2.4e-43  146.9   0.0   2   2   1.4e-12   4.7e-12   44.4   0.0   162   258   760   846   753   849 0.85 -
P50582               -            507 Pkinase              PF00069.31   263   2.4e-43  146.9   0.0   1   2      0.14      0.45    8.4   0.0     1    24    68    91    68    95 0.84 -
P50582               -            507 Pkinase              PF00069.31   263   2.4e-43  146.9   0.0   2   2   1.9e-38   6.4e-38  129.2   0.0    23   263   122   433   108   433 0.88 -
P0DPS9               -            934 Pkinase              PF00069.31   263   2.5e-43  146.9   0.0   1   1   1.5e-43   4.8e-43  146.0   0.0     1   256     4   287     4   294 0.88 -
Q55GJ2               -            984 Pkinase              PF00069.31   263   2.9e-43  146.7   0.8   1   1   8.7e-44   2.9e-43  146.7   0.8     4   263   578   851   575   851 0.87 -
Q9ZWC8               -           1166 Pkinase              PF00069.31   263   3.2e-43  146.6   0.0   1   1   1.4e-43   4.8e-43  146.0   0.0     3   259   861  1132   859  1134 0.80 -
Q60750               -            977 Pkinase              PF00069.31   263   3.2e-43  146.5   0.0   1   1   1.4e-43   4.7e-43  146.0   0.0     4   260   628   880   625   882 0.88 -
P36616               -            544 Pkinase              PF00069.31   263   3.3e-43  146.5   0.2   1   2     7e-23   2.3e-22   78.2   0.2     1   132    81   223    81   232 0.88 -
P36616               -            544 Pkinase              PF00069.31   263   3.3e-43  146.5   0.2   2   2   3.8e-19   1.3e-18   65.9   0.0   136   263   355   516   339   516 0.87 -
Q54FR9               -            967 Pkinase              PF00069.31   263   3.4e-43  146.5   0.0   1   1     1e-43   3.4e-43  146.5   0.0     2   257   346   602   345   606 0.88 -
Q7T6Y1               -            276 Pkinase              PF00069.31   263   3.5e-43  146.4   2.5   1   1   1.4e-43   4.6e-43  146.0   2.5    20   260    25   260    16   262 0.84 -
Q9FAB3               -            521 Pkinase              PF00069.31   263   3.6e-43  146.4   0.0   1   1   1.6e-43   5.2e-43  145.9   0.0     1   254    15   278    15   285 0.89 -
Q54UA9               -            932 Pkinase              PF00069.31   263     4e-43  146.2   0.0   1   1   3.5e-43   1.2e-42  144.7   0.0     1   263   590   920   590   920 0.85 -
A0A0K3AV08           -           1059 Pkinase              PF00069.31   263   4.2e-43  146.2   0.0   1   1   2.8e-43   9.1e-43  145.1   0.0    42   256   205   445   154   449 0.87 -
Q9LY50               -            814 Pkinase              PF00069.31   263   4.3e-43  146.1   0.0   1   1   1.8e-43   5.8e-43  145.7   0.0     2   208   497   723   496   789 0.80 -
P79701               -           1379 Pkinase              PF00069.31   263   4.6e-43  146.0   0.0   1   2   4.6e-11   1.5e-10   39.4   0.0     3    98   860   962   858   982 0.77 -
P79701               -           1379 Pkinase              PF00069.31   263   4.6e-43  146.0   0.0   2   2   7.7e-31   2.5e-30  104.3   0.0    93   258  1019  1178   998  1180 0.89 -
P08941               -           2311 Pkinase              PF00069.31   263   4.7e-43  146.0   0.0   1   1   2.7e-43   8.8e-43  145.1   0.0     3   257  1963  2228  1961  2237 0.85 -
Q9M342               -            639 Pkinase              PF00069.31   263   4.7e-43  146.0   0.0   1   1   2.2e-43   7.1e-43  145.4   0.0     2   257   355   628   354   633 0.80 -
Q9ZPS9               -           1143 Pkinase              PF00069.31   263   5.4e-43  145.8   0.0   1   1   2.4e-43     8e-43  145.2   0.0     4   204   841  1050   838  1125 0.81 -
Q9Y572               -            518 Pkinase              PF00069.31   263   5.4e-43  145.8   0.0   1   1   2.4e-43   7.9e-43  145.3   0.0     2   258    22   280    21   283 0.88 -
C0LGR6               -            913 Pkinase              PF00069.31   263   5.6e-43  145.8   0.0   1   1   3.1e-43     1e-42  144.9   0.0     4   259   570   848   567   850 0.86 -
Q9FID9               -            880 Pkinase              PF00069.31   263     6e-43  145.7   0.0   1   1     4e-43   1.3e-42  144.5   0.0     2   256   526   795   525   799 0.80 -
P38691               -           1029 Pkinase              PF00069.31   263     6e-43  145.7   1.5   1   2      0.03     0.098   10.6   0.0     1    38    18    55    18    65 0.90 -
P38691               -           1029 Pkinase              PF00069.31   263     6e-43  145.7   1.5   2   2     1e-39   3.4e-39  133.3   0.8    42   251   126   335    93   343 0.81 -
Q9ZR08               -            852 Pkinase              PF00069.31   263   6.2e-43  145.6   0.0   1   1   2.9e-43   9.6e-43  145.0   0.0     3   257   534   799   532   802 0.80 -
Q9FL28               -           1173 Pkinase              PF00069.31   263   6.4e-43  145.6   0.0   1   1   2.8e-43   9.2e-43  145.0   0.0     3   260   872  1152   870  1154 0.81 -
P13388               -           1167 Pkinase              PF00069.31   263   6.9e-43  145.5   0.0   1   1   3.2e-43     1e-42  144.9   0.0     2   258   711   963   710   966 0.89 -
Q03142               -            799 Pkinase              PF00069.31   263   7.3e-43  145.4   0.0   1   1   3.1e-43     1e-42  144.9   0.0     4   259   467   738   464   740 0.86 -
C0LGX3               -            993 Pkinase              PF00069.31   263   7.4e-43  145.4   0.0   1   1   3.2e-43     1e-42  144.9   0.0     3   210   688   908   686   985 0.79 -
P00537               -            376 Pkinase              PF00069.31   263   7.6e-43  145.3   0.0   1   1   2.9e-43   9.4e-43  145.0   0.0     4   256    97   361    94   366 0.85 -
P47735               -            999 Pkinase              PF00069.31   263   7.8e-43  145.3   0.0   1   1   3.3e-43   1.1e-42  144.8   0.0     3   234   685   938   683   963 0.84 -
C0LGU5               -            614 Pkinase              PF00069.31   263   8.1e-43  145.2   0.0   1   1   3.3e-43   1.1e-42  144.8   0.0     4   259   303   570   300   572 0.89 -
A8R7E6               -            617 Pkinase              PF00069.31   263     1e-42  144.9   0.0   1   1   4.5e-43   1.5e-42  144.4   0.0     4   257   325   586   322   589 0.87 -
Q9NSY1               -           1161 Pkinase              PF00069.31   263     1e-42  144.9   0.0   1   1   3.2e-43     1e-42  144.9   0.0     3   257    53   311    51   315 0.87 -
Q9LRT1               -           1016 Pkinase              PF00069.31   263     1e-42  144.9   0.0   1   1   4.6e-43   1.5e-42  144.3   0.0     3   259   728   999   726  1002 0.82 -
Q55CW3               -            640 Pkinase              PF00069.31   263     1e-42  144.9   0.5   1   1   8.1e-43   2.7e-42  143.5   0.5     1   212   191   404   191   439 0.85 -
O54967               -           1055 Pkinase              PF00069.31   263   1.1e-42  144.8   0.0   1   1   5.9e-43   1.9e-42  144.0   0.0     3   256   128   380   126   384 0.90 -
H2KZU7               -           1086 Pkinase              PF00069.31   263   1.1e-42  144.8   0.0   1   1   5.8e-43   1.9e-42  144.0   0.0     4   258   738   990   735   992 0.84 -
A2XW02               -            361 Pkinase              PF00069.31   263   1.2e-42  144.7   0.0   1   1     5e-43   1.7e-42  144.2   0.0     5   258    71   337    69   340 0.84 -
G5EGK5               -            928 Pkinase              PF00069.31   263   1.3e-42  144.6   0.0   1   1   6.6e-43   2.2e-42  143.8   0.0     3   258   592   854   590   857 0.87 -
Q8GUH1               -            834 Pkinase              PF00069.31   263   1.4e-42  144.4   0.0   1   1   1.9e-42   6.1e-42  142.4   0.0     5   252   485   730   481   737 0.86 -
A7TGR2               -            758 Pkinase              PF00069.31   263   1.5e-42  144.4   0.1   1   1   1.2e-42   3.9e-42  143.0   0.1    22   263   477   744   443   744 0.81 -
Q8AXB3               -           1302 Pkinase              PF00069.31   263   1.6e-42  144.3   0.0   1   2   1.7e-10   5.7e-10   37.5   0.0     3    92   811   906   809   921 0.84 -
Q8AXB3               -           1302 Pkinase              PF00069.31   263   1.6e-42  144.3   0.0   2   2   6.3e-31   2.1e-30  104.6   0.0    91   259   971  1133   955  1135 0.87 -
F4I3V3               -            636 Pkinase              PF00069.31   263   1.6e-42  144.2   0.0   1   1   7.3e-43   2.4e-42  143.7   0.0     3   259   326   617   324   619 0.86 -
P18475               -            923 Pkinase              PF00069.31   263   1.7e-42  144.2   0.0   1   2   4.8e-13   1.6e-12   45.9   0.0     5    99   479   572   476   583 0.90 -
P18475               -            923 Pkinase              PF00069.31   263   1.7e-42  144.2   0.0   2   2   2.8e-28   9.2e-28   95.9   0.0    84   259   697   871   689   873 0.83 -
Q9UPE1               -            567 Pkinase              PF00069.31   263   1.8e-42  144.1   0.0   1   2   1.9e-22   6.2e-22   76.8   0.0     1   132    79   221    79   228 0.89 -
Q9UPE1               -            567 Pkinase              PF00069.31   263   1.8e-42  144.1   0.0   2   2   8.9e-19   2.9e-18   64.7   0.0   127   263   388   565   387   565 0.84 -
Q9UF33               -           1036 Pkinase              PF00069.31   263     2e-42  144.0   0.0   1   1   4.9e-42   1.6e-41  141.0   0.0     3   258   633   927   631   929 0.90 -
Q45FA5               -            426 Pkinase              PF00069.31   263   2.1e-42  143.9   0.3   1   2   9.2e-21     3e-20   71.2   0.1     1   132    56   197    56   203 0.87 -
Q45FA5               -            426 Pkinase              PF00069.31   263   2.1e-42  143.9   0.3   2   2   1.5e-20   4.9e-20   70.5   0.0   137   263   258   419   248   419 0.85 -
O74815               -            413 Pkinase              PF00069.31   263   2.2e-42  143.8   0.1   1   1   9.7e-43   3.2e-42  143.3   0.1    20   259   123   395   114   397 0.84 -
P09251               -            393 Pkinase              PF00069.31   263   2.6e-42  143.6   0.0   1   1     1e-42   3.4e-42  143.2   0.0    10   263   102   378    93   378 0.87 -
Q8GX23               -            670 Pkinase              PF00069.31   263   2.6e-42  143.6   0.0   1   1   1.1e-42   3.5e-42  143.1   0.0     3   204   314   519   312   582 0.87 -
Q55F45               -           1078 Pkinase              PF00069.31   263   2.6e-42  143.6   0.2   1   3   1.8e-08   5.8e-08   31.0   0.0     2    68   380   453   379   461 0.89 -
Q55F45               -           1078 Pkinase              PF00069.31   263   2.6e-42  143.6   0.2   2   3   2.6e-21   8.5e-21   73.0   0.0    70   155   741   827   733   838 0.88 -
Q55F45               -           1078 Pkinase              PF00069.31   263   2.6e-42  143.6   0.2   3   3   1.2e-09   3.9e-09   34.8   0.0   154   259   921  1025   909  1028 0.82 -
P9WI65               -           1110 Pkinase              PF00069.31   263     3e-42  143.4   0.0   1   1   1.6e-42   5.2e-42  142.6   0.0     2   252    27   272    26   280 0.86 -
Q9YI66               -            874 Pkinase              PF00069.31   263     3e-42  143.3   0.0   1   1   1.2e-42     4e-42  142.9   0.0     3   259   499   763   497   767 0.88 -
G0RBE3               -           1243 Pkinase              PF00069.31   263     3e-42  143.3   0.0   1   2     7e-33   2.3e-32  111.0   0.0     4   170   812   989   809  1003 0.86 -
G0RBE3               -           1243 Pkinase              PF00069.31   263     3e-42  143.3   0.0   2   2   3.1e-08     1e-07   30.2   0.0   172   263  1020  1105  1011  1105 0.74 -
Q01973               -            937 Pkinase              PF00069.31   263   3.2e-42  143.3   0.0   1   1   1.4e-42   4.7e-42  142.7   0.0     3   257   475   742   473   745 0.87 -
Q9FLJ8               -            842 Pkinase              PF00069.31   263   3.4e-42  143.2   0.0   1   1   1.5e-42   4.8e-42  142.7   0.0     5   232   529   767   525   799 0.79 -
Q9LS95               -            700 Pkinase              PF00069.31   263   3.5e-42  143.2   0.0   1   1   1.4e-42   4.7e-42  142.7   0.0     2   204   338   544   337   607 0.88 -
Q99558               -            947 Pkinase              PF00069.31   263   3.5e-42  143.1   0.0   1   1   1.8e-42   5.8e-42  142.4   0.0     6   256   405   646   401   650 0.85 -
O73791               -           1116 Pkinase              PF00069.31   263   3.6e-42  143.1   0.0   1   1   1.8e-42   6.1e-42  142.4   0.0     3   258   818  1081   816  1083 0.87 -
Q9NLA1               -            570 Pkinase              PF00069.31   263   3.7e-42  143.1   0.0   1   1   1.9e-42   6.3e-42  142.3   0.0     1   257    40   323    40   329 0.84 -
Q9C660               -            762 Pkinase              PF00069.31   263   4.1e-42  142.9   0.0   1   1   1.7e-42   5.4e-42  142.5   0.0     2   203   431   636   430   702 0.82 -
Q9LFS4               -            638 Pkinase              PF00069.31   263   4.5e-42  142.8   0.0   1   1   1.9e-42   6.1e-42  142.4   0.0     2   258   313   580   312   583 0.85 -
Q20085               -            468 Pkinase              PF00069.31   263   4.9e-42  142.7   0.0   1   1   2.2e-42   7.2e-42  142.1   0.0     2   261   107   354   106   356 0.89 -
P32801               -            640 Pkinase              PF00069.31   263   5.1e-42  142.6   0.1   1   2    0.0002   0.00067   17.7   0.0     3    53    90   142    88   151 0.87 -
P32801               -            640 Pkinase              PF00069.31   263   5.1e-42  142.6   0.1   2   2   1.7e-36   5.4e-36  122.8   0.0    43   259   163   404   142   406 0.80 -
Q6XHA5               -           1487 Pkinase              PF00069.31   263   5.5e-42  142.5   3.9   1   1     2e-42   6.5e-42  142.3   0.0     4   259  1188  1446  1185  1449 0.89 -
Q62270               -            496 Pkinase              PF00069.31   263   5.6e-42  142.5   0.0   1   1   2.2e-42   7.3e-42  142.1   0.0     3   255   236   478   234   484 0.90 -
Q8GYF5               -            622 Pkinase              PF00069.31   263     6e-42  142.4   0.0   1   1   3.8e-42   1.3e-41  141.3   0.0     2   259   315   588   314   591 0.81 -
Q9SGP2               -            996 Pkinase              PF00069.31   263   6.2e-42  142.3   0.0   1   1   2.6e-42   8.6e-42  141.9   0.0     4   257   679   955   676   959 0.82 -
Q3UVC0               -            951 Pkinase              PF00069.31   263   6.6e-42  142.2   0.0   1   1     3e-42     1e-41  141.7   0.0     2   259   668   927   667   929 0.88 -
Q8LPS5               -            601 Pkinase              PF00069.31   263   6.8e-42  142.2   0.0   1   1   2.7e-42   8.9e-42  141.8   0.0     2   258   276   546   275   549 0.81 -
Q9ZUI0               -            980 Pkinase              PF00069.31   263   6.9e-42  142.2   0.0   1   1     3e-42     1e-41  141.7   0.0     3   257   663   949   661   953 0.84 -
Q9FN37               -           1036 Pkinase              PF00069.31   263   6.9e-42  142.2   0.0   1   1   3.2e-42   1.1e-41  141.6   0.0     3   258   756  1022   754  1024 0.84 -
Q6CXN5               -            772 Pkinase              PF00069.31   263   7.1e-42  142.1   0.0   1   1   1.9e-41   6.2e-41  139.0   0.0     6   263   459   758   455   758 0.77 -
P32350               -            737 Pkinase              PF00069.31   263   7.7e-42  142.0   0.0   1   1   7.4e-41   2.4e-40  137.1   0.0     2   263   314   720   313   720 0.86 -
Q8W4S5               -            614 Pkinase              PF00069.31   263   9.3e-42  141.7   0.0   1   1   3.9e-42   1.3e-41  141.3   0.0     2   259   290   560   289   562 0.82 -
Q05101               -            402 Pkinase              PF00069.31   263   9.6e-42  141.7   0.0   1   1   3.6e-42   1.2e-41  141.4   0.0     3   262   104   385   102   386 0.86 -
P35968               -           1356 Pkinase              PF00069.31   263     1e-41  141.6   0.0   1   2   4.9e-10   1.6e-09   36.1   0.0     3    93   836   932   834   947 0.81 -
P35968               -           1356 Pkinase              PF00069.31   263     1e-41  141.6   0.0   2   2   1.8e-30     6e-30  103.1   0.0    91   260   996  1159   973  1160 0.87 -
Q8SSS9               -           1553 Pkinase              PF00069.31   263     1e-41  141.6   0.0   1   1   1.4e-40   4.6e-40  136.2   0.0     4   259  1245  1526  1242  1529 0.87 -
O61460               -           1122 Pkinase              PF00069.31   263   1.2e-41  141.4   0.0   1   1   9.2e-42     3e-41  140.1   0.0     5   259   726   982   722   988 0.87 -
P35590               -           1138 Pkinase              PF00069.31   263   1.5e-41  141.1   0.0   1   1   6.8e-42   2.2e-41  140.5   0.0     3   257   841  1103   839  1106 0.86 -
Q5GIT4               -           1357 Pkinase              PF00069.31   263   1.6e-41  141.0   0.0   1   2   2.6e-11   8.6e-11   40.3   0.1     3    93   845   942   843   951 0.82 -
Q5GIT4               -           1357 Pkinase              PF00069.31   263   1.6e-41  141.0   0.0   2   2   5.3e-29   1.7e-28   98.3   0.0    93   260  1009  1170   991  1171 0.89 -
Q8AXC6               -            984 Pkinase              PF00069.31   263   1.6e-41  141.0   0.0   1   2   3.9e-11   1.3e-10   39.7   0.0     3    93   581   676   579   696 0.86 -
Q8AXC6               -            984 Pkinase              PF00069.31   263   1.6e-41  141.0   0.0   2   2     3e-29   9.7e-29   99.1   0.0    80   259   737   911   733   913 0.87 -
Q9SA72               -            849 Pkinase              PF00069.31   263   1.6e-41  141.0   0.0   1   1     8e-42   2.6e-41  140.3   0.0     6   258   525   787   520   790 0.82 -
Q8SSY6               -           1887 Pkinase              PF00069.31   263   1.6e-41  140.9   0.1   1   1     5e-42   1.6e-41  140.9   0.1    26   263  1180  1437  1170  1437 0.78 -
Q9LZV7               -            967 Pkinase              PF00069.31   263   2.2e-41  140.5   0.0   1   1   9.5e-42   3.1e-41  140.0   0.0     3   205   689   896   687   955 0.82 -
G5EFD2               -            771 Pkinase              PF00069.31   263   2.2e-41  140.5   0.0   1   1   1.2e-41   3.8e-41  139.7   0.0     5   257   481   741   478   744 0.86 -
P00545               -            978 Pkinase              PF00069.31   263   2.3e-41  140.5   0.0   1   2   3.8e-13   1.3e-12   46.3   0.0     3    92   615   709   613   716 0.87 -
P00545               -            978 Pkinase              PF00069.31   263   2.3e-41  140.5   0.0   2   2   4.3e-27   1.4e-26   92.0   0.0    94   259   781   940   746   942 0.88 -
Q9SCZ4               -            895 Pkinase              PF00069.31   263   2.3e-41  140.5   0.1   1   1   1.6e-41   5.2e-41  139.3   0.0     2   199   537   740   536   804 0.88 -
C0LGT1               -            613 Pkinase              PF00069.31   263   2.4e-41  140.4   0.0   1   1   9.7e-42   3.2e-41  140.0   0.0     2   258   291   561   290   564 0.81 -
P75524               -            389 Pkinase              PF00069.31   263   2.4e-41  140.4   0.4   1   1   9.9e-42   3.2e-41  140.0   0.4    26   243    51   298    43   329 0.81 -
P54738               -            710 Pkinase              PF00069.31   263   2.5e-41  140.4   0.0   1   1   9.8e-42   3.2e-41  140.0   0.0     1   259     6   273     6   276 0.90 -
P00544               -            545 Pkinase              PF00069.31   263   2.5e-41  140.4   0.0   1   1   1.1e-41   3.6e-41  139.8   0.0     3   257   288   531   286   537 0.89 -
Q9LHP4               -           1141 Pkinase              PF00069.31   263   2.5e-41  140.4   0.0   1   1   1.1e-41   3.6e-41  139.8   0.0     5   258   790  1060   786  1063 0.86 -
Q8L4H4               -            925 Pkinase              PF00069.31   263   2.6e-41  140.3   0.0   1   1   1.3e-41   4.4e-41  139.5   0.0     4   198   599   800   597   828 0.90 -
Q00342               -           1000 Pkinase              PF00069.31   263   2.6e-41  140.3   0.0   1   2   1.8e-14     6e-14   50.6   0.0     2    95   612   710   611   723 0.81 -
Q00342               -           1000 Pkinase              PF00069.31   263   2.6e-41  140.3   0.0   2   2   1.3e-25   4.1e-25   87.2   0.0    78   257   768   942   759   945 0.87 -
Q11112               -            328 Pkinase              PF00069.31   263   2.8e-41  140.2   0.0   1   1   1.1e-41   3.5e-41  139.9   0.0     6   262    30   287    25   288 0.84 -
P54735               -            505 Pkinase              PF00069.31   263   2.8e-41  140.2   0.0   1   1   8.6e-42   2.8e-41  140.2   0.0     1   258     9   263     9   268 0.89 -
Q6UD73               -            620 Pkinase              PF00069.31   263   3.2e-41  140.0   0.0   1   1   1.5e-41   4.9e-41  139.4   0.0     2   258   323   589   322   592 0.82 -
Q15303               -           1308 Pkinase              PF00069.31   263   3.3e-41  139.9   0.0   1   1   1.5e-41   5.1e-41  139.3   0.0     3   258   720   971   718   974 0.88 -
P36004               -            724 Pkinase              PF00069.31   263   4.3e-41  139.6   0.1   1   1   5.5e-41   1.8e-40  137.5   0.1    17   263   442   712   413   712 0.80 -
Q05652               -            501 Pkinase              PF00069.31   263   4.3e-41  139.6   0.0   1   1   2.9e-41   9.5e-41  138.4   0.0     4   259   216   493   213   495 0.84 -
Q9FLW0               -            824 Pkinase              PF00069.31   263   4.5e-41  139.5   0.0   1   1     2e-41   6.5e-41  139.0   0.0     6   199   494   692   489   758 0.80 -
Q6R2K1               -            699 Pkinase              PF00069.31   263   5.3e-41  139.3   0.0   1   1   2.3e-41   7.4e-41  138.8   0.0     4   259   407   670   404   673 0.85 -
Q55E58               -           3184 Pkinase              PF00069.31   263   5.4e-41  139.2   0.0   1   1   3.9e-41   1.3e-40  138.0   0.0     3   257  2249  2507  2247  2511 0.87 -
Q24145               -            939 Pkinase              PF00069.31   263   5.8e-41  139.2   0.0   1   1     3e-41     1e-40  138.4   0.0     4   255   665   915   662   921 0.84 -
Q8VYT3               -            648 Pkinase              PF00069.31   263   6.5e-41  139.0   0.0   1   1   2.6e-41   8.6e-41  138.6   0.0     2   256   304   567   303   571 0.81 -
Q13308               -           1070 Pkinase              PF00069.31   263   7.5e-41  138.8   0.0   1   1   3.1e-41     1e-40  138.4   0.0     4   258   799  1058   796  1061 0.87 -
P08581               -           1390 Pkinase              PF00069.31   263     8e-41  138.7   0.0   1   1   4.7e-41   1.5e-40  137.8   0.0     2   259  1079  1335  1078  1337 0.84 -
P00533               -           1210 Pkinase              PF00069.31   263   9.1e-41  138.5   0.0   1   1   4.2e-41   1.4e-40  137.9   0.0     2   257   713   964   712   967 0.88 -
P0DL10               -            996 Pkinase              PF00069.31   263   9.4e-41  138.5   0.0   1   1     4e-41   1.3e-40  138.0   0.0     3   259   705   975   703   977 0.87 -
O15146               -            869 Pkinase              PF00069.31   263   9.6e-41  138.4   0.0   1   1   5.7e-41   1.9e-40  137.5   0.0     3   257   577   852   575   856 0.87 -
P78362               -            688 Pkinase              PF00069.31   263   1.1e-40  138.2   6.9   1   2   6.8e-23   2.2e-22   78.2   0.2     1   132    81   223    81   230 0.87 -
P78362               -            688 Pkinase              PF00069.31   263   1.1e-40  138.2   6.9   2   2   1.9e-18   6.4e-18   63.6   0.0   134   263   523   686   512   686 0.87 -
Q5RD27               -            655 Pkinase              PF00069.31   263   1.2e-40  138.2   5.4   1   2     8e-23   2.6e-22   78.0   0.1     1   137    80   228    80   231 0.87 -
Q5RD27               -            655 Pkinase              PF00069.31   263   1.2e-40  138.2   5.4   2   2   4.2e-18   1.4e-17   62.5   0.0   133   263   489   653   475   653 0.84 -
Q8AXY6               -            947 Pkinase              PF00069.31   263   1.2e-40  138.1   0.0   1   1   8.6e-41   2.8e-40  136.9   0.0     3   257   657   930   655   938 0.85 -
Q9LJM4               -            991 Pkinase              PF00069.31   263   1.3e-40  138.0   0.0   1   1   7.5e-41   2.4e-40  137.1   0.0     3   258   673   960   671   964 0.78 -
P0DKI6               -            349 Pkinase              PF00069.31   263   1.4e-40  137.9   0.0   1   1   5.8e-41   1.9e-40  137.5   0.0     4   259    46   331    43   333 0.82 -
B1WBU5               -            362 Pkinase              PF00069.31   263   1.5e-40  137.8   0.0   1   1   5.7e-41   1.9e-40  137.5   0.0     1   257    62   321    62   329 0.85 -
Q03656               -            742 Pkinase              PF00069.31   263   1.5e-40  137.8   1.0   1   2   2.2e-19   7.2e-19   66.7   1.4     2   132   159   303   158   313 0.85 -
Q03656               -            742 Pkinase              PF00069.31   263   1.5e-40  137.8   1.0   2   2   9.3e-20   3.1e-19   67.9   0.0   136   263   545   706   530   706 0.86 -
P74297               -            574 Pkinase              PF00069.31   263   1.5e-40  137.8   0.0   1   1   7.1e-41   2.3e-40  137.2   0.0     1   258    34   293    34   297 0.88 -
O64774               -            749 Pkinase              PF00069.31   263   1.6e-40  137.7   0.0   1   1   7.8e-41   2.6e-40  137.0   0.0     2   184   455   643   454   646 0.89 -
B5X4Z9               -            617 Pkinase              PF00069.31   263   1.8e-40  137.5   0.0   1   1   8.6e-41   2.8e-40  136.9   0.0     2   258   278   542   277   544 0.84 -
Q54C38               -           1371 Pkinase              PF00069.31   263   1.8e-40  137.5  14.4   1   2   3.2e-27   1.1e-26   92.4   0.7    14   194    23   215    11   265 0.81 -
Q54C38               -           1371 Pkinase              PF00069.31   263   1.8e-40  137.5  14.4   2   2   3.5e-15   1.1e-14   53.0   2.6    45   194  1181  1344  1167  1367 0.78 -
P38970               -            855 Pkinase              PF00069.31   263   1.9e-40  137.5   0.1   1   1   3.2e-39     1e-38  131.7   0.0    55   263   598   837   594   837 0.84 -
Q9VZI2               -           1073 Pkinase              PF00069.31   263   2.2e-40  137.2   0.0   1   1   1.4e-40   4.5e-40  136.2   0.0     5   258   127   380   123   383 0.89 -
P24348               -           1323 Pkinase              PF00069.31   263   2.4e-40  137.1   0.0   1   1   1.3e-40   4.3e-40  136.3   0.0     3   256   887  1136   885  1141 0.89 -
Q67X31               -            616 Pkinase              PF00069.31   263   2.6e-40  137.0   0.0   1   1     1e-40   3.4e-40  136.6   0.0     3   211   291   506   289   564 0.90 -
Q9M6A7               -            987 Pkinase              PF00069.31   263   2.9e-40  136.8   0.0   1   1   1.3e-40   4.4e-40  136.3   0.0     3   198   698   899   696   969 0.92 -
Q9FHX3               -            691 Pkinase              PF00069.31   263     3e-40  136.8   0.0   1   1   1.2e-40   4.1e-40  136.4   0.0     2   257   367   640   366   643 0.80 -
O22808               -            664 Pkinase              PF00069.31   263   3.1e-40  136.8   0.0   1   1   1.4e-40   4.7e-40  136.2   0.0    13   259   380   638   378   641 0.87 -
C0LGP9               -            784 Pkinase              PF00069.31   263   3.8e-40  136.5   0.0   1   1   1.6e-40   5.2e-40  136.0   0.0     4   259   491   754   488   756 0.83 -
Q9C5S2               -            841 Pkinase              PF00069.31   263   4.3e-40  136.3   0.0   1   1   2.5e-39   8.2e-39  132.1   0.0     4   263   417   704   414   704 0.86 -
P08922               -           2347 Pkinase              PF00069.31   263   4.4e-40  136.3   0.0   1   1   2.3e-40   7.6e-40  135.5   0.0     6   259  1950  2213  1945  2216 0.84 -
Q6FJ85               -            766 Pkinase              PF00069.31   263   4.4e-40  136.3   0.1   1   1   7.1e-40   2.3e-39  133.9   0.1    21   263   484   752   450   752 0.79 -
Q5S006               -           2527 Pkinase              PF00069.31   263   4.7e-40  136.2   0.0   1   1     4e-40   1.3e-39  134.7   0.0     7   258  1885  2129  1881  2132 0.83 -
Q9LY03               -            964 Pkinase              PF00069.31   263   4.7e-40  136.2   0.0   1   1   2.5e-40   8.2e-40  135.4   0.0     4   204   681   887   678   947 0.84 -
Q9SV05               -            362 Pkinase              PF00069.31   263     6e-40  135.8   0.0   1   1   2.5e-40   8.2e-40  135.4   0.0     3   258    61   326    59   328 0.83 -
P41720               -            274 Pkinase              PF00069.31   263   6.9e-40  135.6   0.1   1   1   2.6e-40   8.6e-40  135.3   0.1     9   233    25   233    19   264 0.85 -
P28926               -            382 Pkinase              PF00069.31   263   7.3e-40  135.5   0.0   1   1   3.1e-40     1e-39  135.1   0.0     1   263    93   379    93   379 0.84 -
Q54RP7               -            637 Pkinase              PF00069.31   263   8.3e-40  135.4   1.8   1   2     3e-13   9.9e-13   46.6   0.0     2    71   237   303   236   328 0.92 -
Q54RP7               -            637 Pkinase              PF00069.31   263   8.3e-40  135.4   1.8   2   2   2.8e-25   9.1e-25   86.1   1.0    68   241   400   607   393   622 0.77 -
Q9LU47               -            819 Pkinase              PF00069.31   263     1e-39  135.1   0.0   1   1   7.4e-40   2.4e-39  133.8   0.0     4   255   463   721   460   727 0.88 -
Q8S8S7               -            801 Pkinase              PF00069.31   263   1.1e-39  135.0   0.1   1   1   4.6e-39   1.5e-38  131.2   0.0     3   212   444   657   442   711 0.82 -
Q55FV4               -            530 Pkinase              PF00069.31   263   1.3e-39  134.7   0.1   1   1   5.9e-40   1.9e-39  134.2   0.1    40   263    47   268    19   268 0.88 -
A0A0P0VIP0           -            695 Pkinase              PF00069.31   263   1.4e-39  134.6   0.0   1   1     6e-40     2e-39  134.1   0.0     4   199   392   592   389   653 0.78 -
Q9FHK7               -            640 Pkinase              PF00069.31   263   1.5e-39  134.5   0.0   1   1   6.7e-40   2.2e-39  134.0   0.0     5   258   351   610   348   613 0.84 -
Q8H1D6               -            467 Pkinase              PF00069.31   263   1.7e-39  134.3   0.0   1   1   7.4e-40   2.4e-39  133.8   0.0     4   204   156   362   153   415 0.88 -
Q54ET3               -            369 Pkinase              PF00069.31   263     2e-39  134.1   1.1   1   1   9.2e-38     3e-37  127.0   1.1     1   259    22   361    22   363 0.88 -
Q9SCT4               -            836 Pkinase              PF00069.31   263     2e-39  134.1   0.0   1   1   8.9e-40   2.9e-39  133.6   0.0     4   259   540   803   537   805 0.82 -
Q93VJ2               -            881 Pkinase              PF00069.31   263   2.1e-39  134.0   0.0   1   1   4.5e-39   1.5e-38  131.3   0.0     3   263   461   744   459   744 0.86 -
Q6R2K3               -            776 Pkinase              PF00069.31   263   2.2e-39  134.0   0.0   1   1   8.9e-40   2.9e-39  133.6   0.0     2   260   486   758   485   760 0.88 -
Q2R2D5               -           1037 Pkinase              PF00069.31   263   2.4e-39  133.8   0.0   1   1     1e-39   3.4e-39  133.3   0.0     5   198   724   936   720   971 0.93 -
P9WI75               -            476 Pkinase              PF00069.31   263   2.5e-39  133.8   0.0   1   1     1e-39   3.3e-39  133.4   0.0     2   207    13   228    12   269 0.91 -
Q9FKG5               -            796 Pkinase              PF00069.31   263   2.5e-39  133.8   0.0   1   1   1.7e-38   5.8e-38  129.3   0.0     4   252   432   690   429   702 0.83 -
Q8RXC8               -            460 Pkinase              PF00069.31   263   2.6e-39  133.7   0.0   1   1     1e-39   3.3e-39  133.4   0.0     4   203   146   350   143   407 0.89 -
P93050               -            617 Pkinase              PF00069.31   263   2.7e-39  133.7   0.0   1   1   1.1e-39   3.8e-39  133.2   0.0     2   258   284   554   283   557 0.79 -
P97343               -            419 Pkinase              PF00069.31   263   3.3e-39  133.4   0.0   1   1   1.3e-39   4.2e-39  133.1   0.0     2   263    24   304    23   304 0.81 -
P49695               -            742 Pkinase              PF00069.31   263   3.3e-39  133.4   0.0   1   1   1.4e-39   4.5e-39  132.9   0.0     1   259    16   262    16   264 0.92 -
Q54M77               -           1867 Pkinase              PF00069.31   263   3.3e-39  133.4   8.4   1   2     0.026     0.085   10.8   0.0     4    38  1459  1491  1456  1505 0.85 -
Q54M77               -           1867 Pkinase              PF00069.31   263   3.3e-39  133.4   8.4   2   2   3.3e-37   1.1e-36  125.1   0.0    43   259  1637  1854  1617  1856 0.86 -
A0JM20               -            881 Pkinase              PF00069.31   263   3.7e-39  133.2   0.0   1   1   1.7e-39   5.4e-39  132.7   0.0     2   257   504   767   503   771 0.87 -
Q9TZM3               -           2393 Pkinase              PF00069.31   263   3.8e-39  133.2   0.0   1   1   2.1e-38   7.1e-38  129.0   0.0    43   258  1765  1984  1738  1986 0.85 -
Q1ZXR2               -            844 Pkinase              PF00069.31   263   3.8e-39  133.2   0.0   1   1   2.8e-39   9.3e-39  131.9   0.0     3   259   510   768   508   771 0.85 -
Q9LSC2               -            361 Pkinase              PF00069.31   263   4.7e-39  132.9   0.0   1   1   1.9e-39   6.3e-39  132.5   0.0     2   259    40   309    39   312 0.86 -
Q9SAH3               -            692 Pkinase              PF00069.31   263   5.2e-39  132.8   0.0   1   2   8.7e-30   2.9e-29  100.8   0.0     3   147    83   230    81   243 0.89 -
Q9SAH3               -            692 Pkinase              PF00069.31   263   5.2e-39  132.8   0.0   2   2   5.3e-08   1.8e-07   29.4   0.0   152   258   544   659   537   661 0.73 -
O94537               -           1072 Pkinase              PF00069.31   263   5.3e-39  132.7   0.0   1   1     3e-39   9.9e-39  131.8   0.0     5   263   658   938   655   938 0.86 -
Q9M9C5               -            670 Pkinase              PF00069.31   263   5.3e-39  132.7   0.0   1   1   2.4e-39     8e-39  132.1   0.0     5   241   366   610   363   632 0.84 -
Q04912               -           1400 Pkinase              PF00069.31   263   5.4e-39  132.7   0.0   1   1   2.3e-39   7.6e-39  132.2   0.0     3   257  1084  1337  1082  1343 0.85 -
Q38SD2               -           2015 Pkinase              PF00069.31   263   5.7e-39  132.6   0.0   1   1   3.9e-39   1.3e-38  131.5   0.0     4   259  1245  1518  1243  1521 0.85 -
G5ECQ3               -           1077 Pkinase              PF00069.31   263   6.1e-39  132.5   0.1   1   1   3.1e-39     1e-38  131.8   0.1     3   256    49   310    47   316 0.87 -
Q8TEA7               -            893 Pkinase              PF00069.31   263   6.3e-39  132.5   0.0   1   1   2.9e-39   9.4e-39  131.9   0.0    49   263    42   273    32   273 0.88 -
Q9C8M9               -            719 Pkinase              PF00069.31   263   6.3e-39  132.5   0.0   1   1   2.7e-39   8.8e-39  132.0   0.0     2   260   417   686   416   689 0.86 -
Q7F8Q9               -           1413 Pkinase              PF00069.31   263   7.5e-39  132.2   0.0   1   1   3.5e-39   1.2e-38  131.6   0.0     5   203  1111  1316  1107  1388 0.83 -
O64639               -            683 Pkinase              PF00069.31   263   7.8e-39  132.2   0.0   1   2   8.3e-28   2.7e-27   94.3   0.0     2   148    93   248    92   258 0.90 -
O64639               -            683 Pkinase              PF00069.31   263   7.8e-39  132.2   0.0   2   2   7.6e-10   2.5e-09   35.5   0.0   153   259   532   651   519   653 0.72 -
Q08345               -            913 Pkinase              PF00069.31   263   8.4e-39  132.1   0.0   1   1   4.8e-38   1.6e-37  127.9   0.0     4   257   613   901   610   904 0.81 -
Q9V6K3               -            724 Pkinase              PF00069.31   263   8.8e-39  132.0   0.0   1   1   5.2e-39   1.7e-38  131.1   0.0     4   259   444   709   441   715 0.85 -
Q6R2K2               -            687 Pkinase              PF00069.31   263   8.9e-39  132.0   0.0   1   1   3.8e-39   1.3e-38  131.5   0.0     4   258   418   680   415   683 0.84 -
Q4WKP8               -           1165 Pkinase              PF00069.31   263     9e-39  132.0   0.0   1   1   5.9e-38   1.9e-37  127.6   0.0     6   253   716   997   713  1025 0.85 -
Q10078               -            344 Pkinase              PF00069.31   263   9.1e-39  132.0   0.2   1   2     3e-14   9.7e-14   49.9   0.3     1   117    32   156    32   158 0.91 -
Q10078               -            344 Pkinase              PF00069.31   263   9.1e-39  132.0   0.2   2   2     2e-23   6.6e-23   80.0   0.0   120   259   191   336   186   338 0.84 -
P30530               -            894 Pkinase              PF00069.31   263   9.5e-39  131.9   0.0   1   1     4e-39   1.3e-38  131.4   0.0     3   258   538   800   536   803 0.87 -
P53974               -            638 Pkinase              PF00069.31   263   1.1e-38  131.6   0.0   1   1   5.5e-39   1.8e-38  131.0   0.0     4   259    25   294    22   298 0.85 -
Q2LGB3               -            718 Pkinase              PF00069.31   263   1.2e-38  131.6   0.0   1   1   5.7e-39   1.9e-38  130.9   0.0     3   259   214   516   212   518 0.84 -
Q9SGN7               -            470 Pkinase              PF00069.31   263   1.2e-38  131.5   0.0   1   1   5.1e-39   1.7e-38  131.1   0.0     4   257    55   326    52   330 0.81 -
Q9STF0               -            337 Pkinase              PF00069.31   263   1.6e-38  131.1   0.0   1   1   6.7e-39   2.2e-38  130.7   0.0     3   259    52   308    50   310 0.83 -
Q61097               -            873 Pkinase              PF00069.31   263   1.7e-38  131.0   0.0   1   1   8.2e-39   2.7e-38  130.4   0.0     2   258   564   824   563   827 0.89 -
C0LGT6               -           1031 Pkinase              PF00069.31   263   1.8e-38  131.0   0.0   1   1   7.5e-39   2.5e-38  130.5   0.0     3   200   714   934   712   992 0.88 -
Q62190               -           1378 Pkinase              PF00069.31   263     2e-38  130.8   0.0   1   1   9.4e-39   3.1e-38  130.2   0.0     2   258  1060  1315  1059  1319 0.88 -
Q76MJ5               -            926 Pkinase              PF00069.31   263     2e-38  130.8   0.0   1   1   8.5e-39   2.8e-38  130.4   0.0     4   263   523   781   520   781 0.82 -
Q9UTE5               -            639 Pkinase              PF00069.31   263     2e-38  130.8   0.4   1   2   2.5e-14   8.2e-14   50.2   0.0     2    83   172   252   171   275 0.85 -
Q9UTE5               -            639 Pkinase              PF00069.31   263     2e-38  130.8   0.4   2   2   4.8e-23   1.6e-22   78.7   0.1    74   259   360   583   346   587 0.77 -
Q8IVT5               -            923 Pkinase              PF00069.31   263   2.2e-38  130.7   0.0   1   1   9.8e-39   3.2e-38  130.2   0.0     2   258   614   874   613   878 0.88 -
Q9FKG6               -            845 Pkinase              PF00069.31   263   2.5e-38  130.5   0.2   1   1   1.8e-38   5.9e-38  129.3   0.0     4   253   493   745   490   751 0.86 -
Q9UQY9               -            429 Pkinase              PF00069.31   263   2.5e-38  130.5   0.0   1   3      0.44       1.4    6.7   0.0     1    22    40    61    40    65 0.90 -
Q9UQY9               -            429 Pkinase              PF00069.31   263   2.5e-38  130.5   0.0   2   3   4.5e-18   1.5e-17   62.4   0.0    20   159    85   219    81   222 0.90 -
Q9UQY9               -            429 Pkinase              PF00069.31   263   2.5e-38  130.5   0.0   3   3     2e-16   6.5e-16   57.0   0.0   154   263   258   403   250   403 0.79 -
B9DFG5               -            408 Pkinase              PF00069.31   263   2.7e-38  130.4   0.0   1   1     1e-38   3.3e-38  130.1   0.0     4   209   116   334   113   390 0.82 -
Q86A12               -            656 Pkinase              PF00069.31   263   2.7e-38  130.4   0.0   1   3       6.1        20    3.0   0.0     1    23   135   157   135   163 0.90 -
Q86A12               -            656 Pkinase              PF00069.31   263   2.7e-38  130.4   0.0   2   3   1.3e-16   4.4e-16   57.6   0.3     8   139   181   309   178   354 0.83 -
Q86A12               -            656 Pkinase              PF00069.31   263   2.7e-38  130.4   0.0   3   3   6.7e-19   2.2e-18   65.1   0.0   113   263   462   648   391   648 0.83 -
P54734               -            564 Pkinase              PF00069.31   263   2.9e-38  130.3   0.0   1   1   1.4e-38   4.6e-38  129.7   0.0     1   258     9   267     9   271 0.88 -
P34891               -            488 Pkinase              PF00069.31   263   3.2e-38  130.2   0.0   1   1   5.1e-37   1.7e-36  124.5   0.0     4   259   147   450   145   452 0.87 -
O18735               -           1259 Pkinase              PF00069.31   263   4.3e-38  129.7   0.0   1   1     2e-38   6.7e-38  129.1   0.0     3   259   721   973   719   975 0.88 -
Q6XHA7               -           3365 Pkinase              PF00069.31   263   5.5e-38  129.4   0.1   1   1     9e-38     3e-37  127.0   0.0     6   259  3013  3260  3010  3262 0.89 -
Q06418               -            890 Pkinase              PF00069.31   263   5.6e-38  129.4   0.0   1   1   2.3e-38   7.5e-38  129.0   0.0     2   255   519   780   518   786 0.87 -
O48788               -            658 Pkinase              PF00069.31   263   5.7e-38  129.3   0.0   1   1   2.6e-38   8.7e-38  128.7   0.0     5   259   355   614   352   616 0.87 -
P09208               -           2144 Pkinase              PF00069.31   263   6.8e-38  129.1   0.0   1   1   4.3e-38   1.4e-37  128.0   0.0     5   258  1375  1647  1371  1650 0.88 -
P36894               -            532 Pkinase              PF00069.31   263   6.9e-38  129.1   0.0   1   1   3.6e-38   1.2e-37  128.3   0.0     3   259   236   519   234   522 0.84 -
Q6FRE7               -            777 Pkinase              PF00069.31   263   7.2e-38  129.0   0.0   1   1   3.3e-38   1.1e-37  128.4   0.0     4   263   225   529   223   529 0.84 -
Q17833               -            502 Pkinase              PF00069.31   263   7.3e-38  129.0   0.0   1   1     4e-38   1.3e-37  128.2   0.0     3   258   177   458   175   461 0.80 -
P38080               -           1108 Pkinase              PF00069.31   263     8e-38  128.9   0.1   1   1   2.4e-38     8e-38  128.9   0.1    25   260    73   316    66   318 0.85 -
A2CI35               -            953 Pkinase              PF00069.31   263   1.1e-37  128.4   0.0   1   1   1.8e-37     6e-37  126.0   0.0     3   257   667   917   666   924 0.87 -
Q4VSN4               -            931 Pkinase              PF00069.31   263   1.3e-37  128.2   0.0   1   1   1.4e-37   4.7e-37  126.3   0.0     4   253   657   900   655   909 0.87 -
Q7T0B0               -            443 Pkinase              PF00069.31   263   1.4e-37  128.1   0.0   1   1   6.2e-38     2e-37  127.5   0.0    22   259    58   326    38   328 0.84 -
Q9LP77               -            655 Pkinase              PF00069.31   263   1.4e-37  128.1   0.0   1   1   7.1e-38   2.3e-37  127.3   0.0     5   259   375   637   372   639 0.84 -
Q9Z138               -            944 Pkinase              PF00069.31   263   1.4e-37  128.0   0.0   1   1   6.7e-38   2.2e-37  127.4   0.0     3   258   475   743   473   746 0.87 -
Q12866               -            999 Pkinase              PF00069.31   263   1.6e-37  127.8   0.0   1   1   7.3e-38   2.4e-37  127.3   0.0     4   255   590   848   587   854 0.86 -
P24381               -            390 Pkinase              PF00069.31   263   1.7e-37  127.8   0.0   1   1   7.9e-38   2.6e-37  127.2   0.0     2   259   110   384   109   387 0.87 -
P0C8F4               -            299 Pkinase              PF00069.31   263   1.8e-37  127.7   1.3   1   1   1.1e-37   3.7e-37  126.7   1.3    25   263    61   277    48   277 0.85 -
Q9RRH3               -            668 Pkinase              PF00069.31   263     2e-37  127.6   0.0   1   1   7.7e-38   2.5e-37  127.2   0.0     1   262    13   271    13   272 0.89 -
P23049               -            370 Pkinase              PF00069.31   263   2.3e-37  127.4   0.0   1   1   8.9e-38   2.9e-37  127.0   0.0     2   257    61   315    60   319 0.88 -
P40494               -            810 Pkinase              PF00069.31   263   2.3e-37  127.3   0.0   1   1   1.6e-37   5.2e-37  126.2   0.0     7   259    28   293    23   295 0.84 -
P74745               -            535 Pkinase              PF00069.31   263   2.7e-37  127.1   0.0   1   1   1.1e-37   3.7e-37  126.7   0.0     1   259    12   270    12   274 0.87 -
Q6DHU8               -            339 Pkinase              PF00069.31   263   3.6e-37  126.7   0.0   1   1   1.5e-37   4.9e-37  126.3   0.0     4   259    39   320    37   322 0.84 -
Q19238               -            867 Pkinase              PF00069.31   263   4.1e-37  126.5   0.0   1   1   3.9e-36   1.3e-35  121.6   0.0    23   257   509   751   498   755 0.84 -
Q9FMY3               -            341 Pkinase              PF00069.31   263   5.6e-37  126.1   0.0   1   1   2.6e-37   8.5e-37  125.5   0.0     4   198    19   229    16   296 0.79 -
C0LGP4               -           1010 Pkinase              PF00069.31   263     7e-37  125.8   0.0   1   1   3.2e-37     1e-36  125.2   0.0     3   198   704   922   702   954 0.89 -
Q9STJ8               -            651 Pkinase              PF00069.31   263   8.6e-37  125.5   0.0   1   2   1.1e-25   3.5e-25   87.4   0.0     2   152   100   254    99   265 0.87 -
Q9STJ8               -            651 Pkinase              PF00069.31   263   8.6e-37  125.5   0.0   2   2   6.7e-10   2.2e-09   35.6   0.0   154   258   509   621   498   624 0.70 -
Q9USS2               -            872 Pkinase              PF00069.31   263   1.1e-36  125.1   0.0   1   1   5.6e-37   1.8e-36  124.4   0.0     3   258    27   296    25   299 0.86 -
Q7RTN6               -            431 Pkinase              PF00069.31   263   1.1e-36  125.1   0.0   1   1   4.7e-37   1.5e-36  124.7   0.0     1   263    69   379    69   379 0.84 -
P83098               -            346 Pkinase              PF00069.31   263   1.2e-36  125.0   1.1   1   1   4.6e-37   1.5e-36  124.7   1.1     1   263    10   298    10   298 0.86 -
C0LGR3               -           1091 Pkinase              PF00069.31   263   1.3e-36  124.9   0.0   1   1   5.5e-37   1.8e-36  124.4   0.0     4   198   763   968   760  1036 0.90 -
Q1L6Q1               -            969 Pkinase              PF00069.31   263   1.6e-36  124.6   0.0   1   1   1.8e-36     6e-36  122.7   0.0     4   254   635   887   633   894 0.85 -
Q9VM90               -            456 Pkinase              PF00069.31   263   2.1e-36  124.2   0.0   1   1   8.5e-37   2.8e-36  123.8   0.0     1   259   101   360   101   366 0.82 -
Q9SL76               -           1094 Pkinase              PF00069.31   263   2.1e-36  124.2   0.0   1   1   9.9e-37   3.2e-36  123.6   0.0    18   263   799  1038   792  1038 0.89 -
Q55DJ8               -           1444 Pkinase              PF00069.31   263   2.5e-36  123.9   0.0   1   1   2.1e-36   6.7e-36  122.5   0.0     3   263   983  1246   981  1246 0.85 -
Q55DK2               -            737 Pkinase              PF00069.31   263   2.7e-36  123.8   2.0   1   2   0.00055    0.0018   16.2   0.0     9    91    16    98     8   112 0.71 -
Q55DK2               -            737 Pkinase              PF00069.31   263   2.7e-36  123.8   2.0   2   2   1.7e-31   5.7e-31  106.4   0.5    70   259   296   478   239   480 0.84 -
Q12003               -            364 Pkinase              PF00069.31   263   2.8e-36  123.8   0.0   1   2     3e-09   9.9e-09   33.5   0.0     1   116    30   162    30   164 0.82 -
Q12003               -            364 Pkinase              PF00069.31   263   2.8e-36  123.8   0.0   2   2   7.4e-26   2.4e-25   87.9   0.0   120   259   212   357   206   359 0.88 -
P54742               -            807 Pkinase              PF00069.31   263   3.1e-36  123.7   0.0   1   1   1.3e-36   4.3e-36  123.2   0.0     1   248    16   252    16   257 0.91 -
P37172               -            509 Pkinase              PF00069.31   263   3.4e-36  123.5   0.0   1   1   1.6e-36   5.2e-36  122.9   0.0     4   259   211   493   208   495 0.78 -
Q559A2               -           1431 Pkinase              PF00069.31   263   4.1e-36  123.2   0.0   1   1   1.3e-36   4.1e-36  123.2   0.0     4   263   990  1261   987  1261 0.83 -
A0A509AH51           -           2724 Pkinase              PF00069.31   263   4.2e-36  123.2  40.4   1   3   9.6e-10   3.2e-09   35.1   0.1     7    68    37   102    32   111 0.89 -
A0A509AH51           -           2724 Pkinase              PF00069.31   263   4.2e-36  123.2  40.4   2   3   2.1e-19   6.8e-19   66.8   9.2    23   146  2127  2252  2118  2265 0.80 -
A0A509AH51           -           2724 Pkinase              PF00069.31   263   4.2e-36  123.2  40.4   3   3   3.1e-12     1e-11   43.3   1.0   144   259  2604  2709  2470  2712 0.73 -
B4MR28               -           1059 Pkinase              PF00069.31   263   4.5e-36  123.1   0.1   1   1   1.3e-35   4.4e-35  119.9   0.0    20   257   800  1047   796  1050 0.87 -
Q8K4B2               -            609 Pkinase              PF00069.31   263     5e-36  123.0   0.0   1   1   2.3e-36   7.5e-36  122.4   0.0     3   259   180   454   178   456 0.85 -
Q9M8T0               -            627 Pkinase              PF00069.31   263   5.9e-36  122.7   0.0   1   1   2.6e-36   8.6e-36  122.2   0.0     5   257   349   608   346   611 0.81 -
Q9LVM0               -            654 Pkinase              PF00069.31   263   8.1e-36  122.3   0.0   1   1   3.9e-36   1.3e-35  121.6   0.0     5   259   362   624   359   626 0.85 -
Q9C823               -            552 Pkinase              PF00069.31   263   8.3e-36  122.2   0.0   1   1   3.9e-36   1.3e-35  121.6   0.0    11   260   278   541   269   543 0.83 -
Q8K4T3               -            418 Pkinase              PF00069.31   263   9.2e-36  122.1   0.0   1   1   5.1e-36   1.7e-35  121.2   0.0     1   263    58   369    58   369 0.87 -
P34892               -            495 Pkinase              PF00069.31   263   1.1e-35  121.9   0.2   1   2   1.5e-06   4.8e-06   24.7   0.0     2    98   141   251   140   258 0.78 -
P34892               -            495 Pkinase              PF00069.31   263   1.1e-35  121.9   0.2   2   2   4.9e-28   1.6e-27   95.1   0.0    93   259   291   452   269   454 0.88 -
Q84MA9               -            652 Pkinase              PF00069.31   263   1.1e-35  121.8   0.0   1   1   5.1e-36   1.7e-35  121.2   0.0     4   259   353   613   351   615 0.87 -
Q4J9K4               -            623 Pkinase              PF00069.31   263   1.2e-35  121.8   0.0   1   1   5.4e-36   1.8e-35  121.2   0.0     1   258   317   618   317   621 0.85 -
P36003               -            928 Pkinase              PF00069.31   263   1.4e-35  121.5   0.1   1   3   1.8e-25   5.8e-25   86.7   0.1     4   153   452   615   449   624 0.88 -
P36003               -            928 Pkinase              PF00069.31   263   1.4e-35  121.5   0.1   2   3       9.3        31    2.4   0.0   153   174   735   756   721   766 0.72 -
P36003               -            928 Pkinase              PF00069.31   263   1.4e-35  121.5   0.1   3   3   1.3e-07   4.2e-07   28.1   0.0   173   256   822   910   817   917 0.73 -
O80963               -            776 Pkinase              PF00069.31   263   1.7e-35  121.2   0.0   1   2   3.4e-34   1.1e-33  115.3   0.0     2   154   520   675   519   680 0.91 -
O80963               -            776 Pkinase              PF00069.31   263   1.7e-35  121.2   0.0   2   2       1.5       4.8    5.0   0.0   173   258   675   763   672   765 0.65 -
Q9S7D9               -            775 Pkinase              PF00069.31   263   1.9e-35  121.1   0.0   1   2   7.4e-33   2.4e-32  110.9   0.0     2   151   521   673   520   676 0.94 -
Q9S7D9               -            775 Pkinase              PF00069.31   263   1.9e-35  121.1   0.0   2   2     0.091       0.3    9.0   0.0   172   258   673   762   671   765 0.70 -
Q54YZ5               -           1433 Pkinase              PF00069.31   263     2e-35  121.0   9.7   1   2   2.2e-17   7.4e-17   60.1   3.9    15   212    27   232    25   284 0.78 -
Q54YZ5               -           1433 Pkinase              PF00069.31   263     2e-35  121.0   9.7   2   2   2.8e-18   9.2e-18   63.1   0.3    56   198  1260  1412  1242  1431 0.84 -
C0LGK9               -            853 Pkinase              PF00069.31   263   2.2e-35  120.9   0.0   1   1   3.1e-35     1e-34  118.7   0.0     5   258   550   841   546   843 0.81 -
O13889               -            704 Pkinase              PF00069.31   263   2.2e-35  120.9   0.0   1   2   1.8e-12   5.9e-12   44.1   0.0     1    68   224   291   224   304 0.94 -
O13889               -            704 Pkinase              PF00069.31   263   2.2e-35  120.9   0.0   2   2   1.4e-21   4.6e-21   73.9   0.0    73   262   433   662   418   663 0.77 -
O64825               -            612 Pkinase              PF00069.31   263   2.7e-35  120.6   0.0   1   1   1.4e-35   4.7e-35  119.8   0.0    40   257   380   593   368   597 0.89 -
P47116               -            818 Pkinase              PF00069.31   263   3.1e-35  120.4   0.0   1   1   1.8e-35   6.1e-35  119.4   0.0     4   263   258   562   256   562 0.82 -
Q0V7T5               -            427 Pkinase              PF00069.31   263   4.8e-35  119.7   0.0   1   1   2.1e-35   6.9e-35  119.2   0.0     4   209   152   353   149   412 0.79 -
Q54V83               -            460 Pkinase              PF00069.31   263   5.8e-35  119.5   1.9   1   1   1.8e-35   5.8e-35  119.5   1.9    10   263   111   416   109   416 0.83 -
Q55DJ9               -           1505 Pkinase              PF00069.31   263   6.6e-35  119.3   0.1   1   1     2e-35   6.6e-35  119.3   0.1     6   263  1059  1324  1054  1324 0.84 -
O10269               -            274 Pkinase              PF00069.31   263   9.7e-35  118.8   0.0   1   1   3.5e-35   1.1e-34  118.5   0.0    10   263    25   267    18   267 0.83 -
Q9SJQ1               -            672 Pkinase              PF00069.31   263   1.4e-34  118.2   0.0   1   1   7.1e-35   2.3e-34  117.5   0.0     5   259   361   640   358   642 0.80 -
Q9SD62               -           1025 Pkinase              PF00069.31   263   1.4e-34  118.2   0.0   1   1   5.9e-35   1.9e-34  117.8   0.0     3   199   721   940   719  1011 0.85 -
P04413               -            481 Pkinase              PF00069.31   263   1.5e-34  118.2   0.0   1   1   5.8e-35   1.9e-34  117.8   0.0    43   262   225   477   191   478 0.82 -
Q5UQC1               -            633 Pkinase              PF00069.31   263   1.7e-34  117.9   4.4   1   1   9.8e-35   3.2e-34  117.0   4.4     1   256    10   305    10   311 0.78 -
Q557G1               -           1448 Pkinase              PF00069.31   263   1.8e-34  117.9   0.1   1   1   5.3e-35   1.8e-34  117.9   0.1     4   263  1030  1293  1027  1293 0.80 -
Q94C77               -            757 Pkinase              PF00069.31   263   2.4e-34  117.5   0.0   1   1   1.1e-34   3.5e-34  116.9   0.0     6   259   476   748   472   750 0.86 -
P08923               -            888 Pkinase              PF00069.31   263   2.4e-34  117.4   0.0   1   1   9.8e-35   3.2e-34  117.0   0.0     3   259   508   771   506   774 0.87 -
Q54R95               -           1128 Pkinase              PF00069.31   263   2.7e-34  117.3   0.1   1   1   3.5e-34   1.1e-33  115.2   0.1     5   259   781  1044   777  1046 0.86 -
Q8NE28               -            680 Pkinase              PF00069.31   263   2.7e-34  117.3   1.1   1   1   1.4e-34   4.7e-34  116.5   1.1     6   262    33   296    28   297 0.84 -
Q54V35               -            442 Pkinase              PF00069.31   263   2.9e-34  117.2   0.2   1   1   2.9e-34   9.7e-34  115.5   0.2    10   263    83   398    77   398 0.83 -
P21860               -           1342 Pkinase              PF00069.31   263   3.2e-34  117.1   0.0   1   1   1.6e-34   5.2e-34  116.4   0.0     3   259   711   963   709   965 0.90 -
C0LGE4               -            882 Pkinase              PF00069.31   263   3.3e-34  117.0   0.0   1   1   1.5e-34   4.8e-34  116.5   0.0     3   259   595   871   593   873 0.82 -
Q0JA29               -           1183 Pkinase              PF00069.31   263   3.3e-34  117.0   0.0   1   1   1.5e-34   4.8e-34  116.5   0.0     3   212   878  1113   876  1173 0.78 -
Q6ZMQ8               -           1374 Pkinase              PF00069.31   263   3.7e-34  116.8   0.0   1   1   1.9e-34   6.3e-34  116.1   0.0     4   257   128   391   126   394 0.86 -
Q9C9Y8               -            640 Pkinase              PF00069.31   263   4.1e-34  116.7   0.0   1   1     2e-34   6.4e-34  116.1   0.0     5   259   345   609   342   611 0.81 -
Q80YS9               -            662 Pkinase              PF00069.31   263   6.6e-34  116.0   1.5   1   1   3.8e-34   1.3e-33  115.1   1.5    11   262     6   265     3   266 0.83 -
Q9SF12               -            554 Pkinase              PF00069.31   263   6.6e-34  116.0   0.1   1   1   3.9e-33   1.3e-32  111.8   0.1    15   263   136   408   128   408 0.84 -
Q54VU5               -           1192 Pkinase              PF00069.31   263   7.4e-34  115.8   0.0   1   1   2.3e-34   7.4e-34  115.8   0.0     5   259   525   776   521   778 0.88 -
Q08097               -            467 Pkinase              PF00069.31   263   7.9e-34  115.8   0.0   1   1   5.7e-34   1.9e-33  114.5   0.0    43   263   199   462   164   462 0.84 -
G5EDA5               -            550 Pkinase              PF00069.31   263   8.6e-34  115.6   0.0   1   1   4.3e-34   1.4e-33  114.9   0.0     3   259   250   524   248   528 0.83 -
Q9FG24               -            735 Pkinase              PF00069.31   263     1e-33  115.4   0.0   1   1   4.5e-34   1.5e-33  114.9   0.0     2   259   416   689   415   691 0.83 -
Q9SH71               -            587 Pkinase              PF00069.31   263   1.3e-33  115.1   0.0   1   1     5e-34   1.7e-33  114.7   0.0     4   259   310   576   307   578 0.84 -
P36896               -            505 Pkinase              PF00069.31   263   1.4e-33  114.9   0.0   1   1   6.2e-34     2e-33  114.4   0.0     3   258   209   491   207   494 0.77 -
P36002               -            662 Pkinase              PF00069.31   263   1.6e-33  114.8   0.0   1   1   7.1e-34   2.3e-33  114.2   0.0     4   263   199   503   197   503 0.81 -
Q9ZU46               -            716 Pkinase              PF00069.31   263   1.6e-33  114.7   0.0   1   1   5.4e-33   1.8e-32  111.3   0.0     7   258   410   705   406   708 0.83 -
Q9SUQ3               -            638 Pkinase              PF00069.31   263   1.8e-33  114.6   0.0   1   1   8.6e-34   2.8e-33  114.0   0.0     5   258   341   602   338   604 0.84 -
F1QVU0               -           1530 Pkinase              PF00069.31   263   1.9e-33  114.5   0.0   1   1   8.9e-34   2.9e-33  113.9   0.0     3   259   937  1200   935  1202 0.86 -
F8W3R9               -           1705 Pkinase              PF00069.31   263     2e-33  114.4   0.0   1   1   9.2e-34     3e-33  113.9   0.0     4   259  1116  1378  1113  1380 0.87 -
C0LGS2               -           1136 Pkinase              PF00069.31   263   2.6e-33  114.1   0.0   1   1   1.2e-33   3.9e-33  113.5   0.0    43   256   880  1109   849  1113 0.78 -
Q54DF7               -            495 Pkinase              PF00069.31   263   2.8e-33  113.9   0.0   1   1   1.4e-33   4.7e-33  113.2   0.0     2   253    17   267    16   279 0.86 -
Q93Y06               -            669 Pkinase              PF00069.31   263   2.9e-33  113.9   0.0   1   1   1.4e-33   4.7e-33  113.2   0.0     5   259   397   651   394   653 0.84 -
Q9UU85               -            650 Pkinase              PF00069.31   263   3.4e-33  113.7   0.0   1   1   1.5e-33   4.9e-33  113.2   0.0     4   257    36   299    33   305 0.82 -
Q5TCY1               -           1321 Pkinase              PF00069.31   263     4e-33  113.5   0.0   1   1   1.7e-33   5.7e-33  113.0   0.0     2   240    35   272    34   305 0.81 -
Q8RWZ1               -            768 Pkinase              PF00069.31   263   4.1e-33  113.4   0.0   1   1   1.7e-33   5.6e-33  113.0   0.0     2   259   498   762   497   765 0.85 -
P57993               -            763 Pkinase              PF00069.31   263   4.4e-33  113.3   0.0   1   1   2.7e-33   8.9e-33  112.3   0.0     1   193   160   354   160   406 0.83 -
P0DV84               -           1631 Pkinase              PF00069.31   263   5.2e-33  113.1   0.0   1   1   2.3e-33   7.5e-33  112.6   0.0     4   259  1134  1396  1131  1399 0.85 -
P80203               -            504 Pkinase              PF00069.31   263   5.4e-33  113.0   0.0   1   1   3.3e-33   1.1e-32  112.0   0.0     4   259   206   488   203   491 0.80 -
P32742               -            820 Pkinase              PF00069.31   263   6.4e-33  112.8   0.4   1   1   7.8e-33   2.6e-32  110.8   0.0     4   208    24   262    22   292 0.87 -
Q00094               -            962 Pkinase              PF00069.31   263     1e-32  112.1   0.0   1   1   4.6e-33   1.5e-32  111.6   0.0     6   261   306   593   301   595 0.80 -
Q21038               -           1227 Pkinase              PF00069.31   263   1.2e-32  111.8   0.0   1   2   4.3e-07   1.4e-06   26.4   0.0     3    94   849   953   847   963 0.82 -
Q21038               -           1227 Pkinase              PF00069.31   263   1.2e-32  111.8   0.0   2   2   2.7e-24     9e-24   82.8   0.0    97   258  1004  1160   978  1162 0.84 -
P73469               -            495 Pkinase              PF00069.31   263   1.2e-32  111.8   0.0   1   1   6.1e-33     2e-32  111.2   0.0     4   257    49   310    46   313 0.88 -
Q55F27               -            317 Pkinase              PF00069.31   263   1.7e-32  111.4   5.3   1   1   9.8e-30   3.2e-29  100.6   5.3    44   263    16   199     5   199 0.87 -
Q09488               -            636 Pkinase              PF00069.31   263   1.7e-32  111.4   0.5   1   1   1.4e-32   4.6e-32  110.0   0.2     3   194   267   478   265   496 0.88 -
Q54IE8               -           1350 Pkinase              PF00069.31   263     2e-32  111.1   0.1   1   1   6.2e-33     2e-32  111.1   0.1     4   263   906  1166   903  1166 0.83 -
Q556Q3               -           1400 Pkinase              PF00069.31   263   2.5e-32  110.9   0.4   1   1   7.5e-33   2.5e-32  110.9   0.4     4   263   953  1235   950  1235 0.80 -
Q55CW2               -            875 Pkinase              PF00069.31   263   2.5e-32  110.8   2.3   1   1   7.6e-33   2.5e-32  110.8   2.3    17   191   197   403   188   452 0.89 -
O76411               -           1421 Pkinase              PF00069.31   263   2.7e-32  110.7   0.0   1   1   1.4e-32   4.8e-32  109.9   0.0     2   258   977  1238   976  1241 0.87 -
Q55G97               -           1033 Pkinase              PF00069.31   263   2.9e-32  110.6   0.1   1   1   1.8e-31   5.8e-31  106.4   0.0    47   263   124   425   111   425 0.87 -
Q96Q04               -           1460 Pkinase              PF00069.31   263   3.3e-32  110.5   0.0   1   1   1.3e-32   4.4e-32  110.0   0.0     4   257   136   404   133   409 0.83 -
P42159               -            605 Pkinase              PF00069.31   263   3.9e-32  110.2   0.6   1   1   7.6e-32   2.5e-31  107.6   0.0    26   211   389   588   383   597 0.87 -
Q8IMC6               -           1262 Pkinase              PF00069.31   263   4.1e-32  110.1   0.0   1   1   2.2e-32   7.1e-32  109.4   0.0     2   253   174   424   173   430 0.87 -
Q9LFL6               -            336 Pkinase              PF00069.31   263   5.5e-32  109.7   0.0   1   1   2.2e-32   7.1e-32  109.4   0.0    33   258    89   325    69   327 0.85 -
Q13470               -            666 Pkinase              PF00069.31   263   5.6e-32  109.7   0.0   1   1   2.5e-32   8.2e-32  109.1   0.0     4   257   119   373   116   376 0.85 -
Q1DB00               -            646 Pkinase              PF00069.31   263   6.1e-32  109.6   0.0   1   1   2.4e-32     8e-32  109.2   0.0     1   258    25   292    25   296 0.86 -
Q6UDG0               -            492 Pkinase              PF00069.31   263   9.2e-32  109.0   0.0   1   1   3.6e-32   1.2e-31  108.6   0.0     6   263   152   446   147   446 0.80 -
Q7FK82               -            669 Pkinase              PF00069.31   263     1e-31  108.8   0.0   1   1   9.6e-32   3.2e-31  107.2   0.0     2   202   352   539   351   603 0.78 -
Q9LYU7               -            401 Pkinase              PF00069.31   263   1.1e-31  108.7   0.0   1   1     5e-32   1.6e-31  108.2   0.0     5   258   122   392   119   396 0.72 -
Q5UQ24               -            542 Pkinase              PF00069.31   263   1.6e-31  108.2   0.5   1   2     7e-13   2.3e-12   45.4   0.2     3   132    71   210    69   224 0.77 -
Q5UQ24               -            542 Pkinase              PF00069.31   263   1.6e-31  108.2   0.5   2   2   1.3e-17   4.4e-17   60.9   0.0   138   263   377   538   365   538 0.90 -
G9LZD7               -           1157 Pkinase              PF00069.31   263   1.7e-31  108.2   0.0   1   1   6.8e-32   2.2e-31  107.7   0.0     3   212   851  1080   849  1129 0.83 -
Q54XI9               -           1936 Pkinase              PF00069.31   263   1.8e-31  108.1   0.0   1   1   6.5e-31   2.1e-30  104.5   0.0     2   261   962  1239   961  1241 0.85 -
Q8SQR2               -            318 Pkinase              PF00069.31   263   1.9e-31  108.0   0.0   1   1   6.6e-32   2.2e-31  107.8   0.0     1   216     8   228     8   282 0.82 -
Q21041               -           1216 Pkinase              PF00069.31   263     3e-31  107.3   0.0   1   1   1.4e-30   4.6e-30  103.4   0.0     2   259   871  1173   870  1175 0.84 -
Q6J9G1               -            429 Pkinase              PF00069.31   263   3.5e-31  107.1   0.0   1   1   1.4e-31   4.6e-31  106.7   0.0     2   259   120   385   119   387 0.84 -
O31435               -            256 Pkinase              PF00069.31   263     4e-31  106.9   0.0   1   1     2e-31   6.4e-31  106.2   0.0     1   155    25   179    25   186 0.95 -
Q6IQ55               -           1244 Pkinase              PF00069.31   263   4.8e-31  106.6   0.0   1   1   2.5e-31   8.2e-31  105.9   0.0     2   212    22   241    21   276 0.87 -
Q54US6               -            392 Pkinase              PF00069.31   263   5.5e-31  106.4   0.0   1   1   2.3e-31   7.5e-31  106.0   0.0    13   263    58   349    56   349 0.86 -
P42169               -            341 Pkinase              PF00069.31   263     9e-31  105.7   0.1   1   1   3.5e-31   1.1e-30  105.4   0.1     3   248    52   303    50   314 0.88 -
C0LGR9               -            676 Pkinase              PF00069.31   263   1.2e-30  105.3   0.0   1   1   6.4e-31   2.1e-30  104.5   0.0     5   259   370   635   367   637 0.84 -
Q55CW1               -            553 Pkinase              PF00069.31   263   1.2e-30  105.3   2.5   1   1     6e-31     2e-30  104.6   2.5    16   263   151   393   134   393 0.85 -
Q9D2Y4               -            472 Pkinase              PF00069.31   263   2.5e-30  104.3   0.0   1   1   1.4e-30   4.7e-30  103.4   0.0    23   254   212   446   200   450 0.89 -
Q9FL51               -            872 Pkinase              PF00069.31   263   3.2e-30  103.9   0.2   1   1   1.5e-30     5e-30  103.3   0.2    15   257   603   856   599   859 0.81 -
Q9M1L7               -            633 Pkinase              PF00069.31   263   3.5e-30  103.8   0.0   1   1   1.5e-30   5.1e-30  103.3   0.0     5   259   362   626   359   628 0.81 -
Q9ASS4               -            620 Pkinase              PF00069.31   263   3.6e-30  103.8   0.0   1   1   1.5e-30   4.9e-30  103.3   0.0     2   233   304   554   303   585 0.77 -
P0C5K0               -            361 Pkinase              PF00069.31   263   4.8e-30  103.3   0.0   1   1     2e-30   6.6e-30  102.9   0.0     1   252    43   295    43   307 0.85 -
Q40902               -            720 Pkinase              PF00069.31   263     5e-30  103.3   0.0   1   1   2.3e-30   7.6e-30  102.7   0.0     5   260   438   698   435   700 0.84 -
C0LGU0               -            662 Pkinase              PF00069.31   263   5.1e-30  103.3   0.0   1   1   2.3e-30   7.5e-30  102.7   0.0     5   259   361   623   358   625 0.83 -
P47042               -            667 Pkinase              PF00069.31   263   1.1e-29  102.1   0.0   1   1   3.5e-29   1.1e-28   98.9   0.0     2   257   174   522   173   526 0.84 -
Q9ZW09               -            627 Pkinase              PF00069.31   263   1.4e-29  101.8   0.0   1   1   7.1e-30   2.3e-29  101.1   0.0     3   257   355   607   353   610 0.80 -
O15197               -           1021 Pkinase              PF00069.31   263   1.7e-29  101.6   0.0   1   1   7.2e-30   2.4e-29  101.1   0.0     3   258   672   912   670   915 0.90 -
Q8RWX4               -            611 Pkinase              PF00069.31   263   2.1e-29  101.2   0.0   1   1   9.1e-30     3e-29  100.8   0.0     4   258    42   300    39   302 0.86 -
Q554L2               -            831 Pkinase              PF00069.31   263   2.4e-29  101.1   0.3   1   1   7.2e-30   2.4e-29  101.1   0.3    43   263   462   787   420   787 0.81 -
Q55BM1               -           1360 Pkinase              PF00069.31   263   2.5e-29  101.0   0.2   1   1   7.6e-30   2.5e-29  101.0   0.2    57   263   694   954   687   954 0.83 -
O86560               -           1557 Pkinase              PF00069.31   263   2.7e-29  100.9   0.0   1   2   4.1e-12   1.3e-11   42.9   0.0    41   253   240   478   228   488 0.82 -
O86560               -           1557 Pkinase              PF00069.31   263   2.7e-29  100.9   0.0   2   2   5.7e-16   1.9e-15   55.5   0.0     2   251   531   800   530   811 0.76 -
C6KTB8               -           3072 Pkinase              PF00069.31   263   2.7e-29  100.9   0.2   1   2   1.2e-07   3.9e-07   28.3   0.0     2   101  2147  2249  2146  2257 0.77 -
C6KTB8               -           3072 Pkinase              PF00069.31   263   2.7e-29  100.9   0.2   2   2   6.8e-20   2.2e-19   68.4   0.1    73   257  2772  2986  2739  2990 0.79 -
Q96S38               -           1066 Pkinase              PF00069.31   263   4.1e-29  100.3   0.0   1   2     0.026     0.085   10.8   0.0    12    91   346   424   343   442 0.77 -
Q96S38               -           1066 Pkinase              PF00069.31   263   4.1e-29  100.3   0.0   2   2   1.2e-25     4e-25   87.2   0.0    89   263   895  1056   874  1056 0.87 -
P43568               -            368 Pkinase              PF00069.31   263   5.5e-29   99.9   0.1   1   1   2.4e-28   7.8e-28   96.1   0.1    23   259    24   363    15   365 0.82 -
P36615               -            306 Pkinase              PF00069.31   263     7e-29   99.5   0.0   1   1   2.4e-29   7.8e-29   99.4   0.0     4   232    14   245    11   290 0.85 -
Q555U5               -            854 Pkinase              PF00069.31   263   8.9e-29   99.2  11.7   1   2   1.3e-11   4.2e-11   41.3   3.0    70   140    33   103    14   125 0.87 -
Q555U5               -            854 Pkinase              PF00069.31   263   8.9e-29   99.2  11.7   2   2   2.7e-18     9e-18   63.1   0.0   154   263   159   266   132   266 0.82 -
Q9FK10               -            601 Pkinase              PF00069.31   263   9.2e-29   99.2   0.0   1   1   4.3e-29   1.4e-28   98.5   0.0     5   258   312   563   309   566 0.84 -
Q8RXY0               -            376 Pkinase              PF00069.31   263   1.2e-28   98.8   0.0   1   1   1.3e-28   4.1e-28   97.0   0.0    98   263    98   370    26   370 0.75 -
Q6FRH8               -           1410 Pkinase              PF00069.31   263   2.3e-28   97.9   0.0   1   1   1.8e-28     6e-28   96.5   0.0    18   259    42   292    38   294 0.83 -
O22938               -            890 Pkinase              PF00069.31   263   2.3e-28   97.8   0.0   1   1   3.8e-28   1.2e-27   95.4   0.0     3   204   610   819   608   883 0.78 -
Q54EG9               -            965 Pkinase              PF00069.31   263   2.4e-28   97.8   0.3   1   1   2.8e-28   9.3e-28   95.9   0.0     4   259   462   729   459   731 0.86 -
Q27324               -            610 Pkinase              PF00069.31   263   2.9e-28   97.5   0.0   1   1   1.5e-28     5e-28   96.8   0.0     9   257   351   595   346   598 0.85 -
Q3E991               -            659 Pkinase              PF00069.31   263   3.9e-28   97.1   0.0   1   1   1.7e-28   5.7e-28   96.6   0.0     5   259   388   652   385   654 0.81 -
Q9Y6S9               -            549 Pkinase              PF00069.31   263   4.1e-28   97.0   0.0   1   2      0.29      0.96    7.3   0.0    47    91   187   231   157   253 0.73 -
Q9Y6S9               -            549 Pkinase              PF00069.31   263   4.1e-28   97.0   0.0   2   2   9.4e-26   3.1e-25   87.6   0.0    94   263   383   539   376   539 0.89 -
Q54G28               -            352 Pkinase              PF00069.31   263   4.8e-28   96.8   0.0   1   1   2.1e-28   6.9e-28   96.3   0.0     5   258    55   323    51   325 0.86 -
C0LGS3               -            768 Pkinase              PF00069.31   263   5.7e-28   96.6   0.0   1   1   2.5e-27   8.2e-27   92.8   0.0     7   258   455   746   451   749 0.87 -
Q197B6               -            335 Pkinase              PF00069.31   263   6.2e-28   96.4   0.1   1   2       6.7        22    2.9   0.0     9    34    41    66    40    73 0.91 -
Q197B6               -            335 Pkinase              PF00069.31   263   6.2e-28   96.4   0.1   2   2   6.9e-27   2.3e-26   91.3   0.0    40   253    95   315    87   328 0.86 -
Q9LPT1               -            686 Pkinase              PF00069.31   263   6.9e-28   96.3   0.1   1   1   2.9e-28   9.7e-28   95.8   0.1     5   260   379   644   376   647 0.83 -
Q54R98               -            663 Pkinase              PF00069.31   263   7.5e-28   96.2   0.0   1   1   2.3e-28   7.5e-28   96.2   0.0     3   259   314   581   312   584 0.81 -
P34925               -            607 Pkinase              PF00069.31   263   8.6e-28   96.0   0.0   1   1   4.2e-28   1.4e-27   95.3   0.0     6   259   335   594   330   596 0.83 -
O76324               -            440 Pkinase              PF00069.31   263   1.3e-27   95.4   0.0   1   1   4.9e-28   1.6e-27   95.1   0.0     1   252     9   264     9   272 0.81 -
Q93Z18               -            415 Pkinase              PF00069.31   263   1.6e-27   95.1   0.0   1   1   6.5e-28   2.1e-27   94.7   0.0     1   219     9   228     9   272 0.84 -
Q9FL63               -            614 Pkinase              PF00069.31   263   1.7e-27   95.0   0.0   1   1   7.2e-28   2.4e-27   94.5   0.0     4   259   344   606   341   608 0.83 -
P55205               -           1100 Pkinase              PF00069.31   263   1.7e-27   95.0   0.0   1   1   8.7e-28   2.9e-27   94.3   0.0    24   259   579   824   574   826 0.82 -
Q3EBR4               -            453 Pkinase              PF00069.31   263   2.7e-27   94.3   0.0   1   2   1.1e-23   3.5e-23   80.9   0.0     5   144   170   314   166   322 0.91 -
Q3EBR4               -            453 Pkinase              PF00069.31   263   2.7e-27   94.3   0.0   2   2     0.015     0.048   11.6   0.0   170   254   326   415   320   423 0.60 -
Q556Y4               -            426 Pkinase              PF00069.31   263   2.9e-27   94.3   0.5   1   1   7.5e-27   2.5e-26   91.2   0.0     1   220     9   232     9   262 0.83 -
O43187               -            625 Pkinase              PF00069.31   263   3.6e-27   93.9   0.0   1   1   1.6e-27   5.3e-27   93.4   0.0     2   201   211   419   210   462 0.86 -
Q9V422               -            584 Pkinase              PF00069.31   263   4.2e-27   93.7   0.0   1   1   4.9e-27   1.6e-26   91.8   0.0     6   258   322   570   317   573 0.83 -
Q0GXS4               -            595 Pkinase              PF00069.31   263   4.4e-27   93.6   0.4   1   2   1.7e-21   5.6e-21   73.6   0.2    17   151   328   463   322   465 0.81 -
Q0GXS4               -            595 Pkinase              PF00069.31   263   4.4e-27   93.6   0.4   2   2   8.5e-05   0.00028   18.9   0.0   172   258   462   558   459   560 0.79 -
Q9C9N5               -            685 Pkinase              PF00069.31   263   5.6e-27   93.3   0.0   1   1   2.6e-27   8.5e-27   92.7   0.0     7   259   403   676   399   678 0.82 -
Q96RU7               -            358 Pkinase              PF00069.31   263   6.5e-27   93.1   0.0   1   1   2.6e-27   8.6e-27   92.7   0.0    15   263    82   315    78   315 0.82 -
Q8SS96               -            304 Pkinase              PF00069.31   263   7.2e-27   93.0   0.1   1   1   2.5e-27   8.2e-27   92.8   0.1     3   212    10   226     8   272 0.86 -
Q54S77               -           1966 Pkinase              PF00069.31   263   8.5e-27   92.7   0.6   1   1   6.7e-27   2.2e-26   91.4   0.0     3   258    23   285    21   288 0.86 -
F4I7Y4               -            507 Pkinase              PF00069.31   263   1.1e-26   92.3   0.0   1   1   6.3e-27   2.1e-26   91.5   0.0    20   258    96   326    88   329 0.87 -
P40236               -            400 Pkinase              PF00069.31   263   1.3e-26   92.1   0.0   1   1   4.9e-27   1.6e-26   91.8   0.0     1   210    12   226    12   258 0.84 -
Q9LS26               -            489 Pkinase              PF00069.31   263   1.4e-26   92.0   0.0   1   1   7.3e-27   2.4e-26   91.2   0.0    14   257    69   303    63   307 0.90 -
Q9CAI5               -            465 Pkinase              PF00069.31   263   1.7e-26   91.8   0.0   1   1   6.6e-27   2.2e-26   91.4   0.0     2   210    10   224     9   255 0.83 -
Q0WR59               -           1048 Pkinase              PF00069.31   263     2e-26   91.5   0.0   1   1   8.9e-27   2.9e-26   91.0   0.0     5   260   772  1042   769  1044 0.83 -
Q8IWU2               -           1503 Pkinase              PF00069.31   263   3.1e-26   90.9   0.0   1   1   1.4e-26   4.7e-26   90.3   0.0     3   257   139   403   137   407 0.79 -
Q9P7X5               -            749 Pkinase              PF00069.31   263   3.5e-26   90.7   0.0   1   1   1.7e-26   5.6e-26   90.0   0.0    42   263    70   317    33   317 0.79 -
P83097               -            791 Pkinase              PF00069.31   263   6.1e-26   89.9   0.0   1   1   2.8e-26   9.2e-26   89.3   0.0     3   257   495   750   493   753 0.84 -
Q6NRT0               -            460 Pkinase              PF00069.31   263   7.6e-26   89.6   0.0   1   1   3.1e-26     1e-25   89.2   0.0     2   208    45   261    44   299 0.86 -
P35507               -            336 Pkinase              PF00069.31   263   9.6e-26   89.3   0.0   1   1   3.8e-26   1.3e-25   88.9   0.0     1   216    17   239    17   275 0.83 -
Q336V9               -            522 Pkinase              PF00069.31   263     1e-25   89.2   0.0   1   1   4.7e-26   1.5e-25   88.6   0.0    24   258   105   331    93   334 0.89 -
Q20471               -            497 Pkinase              PF00069.31   263   1.1e-25   89.1   0.0   1   1   4.6e-26   1.5e-25   88.6   0.0     2   204   192   401   191   436 0.85 -
Q8I265               -           1595 Pkinase              PF00069.31   263   1.2e-25   89.0   5.3   1   3       2.2       7.3    4.4   0.3    19    67    68   120    64   135 0.80 -
Q8I265               -           1595 Pkinase              PF00069.31   263   1.2e-25   89.0   5.3   2   3   1.1e-18   3.5e-18   64.5   3.2    70   146  1323  1398  1231  1417 0.91 -
Q8I265               -           1595 Pkinase              PF00069.31   263   1.2e-25   89.0   5.3   3   3   1.6e-09   5.3e-09   34.4   0.0   154   260  1495  1588  1481  1590 0.76 -
P40233               -            446 Pkinase              PF00069.31   263   1.2e-25   88.9   0.0   1   1   5.4e-26   1.8e-25   88.4   0.0     1   208    12   228    12   266 0.87 -
O74135               -            439 Pkinase              PF00069.31   263   1.4e-25   88.7   0.0   1   1   6.5e-26   2.1e-25   88.1   0.0     1   240    15   257    15   265 0.83 -
A0A509AMC3           -           2591 Pkinase              PF00069.31   263   1.5e-25   88.6  11.9   1   2   5.1e-07   1.7e-06   26.2   0.0     2    88  1875  1963  1874  1978 0.75 -
A0A509AMC3           -           2591 Pkinase              PF00069.31   263   1.5e-25   88.6  11.9   2   2   5.3e-20   1.8e-19   68.7   0.2    70   258  2303  2521  2254  2524 0.72 -
P54367               -            337 Pkinase              PF00069.31   263   1.7e-25   88.5   0.0   1   1   6.6e-26   2.2e-25   88.1   0.0     1   220    20   240    20   270 0.85 -
P22219               -           1454 Pkinase              PF00069.31   263   2.5e-25   87.9   1.0   1   1   1.6e-25   5.3e-25   86.8   0.0    19   259    43   293    37   295 0.79 -
C0LGQ9               -           1053 Pkinase              PF00069.31   263     3e-25   87.7   0.0   1   1   1.4e-25   4.5e-25   87.1   0.0     5   195   774   974   771   998 0.90 -
P33543               -            674 Pkinase              PF00069.31   263   3.1e-25   87.6   0.0   1   1   1.4e-25   4.6e-25   87.0   0.0    11   260   383   648   376   650 0.83 -
B0Y8Y4               -            393 Pkinase              PF00069.31   263     4e-25   87.2   0.0   1   2   3.4e-10   1.1e-09   36.6   0.0     1   123    61   190    61   190 0.78 -
B0Y8Y4               -            393 Pkinase              PF00069.31   263     4e-25   87.2   0.0   2   2   7.3e-14   2.4e-13   48.6   0.0   139   263   236   390   232   390 0.82 -
Q2PAY2               -            554 Pkinase              PF00069.31   263   4.7e-25   87.0   0.0   1   2   2.3e-05   7.5e-05   20.8   0.0     5    56   256   308   252   317 0.86 -
Q2PAY2               -            554 Pkinase              PF00069.31   263   4.7e-25   87.0   0.0   2   2   1.6e-18   5.4e-18   63.9   0.0   108   260   394   528   351   531 0.85 -
P34516               -            346 Pkinase              PF00069.31   263   5.1e-25   86.9   0.2   1   1   1.8e-25     6e-25   86.6   0.2     1   204    20   236    20   290 0.84 -
Q9LSX4               -            480 Pkinase              PF00069.31   263   6.3e-25   86.6   0.0   1   1   2.7e-25   8.7e-25   86.1   0.0     1   214     9   229     9   255 0.85 -
Q84V18               -            754 Pkinase              PF00069.31   263   6.4e-25   86.6   0.0   1   2   1.8e-17   5.8e-17   60.5   0.0     3   167   141   349   139   360 0.86 -
Q84V18               -            754 Pkinase              PF00069.31   263   6.4e-25   86.6   0.0   2   2   7.3e-06   2.4e-05   22.4   0.0   177   263   381   482   367   482 0.77 -
Q99J45               -            535 Pkinase              PF00069.31   263   6.5e-25   86.5   2.1   1   1     5e-25   1.6e-24   85.2   2.1    16   261    83   325    79   327 0.82 -
Q8CFE4               -            930 Pkinase              PF00069.31   263     8e-25   86.2   0.0   1   1     4e-25   1.3e-24   85.5   0.0     8   263    42   327    32   327 0.82 -
P23292               -            546 Pkinase              PF00069.31   263   8.3e-25   86.2   0.0   1   1   2.5e-25   8.3e-25   86.2   0.0     1   208    76   292    76   317 0.87 -
Q3TYD6               -           1471 Pkinase              PF00069.31   263     9e-25   86.1   0.0   1   1   4.1e-25   1.3e-24   85.5   0.0     3   255   138   400   136   408 0.77 -
Q9S713               -            562 Pkinase              PF00069.31   263   9.8e-25   86.0   0.2   1   1   8.5e-23   2.8e-22   77.9   0.2     2   263   135   452   134   452 0.74 -
Q3E8J4               -            359 Pkinase              PF00069.31   263   1.6e-24   85.3   0.3   1   1   3.9e-24   1.3e-23   82.3   0.3     4   259    62   348    59   350 0.79 -
F4I313               -            913 Pkinase              PF00069.31   263   1.7e-24   85.1   0.0   1   1   1.5e-24   4.8e-24   83.7   0.0    52   263   111   343    92   343 0.82 -
D6WMX4               -            570 Pkinase              PF00069.31   263     2e-24   85.0   0.0   1   1   6.4e-24   2.1e-23   81.6   0.0    26   255   192   474   162   481 0.75 -
Q9M0E5               -           1494 Pkinase              PF00069.31   263   2.2e-24   84.8   0.0   1   1   1.1e-24   3.6e-24   84.1   0.0     3   260    29   293    27   295 0.85 -
Q9LSI9               -            605 Pkinase              PF00069.31   263   2.4e-24   84.7   0.0   1   1     1e-24   3.4e-24   84.2   0.0    11   259   317   573   307   575 0.90 -
Q54PK8               -           1212 Pkinase              PF00069.31   263   2.5e-24   84.6   0.6   1   1     2e-24   6.5e-24   83.3   0.6    34   254   947  1171   927  1185 0.76 -
P29295               -            494 Pkinase              PF00069.31   263   2.8e-24   84.5   0.0   1   1   1.5e-24   4.8e-24   83.7   0.0     2   217    10   233     9   262 0.84 -
Q8L617               -            313 Pkinase              PF00069.31   263   4.2e-24   83.9   0.0   1   1   1.7e-24   5.6e-24   83.5   0.0    21   259    62   305    55   307 0.85 -
Q9LZV4               -            495 Pkinase              PF00069.31   263   4.3e-24   83.8   0.0   1   3      0.48       1.6    6.6   0.0     3    22   135   154   133   186 0.82 -
Q9LZV4               -            495 Pkinase              PF00069.31   263   4.3e-24   83.8   0.0   2   3   2.1e-18   6.8e-18   63.5   0.0    99   168   284   355   249   368 0.89 -
Q9LZV4               -            495 Pkinase              PF00069.31   263   4.3e-24   83.8   0.0   3   3     0.039      0.13   10.2   0.0   178   263   387   477   376   477 0.71 -
Q2PAY3               -            608 Pkinase              PF00069.31   263   4.9e-24   83.7   0.0   1   2    0.0075     0.025   12.5   0.0     4    42   286   324   283   352 0.81 -
Q2PAY3               -            608 Pkinase              PF00069.31   263   4.9e-24   83.7   0.0   2   2   5.1e-20   1.7e-19   68.8   0.0   104   260   417   575   392   577 0.84 -
P53009               -            804 Pkinase              PF00069.31   263   5.8e-24   83.4   1.5   1   1   3.2e-24     1e-23   82.6   0.2    43   262    82   323    64   324 0.84 -
O42900               -           1706 Pkinase              PF00069.31   263   7.7e-24   83.0   0.0   1   1   3.8e-24   1.2e-23   82.3   0.0     1   259    24   286    24   288 0.83 -
E0W1I1               -            575 Pkinase              PF00069.31   263     9e-24   82.8   0.0   1   1     1e-23   3.4e-23   80.9   0.0    56   255   241   473   162   481 0.86 -
O04567               -            601 Pkinase              PF00069.31   263     2e-23   81.7   0.0   1   1     9e-24     3e-23   81.1   0.0    21   259   320   574   311   576 0.84 -
O55222               -            452 Pkinase              PF00069.31   263   2.3e-23   81.5   0.0   1   1   1.2e-23   3.9e-23   80.7   0.0    21   257   211   442   196   445 0.84 -
Q550K8               -           2454 Pkinase              PF00069.31   263   2.5e-23   81.4   0.0   1   1   7.5e-24   2.5e-23   81.4   0.0     2   259  1731  2025  1730  2032 0.80 -
B9FDE0               -            494 Pkinase              PF00069.31   263   5.2e-23   80.3   0.0   1   1   2.6e-23   8.5e-23   79.6   0.0    14   259    74   310    64   312 0.87 -
Q8T126               -           1304 Pkinase              PF00069.31   263   7.1e-23   79.9   9.2   1   2   1.8e-14     6e-14   50.6   6.7    25   153    63   208    52   218 0.79 -
Q8T126               -           1304 Pkinase              PF00069.31   263   7.1e-23   79.9   9.2   2   2   2.2e-07   7.2e-07   27.4   0.0   163   263   320   402   303   402 0.86 -
Q0KHV6               -            721 Pkinase              PF00069.31   263   8.3e-23   79.6   0.0   1   1   6.4e-23   2.1e-22   78.3   0.0    53   255   384   628   354   636 0.80 -
Q21776               -            987 Pkinase              PF00069.31   263   8.4e-23   79.6   0.1   1   1   5.1e-23   1.7e-22   78.6   0.1     2   195   691   903   690   939 0.84 -
P0DH62               -            567 Pkinase              PF00069.31   263   8.8e-23   79.5   0.0   1   2   6.4e-11   2.1e-10   39.0   0.0     5    90   259   341   255   348 0.90 -
P0DH62               -            567 Pkinase              PF00069.31   263   8.8e-23   79.5   0.0   2   2   8.5e-11   2.8e-10   38.6   0.0   139   204   348   415   343   539 0.80 -
G5EGT9               -            583 Pkinase              PF00069.31   263   3.3e-22   77.7   0.0   1   1   1.7e-22   5.5e-22   77.0   0.0    91   259   406   570   379   572 0.86 -
Q9TZC4               -            466 Pkinase              PF00069.31   263   4.1e-22   77.3   0.0   1   1     5e-22   1.6e-21   75.4   0.0    19   258   228   458   211   460 0.83 -
Q55DV2               -           1452 Pkinase              PF00069.31   263     5e-22   77.1   6.7   1   1   5.7e-22   1.9e-21   75.2   6.7    23   246  1214  1421  1195  1447 0.77 -
P9WI69               -            585 Pkinase              PF00069.31   263   7.9e-22   76.4   0.0   1   1   1.6e-21   5.4e-21   73.7   0.0     1   200    12   205    12   216 0.91 -
Q9BXM7               -            581 Pkinase              PF00069.31   263   1.3e-21   75.7   0.0   1   1   1.2e-21   4.1e-21   74.1   0.0    55   257   268   503   264   509 0.83 -
Q8VZF4               -            355 Pkinase              PF00069.31   263   1.7e-21   75.4   0.0   1   1   7.5e-22   2.5e-21   74.8   0.0    24   258    88   342    81   346 0.81 -
A0A7J6K7Y0           -            640 Pkinase              PF00069.31   263   1.7e-21   75.3   0.0   1   1   3.8e-19   1.3e-18   65.9   0.0    32   263   394   593   383   593 0.84 -
O82318               -            960 Pkinase              PF00069.31   263   1.8e-21   75.2   0.2   1   1   2.5e-21   8.2e-21   73.1   0.2    22   259   709   937   703   940 0.80 -
Q54U65               -            704 Pkinase              PF00069.31   263   3.5e-21   74.3   1.8   1   2   5.5e-05   0.00018   19.5   0.0     4    90   320   413   317   439 0.73 -
Q54U65               -            704 Pkinase              PF00069.31   263   3.5e-21   74.3   1.8   2   2   4.9e-15   1.6e-14   52.5   0.5    96   254   479   673   466   681 0.76 -
O64798               -            389 Pkinase              PF00069.31   263   3.9e-21   74.1   0.1   1   1   1.7e-21   5.6e-21   73.6   0.1    16   212    70   266    68   328 0.84 -
Q06098               -            443 Pkinase              PF00069.31   263     4e-21   74.1   0.0   1   1   2.9e-21   9.4e-21   72.9   0.0     4   199   138   367   135   402 0.74 -
Q5AHA0               -           2471 Pkinase              PF00069.31   263   6.9e-21   73.3   0.0   1   1   4.4e-21   1.5e-20   72.3   0.0   104   260   473   633   437   636 0.83 -
O08901               -           1058 Pkinase              PF00069.31   263   7.6e-21   73.2   0.0   1   1   4.5e-21   1.5e-20   72.2   0.0     4   196   764   977   761  1035 0.89 -
Q8LFN2               -            802 Pkinase              PF00069.31   263   9.6e-21   72.9   0.0   1   1   4.9e-21   1.6e-20   72.1   0.0     2   258   478   745   477   750 0.82 -
Q9SGI7               -            654 Pkinase              PF00069.31   263   1.2e-20   72.6   0.2   1   1   1.2e-20     4e-20   70.8   0.2    15   258   355   612   352   615 0.74 -
Q10447               -            665 Pkinase              PF00069.31   263   1.9e-20   71.9   0.0   1   1     9e-21     3e-20   71.3   0.0    16   259   403   632   389   636 0.83 -
A0A178VE74           -            362 Pkinase              PF00069.31   263   2.4e-20   71.6   0.0   1   1   1.2e-20   4.1e-20   70.8   0.0    23   194    82   261    73   306 0.90 -
Q9FK63               -            666 Pkinase              PF00069.31   263   2.7e-20   71.4   0.0   1   1   4.2e-18   1.4e-17   62.5   0.0     5   258   399   655   395   657 0.84 -
Q9LYN6               -            499 Pkinase              PF00069.31   263   3.3e-20   71.1   0.0   1   1   2.1e-20   6.8e-20   70.1   0.0     5   257   212   466   209   469 0.82 -
Q91FD5               -            411 Pkinase              PF00069.31   263   3.6e-20   71.0   0.9   1   1   2.4e-20   7.8e-20   69.9   0.9     5   212   130   355   126   398 0.74 -
Q9J523               -            303 Pkinase              PF00069.31   263   4.3e-20   70.7   2.8   1   1   1.2e-19     4e-19   67.6   2.8     4   212    28   258    25   285 0.77 -
Q9J509               -            292 Pkinase              PF00069.31   263   5.4e-20   70.4   1.1   1   1   2.2e-20   7.3e-20   70.0   1.1     2   228    15   259    14   290 0.71 -
A0A509AIU5           -           1313 Pkinase              PF00069.31   263   8.5e-20   69.8  18.7   1   3       3.2        11    3.9   0.5    19    91   773   843   766   862 0.72 -
A0A509AIU5           -           1313 Pkinase              PF00069.31   263   8.5e-20   69.8  18.7   2   3   1.5e-09   4.9e-09   34.5   2.1    67   144  1043  1125   996  1133 0.81 -
A0A509AIU5           -           1313 Pkinase              PF00069.31   263   8.5e-20   69.8  18.7   3   3   1.8e-11   5.9e-11   40.8   0.0   155   258  1196  1289  1185  1292 0.80 -
Q758T2               -            342 Pkinase              PF00069.31   263   1.5e-19   69.0   0.0   1   1   6.3e-20   2.1e-19   68.5   0.0    74   208   143   272    59   311 0.83 -
Q9LVN2               -            785 Pkinase              PF00069.31   263   1.6e-19   68.9   0.0   1   1   8.4e-20   2.8e-19   68.1   0.0     8   258   528   775   521   777 0.82 -
Q7M6U3               -           1450 Pkinase              PF00069.31   263   4.1e-19   67.5   0.0   1   1   2.6e-19   8.5e-19   66.5   0.0    23   207   260   460   251   507 0.82 -
Q09298               -            641 Pkinase              PF00069.31   263   4.3e-19   67.5   0.0   1   1   6.5e-19   2.1e-18   65.2   0.0    69   254   280   471   242   483 0.77 -
Q86Y07               -            508 Pkinase              PF00069.31   263   6.3e-19   66.9   0.3   1   1   6.1e-19     2e-18   65.3   0.0     3   212    31   264    29   310 0.84 -
Q55FV5               -            536 Pkinase              PF00069.31   263   6.5e-19   66.9  13.2   1   1   2.5e-18   8.3e-18   63.3  13.2    10   194    23   257    18   293 0.74 -
Q9UVG6               -           1340 Pkinase              PF00069.31   263   1.4e-18   65.8   0.0   1   1   7.2e-19   2.4e-18   65.0   0.0     6   260    32   289    27   291 0.81 -
P0C0R5               -           1358 Pkinase              PF00069.31   263   3.3e-18   64.6   0.0   1   1   2.4e-17   7.8e-17   60.1   0.0     2   260    27   310    26   312 0.82 -
P39962               -            524 Pkinase              PF00069.31   263   5.5e-18   63.8   0.0   1   1   1.3e-17   4.3e-17   60.9   0.0     2   207    15   262    14   320 0.78 -
Q9LFL7               -            331 Pkinase              PF00069.31   263   8.9e-18   63.1   0.0   1   1   4.2e-18   1.4e-17   62.5   0.0    45   259    99   321    77   323 0.79 -
Q9BXU1               -           1019 Pkinase              PF00069.31   263   9.2e-18   63.1   0.0   1   1   9.5e-18   3.1e-17   61.4   0.0    68   212   800   940   794   974 0.86 -
A0A7J6K7I9           -            553 Pkinase              PF00069.31   263   1.1e-17   62.9   0.0   1   2   6.3e-15   2.1e-14   52.1   0.0    57   190   214   351   181   358 0.79 -
A0A7J6K7I9           -            553 Pkinase              PF00069.31   263   1.1e-17   62.9   0.0   2   2      0.11      0.35    8.7   0.0   235   263   367   395   360   395 0.93 -
Q54Q69               -           3432 Pkinase              PF00069.31   263   1.8e-17   62.1   0.1   1   2   9.9e-07   3.3e-06   25.2   0.2    98   152   560   614   545   628 0.84 -
Q54Q69               -           3432 Pkinase              PF00069.31   263   1.8e-17   62.1   0.1   2   2   3.3e-09   1.1e-08   33.4   0.0   158   254   691   781   679   789 0.84 -
Q852L0               -            707 Pkinase              PF00069.31   263   3.2e-17   61.3   0.0   1   1   1.4e-17   4.7e-17   60.8   0.0     2   212   148   379   147   420 0.85 -
F4J3H7               -            269 Pkinase              PF00069.31   263     7e-17   60.2   0.0   1   1   2.9e-17   9.6e-17   59.8   0.0    27   168   103   252    94   261 0.83 -
O43683               -           1085 Pkinase              PF00069.31   263   7.2e-17   60.2   0.0   1   1   4.4e-17   1.4e-16   59.2   0.0     4   196   790  1004   787  1039 0.85 -
Q8IWB6               -           1497 Pkinase              PF00069.31   263   7.4e-17   60.1   0.0   1   1   4.8e-17   1.6e-16   59.0   0.0    23   249   266   497   256   511 0.79 -
A0A7H0DNE9           -            303 Pkinase              PF00069.31   263     1e-16   59.6   0.0   1   1     4e-17   1.3e-16   59.3   0.0     3   208    18   242    16   279 0.79 -
O80795               -            372 Pkinase              PF00069.31   263   2.1e-16   58.7   0.0   1   1   8.9e-17   2.9e-16   58.2   0.0    43   259    93   315    78   318 0.77 -
Q09503               -            290 Pkinase              PF00069.31   263   2.4e-16   58.4   0.0   1   1   8.8e-17   2.9e-16   58.2   0.0    49   253     3   223     1   233 0.78 -
Q6XHA6               -           2646 Pkinase              PF00069.31   263   3.7e-16   57.8   0.0   1   1   3.5e-16   1.1e-15   56.2   0.0    43   262  2114  2341  2085  2342 0.82 -
Q9UYB9               -            220 Pkinase              PF00069.31   263   5.6e-16   57.3   0.5   1   1   2.1e-16   6.8e-16   57.0   0.5     9   146     6   149     1   164 0.89 -
Q19848               -            610 Pkinase              PF00069.31   263   7.6e-16   56.8   0.1   1   1   5.4e-16   1.8e-15   55.6   0.1     5   212    36   263    32   322 0.77 -
P41695               -           1021 Pkinase              PF00069.31   263   8.8e-16   56.6   0.0   1   1   5.4e-16   1.8e-15   55.6   0.0     4   196   708   929   705   985 0.84 -
Q55BQ3               -           1125 Pkinase              PF00069.31   263   1.2e-15   56.2   0.3   1   1   1.5e-15   4.9e-15   54.2   0.3     4   193    33   279    30   348 0.77 -
C0LGJ9               -            742 Pkinase              PF00069.31   263   1.3e-15   56.1   0.0   1   2   6.7e-10   2.2e-09   35.6   0.0    27   140   473   599   462   607 0.84 -
C0LGJ9               -            742 Pkinase              PF00069.31   263   1.3e-15   56.1   0.0   2   2   0.00015    0.0005   18.1   0.0   172   258   622   713   614   716 0.83 -
P41676               -            215 Pkinase              PF00069.31   263   1.9e-15   55.5   0.1   1   1   8.3e-16   2.7e-15   55.0   0.1    72   259    23   199    14   202 0.80 -
F4IVI0               -            525 Pkinase              PF00069.31   263   2.6e-15   55.1   0.0   1   1   2.5e-15   8.2e-15   53.4   0.0     3   202   224   445   222   515 0.74 -
Q7KRY6               -            599 Pkinase              PF00069.31   263   2.7e-15   55.0   0.0   1   1   2.8e-15     9e-15   53.3   0.0     6   167    52   235    47   324 0.70 -
C0LGK4               -            915 Pkinase              PF00069.31   263   3.3e-15   54.7   0.0   1   1   1.9e-15   6.2e-15   53.8   0.0     6   259   532   804   527   806 0.76 -
Q80X41               -            440 Pkinase              PF00069.31   263   5.5e-15   54.0   0.0   1   1   2.6e-15   8.5e-15   53.4   0.0     6   204    42   268    37   314 0.81 -
Q95PZ9               -            379 Pkinase              PF00069.31   263   6.6e-15   53.7   0.0   1   1   3.1e-15     1e-14   53.1   0.0     2   254    27   285    26   299 0.82 -
Q8IIT5               -           1501 Pkinase              PF00069.31   263   7.5e-15   53.6   9.1   1   3     0.099      0.33    8.9   4.3    22    91   856   926   840   982 0.80 -
Q8IIT5               -           1501 Pkinase              PF00069.31   263   7.5e-15   53.6   9.1   2   3   1.3e-06   4.4e-06   24.8   6.7    44   147  1204  1314  1152  1344 0.70 -
Q8IIT5               -           1501 Pkinase              PF00069.31   263   7.5e-15   53.6   9.1   3   3   7.3e-11   2.4e-10   38.8   0.0   161   259  1389  1477  1370  1480 0.82 -
C0LGH8               -            664 Pkinase              PF00069.31   263   9.4e-15   53.2   0.0   1   1   4.9e-15   1.6e-14   52.5   0.0     6   249   365   620   361   636 0.77 -
P34635               -            374 Pkinase              PF00069.31   263     1e-14   53.1   0.0   1   1   4.7e-15   1.6e-14   52.5   0.0     2   152    26   190    25   200 0.77 -
Q28FH2               -            827 Pkinase              PF00069.31   263   1.1e-14   53.1   0.0   1   1   5.5e-15   1.8e-14   52.3   0.0    15   198    29   218    27   256 0.84 -
A8WU31               -            559 Pkinase              PF00069.31   263   1.9e-14   52.3   0.0   1   1   1.1e-14   3.6e-14   51.3   0.0     3   196    34   247    32   270 0.74 -
A0A0H3MBJ2           -            614 Pkinase              PF00069.31   263   2.6e-14   51.8   0.1   1   1   2.2e-14   7.2e-14   50.3   0.1     1   198    13   224    13   231 0.88 -
Q54XS3               -           1661 Pkinase              PF00069.31   263   2.7e-14   51.7   0.3   1   1   3.6e-14   1.2e-13   49.6   0.2    30   150  1399  1522  1388  1536 0.85 -
P37562               -            338 Pkinase              PF00069.31   263   2.9e-14   51.6   0.0   1   1   1.2e-14   3.8e-14   51.2   0.0     1   213    28   236    28   281 0.79 -
P73515               -            614 Pkinase              PF00069.31   263     3e-14   51.6   0.0   1   1   1.5e-14   4.8e-14   50.9   0.0    41   150    55   169    15   180 0.83 -
Q7XJT7               -            465 Pkinase              PF00069.31   263   3.6e-14   51.3   0.0   1   1     1e-13   3.4e-13   48.1   0.0    14   258    63   285    59   290 0.80 -
Q7ZUS1               -            425 Pkinase              PF00069.31   263   6.6e-14   50.5   0.0   1   1     4e-14   1.3e-13   49.5   0.0     3   204    40   269    38   322 0.78 -
C0LGU7               -            695 Pkinase              PF00069.31   263   6.8e-14   50.4   0.1   1   1   1.5e-13   4.8e-13   47.6   0.1    32   259   434   662   413   664 0.75 -
Q54W07               -            252 Pkinase              PF00069.31   263   1.2e-13   49.6   1.9   1   1   5.1e-14   1.7e-13   49.1   1.9    28   152    56   193    41   210 0.80 -
Q9H792               -           1746 Pkinase              PF00069.31   263   1.2e-12   46.3   0.0   1   1   1.1e-12   3.5e-12   44.8   0.0    83   257  1477  1659  1448  1663 0.77 -
Q86YV5               -           1406 Pkinase              PF00069.31   263   1.9e-12   45.7   0.0   1   2   1.1e-05   3.6e-05   21.8   0.0    95   132  1117  1154  1082  1159 0.80 -
Q86YV5               -           1406 Pkinase              PF00069.31   263   1.9e-12   45.7   0.0   2   2   1.5e-05   4.8e-05   21.4   0.0   158   257  1233  1321  1209  1326 0.79 -
Q55GS2               -            813 Pkinase              PF00069.31   263   3.5e-12   44.8   0.2   1   1   2.5e-12   8.2e-12   43.6   0.2    22   230    43   251    32   371 0.77 -
P93756               -            764 Pkinase              PF00069.31   263   4.8e-12   44.3   0.0   1   1   3.2e-12     1e-11   43.2   0.0    17   145   514   644   510   672 0.88 -
Q9RI12               -            732 Pkinase              PF00069.31   263   7.6e-12   43.7   0.0   1   1     4e-12   1.3e-11   42.9   0.0    56   262   188   407   150   408 0.79 -
Q6UDH7               -            460 Pkinase              PF00069.31   263     1e-11   43.2   0.0   1   2   9.8e-11   3.2e-10   38.4   0.0     4   149    98   251    95   261 0.76 -
Q6UDH7               -            460 Pkinase              PF00069.31   263     1e-11   43.2   0.0   2   2         7        23    2.8   0.0   172   192   318   338   308   457 0.85 -
Q54V82               -            213 Pkinase              PF00069.31   263   3.1e-11   41.7   0.0   1   1   1.5e-11   4.9e-11   41.0   0.0   160   263   114   211   103   211 0.73 -
Q55FJ0               -           2179 Pkinase              PF00069.31   263   3.2e-11   41.7   9.5   1   2   0.00013   0.00043   18.3   0.6    93   134   406   447   343   459 0.72 -
Q55FJ0               -           2179 Pkinase              PF00069.31   263   3.2e-11   41.7   9.5   2   2   8.3e-08   2.7e-07   28.8   0.0   175   263  1306  1400  1300  1400 0.69 -
Q00095               -            673 Pkinase              PF00069.31   263   3.7e-11   41.4   0.0   1   1   2.1e-11   6.8e-11   40.6   0.0    34   258   153   399   133   403 0.73 -
P15443               -            391 Pkinase              PF00069.31   263   4.7e-11   41.1   0.0   1   1     2e-11   6.6e-11   40.6   0.0    96   259   208   386   173   388 0.74 -
O14002               -           2310 Pkinase              PF00069.31   263   1.2e-10   39.7   0.0   1   1   8.6e-11   2.8e-10   38.6   0.0    85   254   109   284    37   292 0.73 -
B7XIB8               -            203 Pkinase              PF00069.31   263   1.3e-10   39.7   4.5   1   1   4.3e-11   1.4e-10   39.6   4.5    36   153    32   154     4   191 0.82 -
Q8IV63               -            474 Pkinase              PF00069.31   263   1.6e-10   39.3   0.0   1   1     7e-11   2.3e-10   38.8   0.0    69   212   251   403   220   449 0.83 -
O74539               -           2344 Pkinase              PF00069.31   263   3.6e-10   38.2   0.0   1   1   3.9e-10   1.3e-09   36.4   0.0    16   255    41   284    39   291 0.80 -
Q8BX57               -            582 Pkinase              PF00069.31   263   3.9e-10   38.1   0.0   1   1   3.8e-09   1.2e-08   33.2   0.0    49   196   198   351   184   434 0.81 -
Q96S44               -            253 Pkinase              PF00069.31   263   6.2e-10   37.4   0.0   1   1   2.4e-10     8e-10   37.1   0.0    42   146    73   188    36   209 0.79 -
O94751               -           1044 Pkinase              PF00069.31   263   6.8e-10   37.3   0.0   1   1   2.9e-09   9.4e-09   33.6   0.0     5   198   722   960   718  1012 0.66 -
Q54SK3               -            528 Pkinase              PF00069.31   263   7.9e-10   37.1   0.0   1   1   4.3e-10   1.4e-09   36.3   0.0     5   193   140   369   136   460 0.75 -
Q9P7N1               -            238 Pkinase              PF00069.31   263   9.7e-10   36.8   0.0   1   1   4.1e-10   1.4e-09   36.3   0.0    41   153    65   180    52   192 0.87 -
J7I4B7               -            708 Pkinase              PF00069.31   263   1.5e-09   36.2   0.0   1   1   1.1e-09   3.7e-09   34.9   0.0    68   148   299   376   264   401 0.86 -
Q5UQJ6               -            467 Pkinase              PF00069.31   263   2.1e-09   35.7   0.1   1   1   1.5e-08   5.1e-08   31.2   0.1    72   146   218   321   198   335 0.76 -
Q2HGY8               -            267 Pkinase              PF00069.31   263   2.3e-09   35.5   0.0   1   1   1.1e-09   3.6e-09   34.9   0.0     7   153    26   209    23   225 0.82 -
Q196W2               -            520 Pkinase              PF00069.31   263   2.7e-09   35.3   0.0   1   1   1.7e-09   5.6e-09   34.3   0.0    26   153   107   253    94   270 0.84 -
Q8S8N4               -            633 Pkinase              PF00069.31   263     3e-09   35.2   0.0   1   1   1.4e-09   4.7e-09   34.6   0.0     2   157   356   510   355   514 0.87 -
Q9E6Q4               -            513 Pkinase              PF00069.31   263   3.8e-09   34.8   0.0   1   1   9.8e-09   3.2e-08   31.8   0.0     8   151   152   303   149   312 0.85 -
Q2NIA4               -            534 Pkinase              PF00069.31   263   3.9e-09   34.8   2.4   1   1   1.8e-09     6e-09   34.2   2.4    23   148   354   479   342   494 0.83 -
Q54BD1               -            395 Pkinase              PF00069.31   263   4.1e-09   34.7   4.0   1   2   4.5e-08   1.5e-07   29.7   2.3    17   133    54   187    37   222 0.85 -
Q54BD1               -            395 Pkinase              PF00069.31   263   4.1e-09   34.7   4.0   2   2       1.8         6    4.7   0.0   180   257   301   389   293   395 0.58 -
Q00097               -            380 Pkinase              PF00069.31   263   4.2e-09   34.7   0.0   1   1   2.2e-09   7.1e-09   34.0   0.0    76   190   170   298   162   367 0.76 -
Q6GZV6               -            851 Pkinase              PF00069.31   263   4.9e-09   34.5   0.0   1   2       1.9       6.2    4.7   0.0     5    42   460   497   457   528 0.83 -
Q6GZV6               -            851 Pkinase              PF00069.31   263   4.9e-09   34.5   0.0   2   2     2e-07   6.5e-07   27.5   0.0    78   162   566   670   544   673 0.83 -
Q6BHA8               -            260 Pkinase              PF00069.31   263   5.8e-09   34.3   0.0   1   1   2.2e-09   7.3e-09   33.9   0.0    38   147    66   185    45   229 0.84 -
Q00098               -            387 Pkinase              PF00069.31   263   1.9e-08   32.6   0.0   1   1   8.3e-09   2.7e-08   32.1   0.0    99   255   202   372   171   378 0.81 -
Q58473               -            270 Pkinase              PF00069.31   263   2.7e-08   32.1   0.9   1   1   9.2e-08     3e-07   28.6   0.9     5   142    69   221    66   232 0.75 -
Q197F0               -            559 Pkinase              PF00069.31   263   3.3e-08   31.8   0.0   1   1     2e-08   6.6e-08   30.8   0.0     4   150   184   377   181   396 0.68 -
Q9Z0R0               -            754 Pkinase              PF00069.31   263   3.7e-08   31.6   0.9   1   2    0.0015    0.0048   14.9   0.0     3    55   442   498   440   504 0.73 -
Q9Z0R0               -            754 Pkinase              PF00069.31   263   3.7e-08   31.6   0.9   2   2    0.0054     0.018   13.0   0.0    69   138   551   619   530   651 0.82 -
Q5UNT7               -            694 Pkinase              PF00069.31   263   7.6e-08   30.6   0.5   1   2       1.8       6.1    4.7   0.0     2    42   168   208   167   233 0.85 -
Q5UNT7               -            694 Pkinase              PF00069.31   263   7.6e-08   30.6   0.5   2   2   3.8e-06   1.2e-05   23.3   0.1    70   142   331   427   318   442 0.78 -
Q6C2A3               -            248 Pkinase              PF00069.31   263   8.7e-08   30.4   0.0   1   1   3.5e-08   1.1e-07   30.0   0.0     9   151    20   186    12   212 0.74 -
Q87T74               -            238 Pkinase              PF00069.31   263     1e-07   30.2   0.1   1   1   4.3e-08   1.4e-07   29.7   0.1   103   152   147   196   118   208 0.80 -
Q557D1               -            723 Pkinase              PF00069.31   263   1.1e-07   30.1   6.7   1   2   1.4e-07   4.5e-07   28.1   3.2    40   143    70   192    46   200 0.81 -
Q557D1               -            723 Pkinase              PF00069.31   263   1.1e-07   30.1   6.7   2   2         7        23    2.8   0.0   176   194   201   218   194   266 0.69 -
Q54TC3               -            585 Pkinase              PF00069.31   263   1.6e-07   29.6   0.1   1   2      0.62         2    6.2   0.0    50   106   165   223   152   226 0.87 -
Q54TC3               -            585 Pkinase              PF00069.31   263   1.6e-07   29.6   0.1   2   2   2.8e-05   9.3e-05   20.5   0.0    91   141   240   291   229   295 0.86 -
Q1EBD3               -            287 Pkinase              PF00069.31   263   2.8e-07   28.7   0.0   1   1   1.2e-07   3.9e-07   28.3   0.0    94   153   150   229   108   244 0.81 -
O13733               -            637 Pkinase              PF00069.31   263   3.1e-07   28.6   0.0   1   1   1.9e-07   6.4e-07   27.6   0.0    47   146    67   161    50   172 0.86 -
Q8TF76               -            798 Pkinase              PF00069.31   263   3.5e-07   28.4   0.7   1   2    0.0013    0.0042   15.0   0.0     3    56   486   543   484   568 0.78 -
Q8TF76               -            798 Pkinase              PF00069.31   263   3.5e-07   28.4   0.7   2   2     0.024      0.08   10.8   0.0    69   137   595   662   572   692 0.85 -
O27476               -            534 Pkinase              PF00069.31   263   3.6e-07   28.4   0.0   1   1   1.9e-07   6.3e-07   27.6   0.0    43   151   380   478   343   516 0.83 -
Q86TW2               -            530 Pkinase              PF00069.31   263   3.6e-07   28.4   0.1   1   1   2.9e-05   9.6e-05   20.4   0.1     8   151   162   348   157   363 0.65 -
A0A7J6KD88           -            377 Pkinase              PF00069.31   263   3.8e-07   28.3   0.0   1   1   6.3e-06   2.1e-05   22.6   0.0    96   263   200   354   179   354 0.81 -
P0CP72               -            289 Pkinase              PF00069.31   263   4.2e-07   28.1   0.0   1   1     3e-07     1e-06   26.9   0.0   101   153   171   229   158   244 0.86 -
O30245               -            282 Pkinase              PF00069.31   263   5.2e-07   27.9   0.1   1   1   3.4e-07   1.1e-06   26.8   0.1     4   148    95   242    93   252 0.78 -
Q9Z1S0               -           1052 Pkinase              PF00069.31   263   5.2e-07   27.8   0.2   1   1   3.2e-07   1.1e-06   26.8   0.2    63   149   811   909   807   939 0.86 -
Q54SC4               -            639 Pkinase              PF00069.31   263   6.7e-07   27.5   0.0   1   1     2e-07   6.7e-07   27.5   0.0   115   157   430   473   398   492 0.85 -
Q6LVM6               -            236 Pkinase              PF00069.31   263   7.3e-07   27.4   0.0   1   1   2.6e-07   8.6e-07   27.1   0.0   101   147   144   190    83   205 0.87 -
Q9W133               -            518 Pkinase              PF00069.31   263   7.3e-07   27.4   0.1   1   2       8.5        28    2.5   0.1     5    42   153   189   150   242 0.78 -
Q9W133               -            518 Pkinase              PF00069.31   263   7.3e-07   27.4   0.1   2   2   7.2e-06   2.4e-05   22.4   0.0    67   151   254   341   215   351 0.86 -
Q5F349               -            353 Pkinase              PF00069.31   263   7.5e-07   27.3   0.0   1   2   1.1e-05   3.5e-05   21.9   0.1     3   114    85   188    83   198 0.80 -
Q5F349               -            353 Pkinase              PF00069.31   263   7.5e-07   27.3   0.0   2   2       4.9        16    3.3   0.0   237   259   309   331   274   333 0.85 -
Q01015               -            431 Pkinase              PF00069.31   263   8.3e-07   27.2   0.0   1   1     7e-07   2.3e-06   25.7   0.0     5   156    83   231    80   244 0.72 -
P58551               -            240 Pkinase              PF00069.31   263   1.1e-06   26.8   0.1   1   1   4.8e-07   1.6e-06   26.3   0.1    97   151   141   195   114   205 0.83 -
P09296               -            510 Pkinase              PF00069.31   263   3.4e-06   25.2   0.0   1   1   2.2e-06   7.2e-06   24.1   0.0     8   135   139   269   134   292 0.83 -
P04290               -            518 Pkinase              PF00069.31   263   3.6e-06   25.1   0.0   1   1   1.6e-05   5.2e-05   21.3   0.0     8   154   158   325   155   402 0.63 -
O32057               -            215 Pkinase              PF00069.31   263   3.8e-06   25.0   0.0   1   1   1.6e-06   5.2e-06   24.6   0.0     3   142    29   154    27   175 0.83 -
O29592               -            195 Pkinase              PF00069.31   263     4e-06   25.0   0.0   1   1   1.5e-06   4.8e-06   24.7   0.0    80   146    65   129     8   145 0.73 -
Q91FE4               -            528 Pkinase              PF00069.31   263   6.1e-06   24.3   1.8   1   1   5.6e-06   1.8e-05   22.8   1.8     2   133   157   312   156   362 0.66 -
Q5U3W1               -            347 Pkinase              PF00069.31   263   6.3e-06   24.3   0.0   1   1   7.7e-06   2.5e-05   22.3   0.0     3   117    81   193    79   285 0.68 -
Q91F86               -            537 Pkinase              PF00069.31   263   7.3e-06   24.1   0.6   1   1   2.2e-06   7.3e-06   24.1   0.6    13   132   131   258   126   292 0.80 -
Q6M056               -            548 Pkinase              PF00069.31   263   1.1e-05   23.5   0.7   1   1   7.2e-06   2.4e-05   22.4   0.7    43   147   393   488   349   508 0.70 -
A3CXS0               -            527 Pkinase              PF00069.31   263   1.2e-05   23.4   0.0   1   1   5.9e-06   1.9e-05   22.7   0.0   107   151   428   471   401   489 0.82 -
Q496M5               -            336 Pkinase              PF00069.31   263   1.3e-05   23.3   0.0   1   1   4.9e-06   1.6e-05   23.0   0.0   187   263     1    65     1    65 0.87 -
Q8PZ92               -            547 Pkinase              PF00069.31   263   1.3e-05   23.3   0.0   1   1   7.6e-06   2.5e-05   22.3   0.0   111   147   452   487   439   512 0.84 -
Q9CLD5               -            240 Pkinase              PF00069.31   263   1.8e-05   22.8   0.1   1   1   6.5e-06   2.1e-05   22.6   0.1    87   147   139   197    86   215 0.79 -
P13288               -            429 Pkinase              PF00069.31   263   2.3e-05   22.5   0.0   1   2       8.6        28    2.5   0.0     6    25    83   102    78   125 0.88 -
P13288               -            429 Pkinase              PF00069.31   263   2.3e-05   22.5   0.0   2   2   0.00019   0.00061   17.8   0.0   108   153   179   231   133   261 0.85 -
A5UMH5               -            538 Pkinase              PF00069.31   263   2.4e-05   22.4   0.4   1   1   1.4e-05   4.7e-05   21.4   0.4    43   147   382   475   360   486 0.82 -
O86224               -            241 Pkinase              PF00069.31   263   2.5e-05   22.3   0.0   1   1   1.1e-05   3.8e-05   21.8   0.0    97   145   145   196   122   207 0.80 -
Q9MA15               -            711 Pkinase              PF00069.31   263   4.6e-05   21.5   0.0   1   1   0.00022   0.00073   17.5   0.0    69   152   326   408   290   427 0.85 -
O13924               -            488 Pkinase              PF00069.31   263   5.1e-05   21.3   0.1   1   1   0.00013   0.00043   18.3   0.0     4   133   159   315   157   378 0.73 -
D3XDS2               -            643 Pkinase              PF00069.31   263   6.9e-05   20.9   0.0   1   2       1.9       6.2    4.7   0.0     5    28   269   292   266   304 0.76 -
D3XDS2               -            643 Pkinase              PF00069.31   263   6.9e-05   20.9   0.0   2   2    0.0027    0.0089   14.0   0.0   100   153   367   428   352   443 0.83 -
Q8SVD9               -            197 Pkinase              PF00069.31   263   7.2e-05   20.8   0.0   1   1   2.9e-05   9.4e-05   20.4   0.0    24   152    16   140     8   154 0.78 -
D4GYY1               -            290 Pkinase              PF00069.31   263   8.2e-05   20.6   0.0   1   1   5.8e-05   0.00019   19.4   0.0    74   152   171   246   159   256 0.80 -
Q54WZ5               -            574 Pkinase              PF00069.31   263    0.0001   20.4   0.1   1   2    0.0012    0.0039   15.1   0.1    85   142   185   241   128   246 0.77 -
Q54WZ5               -            574 Pkinase              PF00069.31   263    0.0001   20.4   0.1   2   2       6.6        22    2.9   0.0   171   198   258   285   253   357 0.81 -
P16788               -            707 Pkinase              PF00069.31   263   0.00018   19.5   0.0   1   1   0.00027    0.0009   17.2   0.0    98   150   430   490   332   505 0.70 -
F5HGH5               -            444 Pkinase              PF00069.31   263   0.00019   19.5   0.0   1   1   0.00017   0.00056   17.9   0.0   104   161   181   244   154   246 0.80 -
Q6L243               -            529 Pkinase              PF00069.31   263   0.00019   19.5   0.2   1   1   0.00011   0.00038   18.5   0.2    77   134   407   458   348   480 0.74 -
Q8RWG1               -            682 Pkinase              PF00069.31   263   0.00021   19.3   0.0   1   2       2.6       8.7    4.2   0.0    11    32   246   267   238   273 0.86 -
Q8RWG1               -            682 Pkinase              PF00069.31   263   0.00021   19.3   0.0   2   2    0.0063     0.021   12.8   0.0    75   153   353   430   320   445 0.78 -
Q504Y2               -            493 Pkinase              PF00069.31   263   0.00022   19.2   0.0   1   1   0.00011   0.00035   18.6   0.0     7   146   144   300   139   313 0.79 -
Q7AJA5               -            619 Pkinase              PF00069.31   263   0.00047   18.2   0.0   1   1   0.00025   0.00083   17.4   0.0    52   196    67   222    53   282 0.82 -
O42650               -            497 Pkinase              PF00069.31   263   0.00052   18.0   0.1   1   1   0.00061     0.002   16.1   0.1     7   142   126   283   121   300 0.82 -
O28471               -            258 Pkinase              PF00069.31   263   0.00065   17.7   0.0   1   1   0.00032     0.001   17.0   0.0    73   150   143   221   117   231 0.84 -
Q66640               -            438 Pkinase              PF00069.31   263    0.0007   17.6   0.0   1   1   0.00061     0.002   16.1   0.0   104   157   175   239    80   299 0.80 -
Q9JVQ5               -            503 Pkinase              PF00069.31   263   0.00083   17.4   0.0   1   1   0.00085    0.0028   15.6   0.0    70   150   231   310   193   322 0.80 -
P83103               -            566 Pkinase              PF00069.31   263    0.0009   17.2   2.5   1   2     0.095      0.31    8.9   0.1     4    36   251   288   248   317 0.59 -
P83103               -            566 Pkinase              PF00069.31   263    0.0009   17.2   2.5   2   2      0.28      0.93    7.3   0.3    94   138   388   434   342   469 0.72 -
Q5AGC7               -            296 Pkinase              PF00069.31   263   0.00091   17.2   0.1   1   1   0.00044    0.0014   16.6   0.1    43   147    80   217    53   233 0.73 -
Q03021               -            186 Pkinase              PF00069.31   263    0.0011   16.9   0.3   1   1   0.00068    0.0022   15.9   0.0   103   142   104   141    79   159 0.84 -
P30662               -            398 Pkinase              PF00069.31   263    0.0015   16.5   0.0   1   1   0.00089    0.0029   15.6   0.0     7   145    86   220    83   232 0.74 -
P52344               -            546 Pkinase              PF00069.31   263    0.0017   16.4   0.3   1   1    0.0099     0.033   12.1   0.3   100   147   273   325   235   337 0.82 -
P43633               -            760 Pkinase              PF00069.31   263     0.002   16.1   0.1   1   1    0.0013    0.0042   15.0   0.1   104   151   592   637   495   646 0.68 -
P28966               -            594 Pkinase              PF00069.31   263    0.0025   15.8   0.0   1   1    0.0027    0.0089   14.0   0.0     8   141   230   366   226   384 0.80 -
O14730               -            519 Pkinase              PF00069.31   263    0.0028   15.6   1.1   1   1    0.0013    0.0044   15.0   0.2    71   141   353   423   286   435 0.81 -
P34649               -            510 Pkinase              PF00069.31   263     0.003   15.5   0.1   1   1    0.0028    0.0093   13.9   0.1     9   152   255   417   248   427 0.61 -
Q57886               -            290 Pkinase              PF00069.31   263    0.0045   14.9   0.2   1   1    0.0029    0.0096   13.9   0.2    74   145   166   235    77   244 0.74 -
Q6FTW0               -            266 Pkinase              PF00069.31   263    0.0057   14.6   0.0   1   1     0.002    0.0067   14.4   0.0    99   148   139   194    65   236 0.87 -
Q94BU1               -            692 Pkinase              PF00069.31   263    0.0062   14.5   0.1   1   2       4.9        16    3.3   0.1    12    32   200   220   197   229 0.90 -
Q94BU1               -            692 Pkinase              PF00069.31   263    0.0062   14.5   0.1   2   2      0.14      0.45    8.4   0.0    67   149   296   369   252   381 0.72 -
Q80V03               -            582 Pkinase              PF00069.31   263    0.0066   14.4   0.0   1   1    0.0034     0.011   13.6   0.0    53   152   290   393   275   403 0.72 -
Q9SZ92               -            346 Pkinase              PF00069.31   263    0.0076   14.2   0.0   1   1    0.0032     0.011   13.7   0.0   118   147   200   230   138   261 0.86 -
O36385               -            454 Pkinase              PF00069.31   263    0.0084   14.1   0.6   1   1     0.047      0.15    9.9   0.1   104   151   172   227   150   246 0.79 -
Q9J5B1               -            444 Pkinase              PF00069.31   263    0.0084   14.0   0.1   1   1    0.0079     0.026   12.4   0.0   117   136   301   320   269   351 0.80 -
P40160               -            425 Pkinase              PF00069.31   263    0.0085   14.0   0.3   1   1    0.0057     0.019   12.9   0.3     1   149    95   261    95   273 0.77 -
O60674               -           1132 PK_Tyr_Ser-Thr       PF07714.23   258  3.1e-155  513.5   0.0   1   2   7.6e-67   2.6e-66  222.1   0.0     2   258   546   805   545   805 0.96 -
O60674               -           1132 PK_Tyr_Ser-Thr       PF07714.23   258  3.1e-155  513.5   0.0   2   2   2.3e-87   7.7e-87  289.4   0.0     1   255   849  1120   849  1123 0.96 -
Q09178               -           1156 PK_Tyr_Ser-Thr       PF07714.23   258  4.7e-145  480.2   0.0   1   2   8.4e-61   2.8e-60  202.3   0.0     3   257   585   846   583   847 0.96 -
Q09178               -           1156 PK_Tyr_Ser-Thr       PF07714.23   258  4.7e-145  480.2   0.0   2   2   4.7e-83   1.6e-82  275.2   0.0     2   257   876  1148   875  1149 0.96 -
P52333               -           1124 PK_Tyr_Ser-Thr       PF07714.23   258  2.5e-140  464.6   0.0   1   2   6.5e-58   2.2e-57  192.8   0.0     1   258   521   777   521   777 0.96 -
P52333               -           1124 PK_Tyr_Ser-Thr       PF07714.23   258  2.5e-140  464.6   0.0   2   2     2e-81   6.8e-81  269.9   0.0     2   257   823  1094   822  1095 0.94 -
P29597               -           1187 PK_Tyr_Ser-Thr       PF07714.23   258  3.3e-136  451.2   0.0   1   2   5.5e-53   1.8e-52  176.7   0.0     2   258   590   866   589   866 0.96 -
P29597               -           1187 PK_Tyr_Ser-Thr       PF07714.23   258  3.3e-136  451.2   0.0   2   2   3.5e-82   1.2e-81  272.4   0.0     2   256   898  1167   897  1169 0.96 -
Q7T6Y2               -           1624 PK_Tyr_Ser-Thr       PF07714.23   258  4.5e-132  437.6   0.0   1   2   2.9e-62   9.7e-62  207.1   0.0     1   258   786  1045   786  1045 0.91 -
Q7T6Y2               -           1624 PK_Tyr_Ser-Thr       PF07714.23   258  4.5e-132  437.6   0.0   2   2   9.1e-69   3.1e-68  228.4   0.0     2   258  1365  1613  1364  1613 0.95 -
Q7T6X2               -           1657 PK_Tyr_Ser-Thr       PF07714.23   258    1e-128  426.6   0.0   1   2   7.1e-61   2.4e-60  202.5   0.0     1   258   786  1045   786  1045 0.90 -
Q7T6X2               -           1657 PK_Tyr_Ser-Thr       PF07714.23   258    1e-128  426.6   0.0   2   2   8.8e-67     3e-66  221.9   0.0     1   255  1399  1645  1399  1648 0.94 -
Q5UQG7               -           1651 PK_Tyr_Ser-Thr       PF07714.23   258  3.3e-125  415.1   0.2   1   2   1.5e-57   5.1e-57  191.7   0.0     2   258   794  1053   793  1053 0.90 -
Q5UQG7               -           1651 PK_Tyr_Ser-Thr       PF07714.23   258  3.3e-125  415.1   0.2   2   2   1.1e-66   3.7e-66  221.6   0.0     1   255  1394  1638  1394  1641 0.93 -
Q24592               -           1177 PK_Tyr_Ser-Thr       PF07714.23   258  8.5e-113  374.5   0.0   1   2   1.9e-28   6.4e-28   96.3   0.0    17   258   598   835   594   835 0.90 -
Q24592               -           1177 PK_Tyr_Ser-Thr       PF07714.23   258  8.5e-113  374.5   0.0   2   2   2.7e-83   9.2e-83  276.0   0.0     3   256   894  1149   892  1151 0.94 -
Q03145               -            977 PK_Tyr_Ser-Thr       PF07714.23   258  3.5e-103  342.9   0.0   1   1  1.6e-103  5.5e-103  342.3   0.0     3   258   616   872   614   872 0.97 -
P18461               -            823 PK_Tyr_Ser-Thr       PF07714.23   258  8.2e-103  341.7   0.0   1   1  3.2e-103  1.1e-102  341.3   0.0     1   258   483   759   483   759 0.98 -
P09760               -            823 PK_Tyr_Ser-Thr       PF07714.23   258  2.8e-102  340.0   4.2   1   2       8.4        28    2.4   0.7    25    56   301   332   291   385 0.80 -
P09760               -            823 PK_Tyr_Ser-Thr       PF07714.23   258  2.8e-102  340.0   4.2   2   2  4.7e-102  1.6e-101  337.5   0.0     2   258   565   815   564   815 0.99 -
P42690               -            506 PK_Tyr_Ser-Thr       PF07714.23   258  8.9e-102  338.3   0.0   1   1  4.1e-102  1.4e-101  337.7   0.0     1   257   240   488   240   489 0.98 -
P00519               -           1130 PK_Tyr_Ser-Thr       PF07714.23   258  1.1e-101  338.0   0.0   1   1  4.4e-102  1.5e-101  337.6   0.0     1   257   242   492   242   493 0.98 -
P29323               -           1055 PK_Tyr_Ser-Thr       PF07714.23   258  3.7e-101  336.3   0.0   1   1  1.5e-101  5.2e-101  335.8   0.0     1   258   621   880   621   880 0.97 -
Q9V9J3               -            517 PK_Tyr_Ser-Thr       PF07714.23   258    1e-100  334.9   0.0   1   1  3.9e-101  1.3e-100  334.5   0.0     1   258   248   500   248   500 0.98 -
P00522               -           1620 PK_Tyr_Ser-Thr       PF07714.23   258  1.1e-100  334.8   0.0   1   1  4.8e-101  1.6e-100  334.2   0.0     2   258   372   622   371   622 0.98 -
P54756               -           1037 PK_Tyr_Ser-Thr       PF07714.23   258  1.5e-100  334.3   0.0   1   1  6.4e-101  2.2e-100  333.8   0.0     1   258   675   932   675   932 0.98 -
O42422               -            993 PK_Tyr_Ser-Thr       PF07714.23   258  2.6e-100  333.5   0.0   1   1  1.2e-100  4.1e-100  332.9   0.0     1   256   628   883   628   885 0.98 -
P42684               -           1182 PK_Tyr_Ser-Thr       PF07714.23   258  4.3e-100  332.8   0.0   1   1  2.2e-100  7.4e-100  332.0   0.0     1   257   288   538   288   539 0.98 -
P08630               -            786 PK_Tyr_Ser-Thr       PF07714.23   258   2.7e-99  330.2   0.0   1   1   1.3e-99   4.3e-99  329.6   0.0     2   258   527   777   526   777 0.97 -
Q24488               -            685 PK_Tyr_Ser-Thr       PF07714.23   258   3.8e-99  329.7   0.0   1   1   1.6e-99   5.5e-99  329.2   0.0     2   258   411   670   410   670 0.99 -
P42680               -            631 PK_Tyr_Ser-Thr       PF07714.23   258   4.5e-99  329.5   0.0   1   1   1.9e-99   6.5e-99  328.9   0.0     1   257   370   618   370   619 0.99 -
Q922K9               -            512 PK_Tyr_Ser-Thr       PF07714.23   258     5e-99  329.3   0.0   1   1   1.9e-99   6.4e-99  329.0   0.0     1   258   241   494   241   494 0.97 -
Q16620               -            822 PK_Tyr_Ser-Thr       PF07714.23   258   7.6e-99  328.7   0.0   1   1   3.2e-99   1.1e-98  328.2   0.0     2   257   539   806   538   807 0.98 -
Q03142               -            799 PK_Tyr_Ser-Thr       PF07714.23   258   1.4e-98  327.8   0.0   1   1   5.4e-99   1.8e-98  327.5   0.0     2   258   465   740   464   740 0.98 -
P51813               -            675 PK_Tyr_Ser-Thr       PF07714.23   258   1.9e-98  327.4   0.0   1   1   9.5e-99   3.2e-98  326.7   0.0     1   257   417   665   417   666 0.99 -
G3V9H8               -           1115 PK_Tyr_Ser-Thr       PF07714.23   258     4e-98  326.4   0.0   1   1   1.6e-98   5.3e-98  326.0   0.0     2   258   726  1006   725  1006 0.99 -
P00530               -            873 PK_Tyr_Ser-Thr       PF07714.23   258   4.8e-98  326.1   0.0   1   1   3.6e-98   1.2e-97  324.8   0.0     3   258   614   865   612   865 0.98 -
P42681               -            527 PK_Tyr_Ser-Thr       PF07714.23   258   9.5e-98  325.1   0.0   1   1   3.9e-98   1.3e-97  324.6   0.0     2   256   272   518   271   520 0.98 -
P35991               -            659 PK_Tyr_Ser-Thr       PF07714.23   258     1e-97  325.1   0.1   1   1   4.1e-98   1.4e-97  324.6   0.1     1   257   402   650   402   651 0.98 -
Q91738               -           1068 PK_Tyr_Ser-Thr       PF07714.23   258   1.4e-97  324.5   0.0   1   1   6.8e-98   2.3e-97  323.9   0.0     1   258   435   689   435   689 0.98 -
P08631               -            526 PK_Tyr_Ser-Thr       PF07714.23   258   2.1e-97  324.0   0.0   1   1   7.6e-98   2.6e-97  323.7   0.0     1   258   262   511   262   511 0.97 -
P18106               -           1325 PK_Tyr_Ser-Thr       PF07714.23   258   2.4e-97  323.8   0.0   1   1   1.4e-97   4.7e-97  322.9   0.0     3   256  1065  1312  1063  1314 0.98 -
Q09147               -           1052 PK_Tyr_Ser-Thr       PF07714.23   258   3.4e-97  323.3   0.0   1   1   1.4e-97   4.8e-97  322.8   0.0     2   257   713   995   712   996 0.98 -
P00542               -            609 PK_Tyr_Ser-Thr       PF07714.23   258   3.7e-97  323.2   0.0   1   1   1.5e-97   5.2e-97  322.7   0.0     2   258   349   601   348   601 0.98 -
P70600               -           1009 PK_Tyr_Ser-Thr       PF07714.23   258   6.5e-97  322.4   0.0   1   1   3.2e-97   1.1e-96  321.7   0.0     3   258   427   679   425   679 0.97 -
P03949               -           1224 PK_Tyr_Ser-Thr       PF07714.23   258   7.8e-97  322.1   0.0   1   1   3.5e-97   1.2e-96  321.6   0.0     2   257   312   561   311   562 0.97 -
Q15303               -           1308 PK_Tyr_Ser-Thr       PF07714.23   258   8.1e-97  322.1   0.0   1   1   3.3e-97   1.1e-96  321.6   0.0     2   257   719   973   718   974 0.98 -
Q07407               -            729 PK_Tyr_Ser-Thr       PF07714.23   258   2.6e-96  320.4   0.0   1   1     1e-96   3.5e-96  320.0   0.0     3   257   418   687   416   688 0.98 -
G5EE56               -            533 PK_Tyr_Ser-Thr       PF07714.23   258   4.4e-96  319.7   0.0   1   1   1.7e-96   5.7e-96  319.3   0.0     1   256   262   515   262   517 0.97 -
P00545               -            978 PK_Tyr_Ser-Thr       PF07714.23   258   4.5e-96  319.7   0.0   1   1     2e-96   6.9e-96  319.0   0.0     1   257   613   941   613   942 0.99 -
P17948               -           1338 PK_Tyr_Ser-Thr       PF07714.23   258   5.4e-96  319.4   0.0   1   1   2.4e-96     8e-96  318.8   0.0     1   258   827  1154   827  1154 0.98 -
Q03526               -            625 PK_Tyr_Ser-Thr       PF07714.23   258   5.8e-96  319.3   0.0   1   1   2.3e-96   7.7e-96  318.9   0.0     1   258   368   617   368   617 0.99 -
P08581               -           1390 PK_Tyr_Ser-Thr       PF07714.23   258   6.3e-96  319.2   0.0   1   1   2.9e-96   9.7e-96  318.5   0.0     1   257  1078  1336  1078  1337 0.98 -
P13388               -           1167 PK_Tyr_Ser-Thr       PF07714.23   258   7.7e-96  318.9   0.0   1   1   3.9e-96   1.3e-95  318.1   0.0     2   257   711   965   710   966 0.98 -
P15054               -            587 PK_Tyr_Ser-Thr       PF07714.23   258     8e-96  318.8   0.0   1   1   3.1e-96   1.1e-95  318.4   0.0     2   257   268   515   267   516 0.97 -
P08922               -           2347 PK_Tyr_Ser-Thr       PF07714.23   258   8.6e-96  318.7   0.0   1   1   4.2e-96   1.4e-95  318.0   0.0     4   258  1948  2215  1945  2215 0.97 -
Q9UF33               -           1036 PK_Tyr_Ser-Thr       PF07714.23   258     1e-95  318.4   0.0   1   2   6.9e-19   2.3e-18   64.9   0.0     1    82   631   712   631   727 0.88 -
Q9UF33               -           1036 PK_Tyr_Ser-Thr       PF07714.23   258     1e-95  318.4   0.0   2   2   8.6e-76   2.9e-75  251.4   0.0    73   258   744   930   739   930 0.97 -
Q54I36               -           1338 PK_Tyr_Ser-Thr       PF07714.23   258     1e-95  318.4   0.0   1   2   1.5e-26   5.1e-26   90.0   0.0    57   256   813  1003   797  1005 0.91 -
Q54I36               -           1338 PK_Tyr_Ser-Thr       PF07714.23   258     1e-95  318.4   0.0   2   2   4.5e-68   1.5e-67  226.1   0.0     2   258  1058  1301  1057  1301 0.95 -
P08941               -           2311 PK_Tyr_Ser-Thr       PF07714.23   258   1.1e-95  318.4   0.0   1   1   6.6e-96   2.2e-95  317.4   0.0     2   258  1962  2232  1961  2232 0.98 -
O73875               -            987 PK_Tyr_Ser-Thr       PF07714.23   258   1.4e-95  318.1   0.0   1   1   5.8e-96     2e-95  317.5   0.0     1   258   621   880   621   880 0.97 -
O15146               -            869 PK_Tyr_Ser-Thr       PF07714.23   258   1.6e-95  317.8   0.0   1   1   6.4e-96   2.2e-95  317.4   0.0     2   258   576   856   575   856 0.99 -
Q01973               -            937 PK_Tyr_Ser-Thr       PF07714.23   258   1.7e-95  317.8   0.0   1   1   6.3e-96   2.1e-95  317.4   0.0     2   258   474   746   473   746 0.99 -
P29322               -           1005 PK_Tyr_Ser-Thr       PF07714.23   258   1.9e-95  317.6   0.0   1   1   7.5e-96   2.6e-95  317.2   0.0     1   258   635   892   635   892 0.97 -
P35739               -            799 PK_Tyr_Ser-Thr       PF07714.23   258   2.1e-95  317.4   0.0   1   1     9e-96     3e-95  316.9   0.0     3   258   515   784   513   784 0.98 -
Q60750               -            977 PK_Tyr_Ser-Thr       PF07714.23   258   2.1e-95  317.4   0.0   1   1   8.1e-96   2.8e-95  317.1   0.0     3   258   627   881   625   881 0.98 -
Q8AXY6               -            947 PK_Tyr_Ser-Thr       PF07714.23   258   3.9e-95  316.6   0.0   1   1   1.6e-95   5.3e-95  316.1   0.0     2   258   656   934   655   934 0.98 -
P79701               -           1379 PK_Tyr_Ser-Thr       PF07714.23   258   5.9e-95  316.0   0.0   1   1   2.7e-95   9.1e-95  315.4   0.0     2   258   859  1181   858  1181 0.98 -
Q91909               -            954 PK_Tyr_Ser-Thr       PF07714.23   258     1e-94  315.2   0.0   1   1   5.1e-95   1.7e-94  314.5   0.0     3   256   579   906   577   908 0.98 -
P00528               -            552 PK_Tyr_Ser-Thr       PF07714.23   258   1.1e-94  315.1   0.0   1   1   4.1e-95   1.4e-94  314.8   0.0     1   255   284   533   284   536 0.96 -
P43403               -            619 PK_Tyr_Ser-Thr       PF07714.23   258   1.2e-94  315.0   0.0   1   1   4.5e-95   1.5e-94  314.6   0.0     5   257   342   592   338   593 0.97 -
Q8AXB3               -           1302 PK_Tyr_Ser-Thr       PF07714.23   258   4.8e-94  313.0   0.0   1   1     2e-94   6.8e-94  312.5   0.0     2   258   810  1135   809  1135 0.98 -
Q9VBW3               -            773 PK_Tyr_Ser-Thr       PF07714.23   258   5.6e-94  312.8   0.0   1   1   2.3e-94   7.8e-94  312.3   0.0     2   258   471   741   470   741 0.98 -
Q8AXC6               -            984 PK_Tyr_Ser-Thr       PF07714.23   258   6.3e-94  312.6   0.0   1   1   3.4e-94   1.2e-93  311.7   0.0     1   257   579   912   579   913 0.98 -
P09208               -           2144 PK_Tyr_Ser-Thr       PF07714.23   258   9.1e-94  312.1   0.0   1   1   5.1e-94   1.7e-93  311.2   0.0     5   257  1375  1649  1371  1650 0.98 -
Q5GIT4               -           1357 PK_Tyr_Ser-Thr       PF07714.23   258   9.6e-94  312.0   0.0   1   1   4.6e-94   1.5e-93  311.3   0.0     1   258   843  1171   843  1171 0.98 -
O97799               -            979 PK_Tyr_Ser-Thr       PF07714.23   258   9.9e-94  312.0   0.0   1   1   4.8e-94   1.6e-93  311.2   0.0     2   256   593   925   592   927 0.98 -
D2IYS2               -            807 PK_Tyr_Ser-Thr       PF07714.23   258   1.2e-93  311.7   0.0   1   1   4.8e-94   1.6e-93  311.3   0.0     3   258   441   738   439   738 0.98 -
P35968               -           1356 PK_Tyr_Ser-Thr       PF07714.23   258   2.4e-93  310.7   0.0   1   1   1.1e-93   3.6e-93  310.1   0.0     1   258   834  1160   834  1160 0.98 -
P23049               -            370 PK_Tyr_Ser-Thr       PF07714.23   258     5e-93  309.7   0.0   1   1   1.8e-93   6.1e-93  309.4   0.0     4   258    63   319    60   319 0.98 -
P43405               -            635 PK_Tyr_Ser-Thr       PF07714.23   258   9.9e-93  308.7   0.3   1   1   4.4e-93   1.5e-92  308.1   0.3     4   255   374   623   371   626 0.96 -
P00533               -           1210 PK_Tyr_Ser-Thr       PF07714.23   258   1.3e-92  308.3   0.0   1   1   5.7e-93   1.9e-92  307.7   0.0     3   256   714   966   712   968 0.98 -
Q03351               -            864 PK_Tyr_Ser-Thr       PF07714.23   258   1.4e-92  308.2   0.5   1   2   1.8e-55     6e-55  184.9   0.0     2   170   539   724   538   731 0.94 -
Q03351               -            864 PK_Tyr_Ser-Thr       PF07714.23   258   1.4e-92  308.2   0.5   2   2   5.3e-36   1.8e-35  121.0   0.6   162   257   753   848   748   849 0.96 -
Q00342               -           1000 PK_Tyr_Ser-Thr       PF07714.23   258   2.6e-92  307.3   0.0   1   1   1.2e-92   4.2e-92  306.6   0.0     1   257   611   945   611   946 0.98 -
F1N9Y5               -            613 PK_Tyr_Ser-Thr       PF07714.23   258   2.8e-92  307.2   0.2   1   1   1.2e-92     4e-92  306.7   0.2     6   255   354   601   349   604 0.95 -
Q62190               -           1378 PK_Tyr_Ser-Thr       PF07714.23   258   2.9e-92  307.2   0.0   1   1   1.2e-92   4.1e-92  306.7   0.0     1   255  1059  1315  1059  1318 0.97 -
P53356               -            757 PK_Tyr_Ser-Thr       PF07714.23   258   3.6e-92  306.9   0.0   1   1   1.5e-92   5.2e-92  306.3   0.0     1   257   484   739   484   740 0.98 -
Q04912               -           1400 PK_Tyr_Ser-Thr       PF07714.23   258   6.4e-92  306.0   0.0   1   1   2.5e-92   8.5e-92  305.6   0.0     3   255  1084  1338  1082  1341 0.97 -
Q62270               -            496 PK_Tyr_Ser-Thr       PF07714.23   258   1.3e-91  305.0   0.0   1   1   4.7e-92   1.6e-91  304.7   0.0     3   258   236   484   234   484 0.97 -
Q06807               -           1125 PK_Tyr_Ser-Thr       PF07714.23   258   1.6e-91  304.8   0.0   1   1   6.8e-92   2.3e-91  304.2   0.0     1   257   825  1092   825  1093 0.98 -
Q12866               -            999 PK_Tyr_Ser-Thr       PF07714.23   258   1.6e-91  304.7   0.0   1   1   6.6e-92   2.2e-91  304.3   0.0     3   257   589   853   587   854 0.95 -
P00544               -            545 PK_Tyr_Ser-Thr       PF07714.23   258   2.7e-91  304.0   0.0   1   1   1.2e-91     4e-91  303.4   0.0     1   258   286   535   286   535 0.98 -
P30530               -            894 PK_Tyr_Ser-Thr       PF07714.23   258   3.1e-91  303.8   0.0   1   1   1.2e-91     4e-91  303.4   0.0     2   258   537   803   536   803 0.95 -
Q86HG9               -           1024 PK_Tyr_Ser-Thr       PF07714.23   258   4.5e-91  303.2   5.3   1   3   2.5e-61   8.3e-61  204.1   0.0     3   257   362   605   360   606 0.93 -
Q86HG9               -           1024 PK_Tyr_Ser-Thr       PF07714.23   258   4.5e-91  303.2   5.3   2   3   4.3e-12   1.5e-11   42.7   0.1    28   137   713   821   695   830 0.85 -
Q86HG9               -           1024 PK_Tyr_Ser-Thr       PF07714.23   258   4.5e-91  303.2   5.3   3   3   3.1e-16     1e-15   56.3   0.0   138   258   888  1016   877  1016 0.83 -
Q9YI66               -            874 PK_Tyr_Ser-Thr       PF07714.23   258   6.2e-91  302.8   0.0   1   1   2.4e-91   8.1e-91  302.4   0.0     1   258   497   765   497   765 0.94 -
O18735               -           1259 PK_Tyr_Ser-Thr       PF07714.23   258   9.9e-91  302.1   0.0   1   1   4.3e-91   1.5e-90  301.6   0.0     3   257   721   974   719   975 0.98 -
P0DV84               -           1631 PK_Tyr_Ser-Thr       PF07714.23   258     1e-90  302.1   0.0   1   1     4e-91   1.4e-90  301.7   0.0     1   257  1131  1397  1131  1398 0.97 -
Q06418               -            890 PK_Tyr_Ser-Thr       PF07714.23   258   1.2e-90  301.9   0.0   1   1   4.6e-91   1.5e-90  301.5   0.0     2   258   519   786   518   786 0.95 -
P35590               -           1138 PK_Tyr_Ser-Thr       PF07714.23   258   1.7e-90  301.3   0.0   1   1   6.7e-91   2.3e-90  300.9   0.0     1   257   839  1106   839  1107 0.98 -
F8W3R9               -           1705 PK_Tyr_Ser-Thr       PF07714.23   258   3.5e-90  300.3   0.0   1   1   1.6e-90   5.4e-90  299.7   0.0     2   257  1114  1379  1113  1380 0.97 -
Q13882               -            451 PK_Tyr_Ser-Thr       PF07714.23   258   4.1e-90  300.1   0.0   1   1   1.5e-90   5.2e-90  299.8   0.0     2   258   192   441   191   441 0.95 -
O54967               -           1055 PK_Tyr_Ser-Thr       PF07714.23   258   4.8e-90  299.9   0.0   1   1     2e-90   6.7e-90  299.4   0.0     2   257   127   384   126   385 0.96 -
F1QVU0               -           1530 PK_Tyr_Ser-Thr       PF07714.23   258   7.1e-90  299.3   0.0   1   1   3.1e-90   1.1e-89  298.7   0.0     1   257   935  1201   935  1202 0.98 -
P32577               -            450 PK_Tyr_Ser-Thr       PF07714.23   258   1.1e-89  298.7   0.0   1   1   4.1e-90   1.4e-89  298.4   0.0     1   258   195   440   195   440 0.95 -
P08923               -            888 PK_Tyr_Ser-Thr       PF07714.23   258   1.3e-89  298.5   0.0   1   1   4.8e-90   1.6e-89  298.2   0.0     2   257   507   772   506   773 0.98 -
A0JM20               -            881 PK_Tyr_Ser-Thr       PF07714.23   258   1.8e-89  298.0   0.0   1   1   7.5e-90   2.5e-89  297.5   0.0     2   258   504   771   503   771 0.95 -
Q9V6K3               -            724 PK_Tyr_Ser-Thr       PF07714.23   258   3.2e-89  297.2   0.0   1   1   1.3e-89   4.3e-89  296.8   0.0     3   257   443   710   441   711 0.98 -
Q9Z138               -            944 PK_Tyr_Ser-Thr       PF07714.23   258     4e-89  296.9   0.0   1   1   1.6e-89   5.5e-89  296.4   0.0     2   258   474   746   473   746 0.99 -
P42679               -            507 PK_Tyr_Ser-Thr       PF07714.23   258   1.3e-88  295.2   0.0   1   1   5.1e-89   1.7e-88  294.8   0.0     2   258   236   478   235   478 0.96 -
Q75JK0               -            781 PK_Tyr_Ser-Thr       PF07714.23   258   2.7e-88  294.2   1.0   1   3   7.5e-23   2.6e-22   77.9   0.5     6   156    14   161    10   176 0.88 -
Q75JK0               -            781 PK_Tyr_Ser-Thr       PF07714.23   258   2.7e-88  294.2   1.0   2   3   1.9e-07   6.5e-07   27.4   0.0   146   254   217   311   206   315 0.73 -
Q75JK0               -            781 PK_Tyr_Ser-Thr       PF07714.23   258   2.7e-88  294.2   1.0   3   3   1.9e-54   6.3e-54  181.5   0.0     8   258   386   649   381   649 0.87 -
P24348               -           1323 PK_Tyr_Ser-Thr       PF07714.23   258   1.1e-87  292.2   0.0   1   1   5.6e-88   1.9e-87  291.4   0.0     2   257   886  1140   885  1141 0.97 -
G5ECJ6               -            539 PK_Tyr_Ser-Thr       PF07714.23   258     3e-87  290.7   0.0   1   1   1.1e-87   3.8e-87  290.4   0.0     2   258   284   532   283   532 0.97 -
G5EGK5               -            928 PK_Tyr_Ser-Thr       PF07714.23   258   3.3e-87  290.6   0.0   1   1   1.6e-87   5.3e-87  289.9   0.0     2   258   591   857   590   857 0.97 -
O73791               -           1116 PK_Tyr_Ser-Thr       PF07714.23   258     4e-87  290.3   0.0   1   1   1.6e-87   5.5e-87  289.8   0.0     1   256   816  1082   816  1084 0.98 -
Q19238               -            867 PK_Tyr_Ser-Thr       PF07714.23   258   4.9e-87  290.0   0.0   1   1   2.2e-87   7.5e-87  289.4   0.0     4   256   470   753   467   755 0.97 -
Q24145               -            939 PK_Tyr_Ser-Thr       PF07714.23   258   8.6e-87  289.2   0.0   1   1     4e-87   1.3e-86  288.6   0.0     2   257   663   920   662   921 0.95 -
Q16832               -            855 PK_Tyr_Ser-Thr       PF07714.23   258   1.8e-86  288.1   0.0   1   1   7.3e-87   2.5e-86  287.7   0.0     1   255   563   846   563   849 0.94 -
P34892               -            495 PK_Tyr_Ser-Thr       PF07714.23   258     3e-86  287.4   0.0   1   1   1.2e-86   3.9e-86  287.1   0.0     2   257   141   453   140   454 0.97 -
Q9VZI2               -           1073 PK_Tyr_Ser-Thr       PF07714.23   258   4.5e-86  286.9   0.0   1   1   2.7e-86   9.3e-86  285.8   0.0     2   258   124   383   123   383 0.97 -
Q10925               -           1237 PK_Tyr_Ser-Thr       PF07714.23   258   1.2e-85  285.5   0.0   1   1   5.3e-86   1.8e-85  284.9   0.0     1   258   107   363   107   363 0.95 -
Q21038               -           1227 PK_Tyr_Ser-Thr       PF07714.23   258   1.4e-85  285.2   0.0   1   1   7.9e-86   2.7e-85  284.3   0.0     2   256   848  1161   847  1163 0.96 -
Q95YD4               -            867 PK_Tyr_Ser-Thr       PF07714.23   258   1.7e-85  285.0   0.0   1   1   7.5e-86   2.5e-85  284.4   0.0     1   256   367   621   367   623 0.97 -
Q08345               -            913 PK_Tyr_Ser-Thr       PF07714.23   258     2e-85  284.7   0.0   1   1   7.6e-86   2.6e-85  284.4   0.0     1   258   610   905   610   905 0.95 -
Q22146               -            390 PK_Tyr_Ser-Thr       PF07714.23   258   3.3e-85  284.0   0.4   1   1   1.2e-85   4.1e-85  283.7   0.4     3   258   133   382   131   382 0.97 -
Q13308               -           1070 PK_Tyr_Ser-Thr       PF07714.23   258   4.1e-85  283.7   0.0   1   1   1.7e-85   5.7e-85  283.2   0.0     4   258   799  1061   796  1061 0.95 -
P34925               -            607 PK_Tyr_Ser-Thr       PF07714.23   258   4.4e-85  283.6   0.0   1   1   1.8e-85     6e-85  283.2   0.0     1   258   330   596   330   596 0.98 -
Q9I7F7               -           1337 PK_Tyr_Ser-Thr       PF07714.23   258   5.2e-85  283.4   0.0   1   1   2.4e-85   8.1e-85  282.7   0.0     2   258   134   396   133   396 0.95 -
G5EBZ8               -           1043 PK_Tyr_Ser-Thr       PF07714.23   258   2.1e-84  281.4   0.0   1   1   1.1e-84   3.7e-84  280.6   0.0     1   257   113   375   113   376 0.96 -
Q21041               -           1216 PK_Tyr_Ser-Thr       PF07714.23   258   4.1e-84  280.4   0.0   1   1   1.7e-84   5.9e-84  279.9   0.0     1   256   870  1173   870  1175 0.95 -
P42687               -            497 PK_Tyr_Ser-Thr       PF07714.23   258   2.6e-83  277.8   0.1   1   1     1e-83   3.5e-83  277.4   0.1     1   257   220   478   220   479 0.94 -
P18475               -            923 PK_Tyr_Ser-Thr       PF07714.23   258   2.9e-83  277.7   0.0   1   1   5.6e-83   1.9e-82  275.0   0.0     3   258   477   873   475   873 0.98 -
P21860               -           1342 PK_Tyr_Ser-Thr       PF07714.23   258     1e-82  275.9   0.0   1   1   4.2e-83   1.4e-82  275.4   0.0     3   257   711   964   709   965 0.98 -
P34891               -            488 PK_Tyr_Ser-Thr       PF07714.23   258   1.7e-81  271.9   0.0   1   1   7.1e-82   2.4e-81  271.4   0.0     4   257   147   451   144   452 0.95 -
Q17833               -            502 PK_Tyr_Ser-Thr       PF07714.23   258   2.2e-81  271.5   0.0   1   1   8.2e-82   2.8e-81  271.2   0.0     3   257   177   460   175   461 0.95 -
O61460               -           1122 PK_Tyr_Ser-Thr       PF07714.23   258   3.5e-81  270.8   0.0   1   1   2.3e-81   7.7e-81  269.7   0.0     4   256   695   982   692   984 0.94 -
Q95ZV7               -            797 PK_Tyr_Ser-Thr       PF07714.23   258   8.9e-79  263.0   0.0   1   1   3.5e-79   1.2e-78  262.5   0.0     4   257   530   784   527   785 0.92 -
Q21734               -            784 PK_Tyr_Ser-Thr       PF07714.23   258   1.6e-78  262.1   0.0   1   2   2.9e-41   9.8e-41  138.3   0.0     2   248   105   346   104   349 0.91 -
Q21734               -            784 PK_Tyr_Ser-Thr       PF07714.23   258   1.6e-78  262.1   0.0   2   2   2.9e-36     1e-35  121.9   0.1     2   254   455   706   454   709 0.86 -
H2KZU7               -           1086 PK_Tyr_Ser-Thr       PF07714.23   258   2.4e-78  261.5   0.0   1   1   1.1e-78   3.8e-78  260.9   0.0     5   256   739   991   735   993 0.92 -
Q552C6               -            635 PK_Tyr_Ser-Thr       PF07714.23   258   3.9e-76  254.3   1.0   1   2     5e-23   1.7e-22   78.5   0.8    14   254    23   243    11   247 0.77 -
Q552C6               -            635 PK_Tyr_Ser-Thr       PF07714.23   258   3.9e-76  254.3   1.0   2   2   6.3e-51   2.1e-50  169.9   0.0     8   258   306   577   300   577 0.87 -
O76411               -           1421 PK_Tyr_Ser-Thr       PF07714.23   258     4e-75  251.0   0.0   1   1   1.8e-75   6.2e-75  250.4   0.0     2   256   977  1239   976  1241 0.96 -
F4JTP5               -            575 PK_Tyr_Ser-Thr       PF07714.23   258   6.4e-75  250.3   0.0   1   1   2.5e-75   8.5e-75  249.9   0.0     1   258   290   539   290   539 0.94 -
Q7TPS0               -            764 PK_Tyr_Ser-Thr       PF07714.23   258   1.2e-74  249.4   0.0   1   2   4.9e-41   1.7e-40  137.5   0.0     3   249    95   336    93   343 0.92 -
Q7TPS0               -            764 PK_Tyr_Ser-Thr       PF07714.23   258   1.2e-74  249.4   0.0   2   2   1.4e-32   4.6e-32  109.9   0.0     2   255   447   698   446   700 0.83 -
Q13470               -            666 PK_Tyr_Ser-Thr       PF07714.23   258   5.7e-74  247.2   0.0   1   1   2.2e-74   7.3e-74  246.9   0.0     4   255   119   374   116   377 0.96 -
Q27324               -            610 PK_Tyr_Ser-Thr       PF07714.23   258   3.3e-73  244.7   0.0   1   1   1.3e-73   4.4e-73  244.3   0.0     4   256   346   597   343   599 0.94 -
Q05609               -            821 PK_Tyr_Ser-Thr       PF07714.23   258   1.1e-70  236.5   0.0   1   1   4.8e-71   1.6e-70  235.9   0.0     1   257   551   804   551   805 0.95 -
Q9V422               -            584 PK_Tyr_Ser-Thr       PF07714.23   258   1.2e-70  236.3   0.0   1   1   5.1e-71   1.7e-70  235.8   0.0     2   258   318   573   317   573 0.94 -
O48837               -            851 PK_Tyr_Ser-Thr       PF07714.23   258   3.5e-70  234.8   0.0   1   2   5.5e-36   1.9e-35  121.0   0.0     7   205   123   358   118   416 0.76 -
O48837               -            851 PK_Tyr_Ser-Thr       PF07714.23   258   3.5e-70  234.8   0.0   2   2   1.6e-31   5.6e-31  106.3   0.0     6   234   537   771   533   812 0.77 -
P18161               -           1155 PK_Tyr_Ser-Thr       PF07714.23   258   1.5e-69  232.7   0.0   1   1   7.9e-70   2.7e-69  231.9   0.0     1   258   853  1109   853  1109 0.97 -
Q55GU0               -            916 PK_Tyr_Ser-Thr       PF07714.23   258   4.1e-69  231.3   0.0   1   1   1.2e-69   4.1e-69  231.3   0.0     1   257   662   911   662   912 0.93 -
Q9C9U5               -           1030 PK_Tyr_Ser-Thr       PF07714.23   258   4.5e-69  231.1   0.0   1   1   1.9e-69   6.5e-69  230.6   0.0     1   258   748  1000   748  1000 0.97 -
O15197               -           1021 PK_Tyr_Ser-Thr       PF07714.23   258   6.8e-69  230.6   0.0   1   1   3.4e-69   1.1e-68  229.8   0.0     1   257   670   914   670   915 0.97 -
P42159               -            605 PK_Tyr_Ser-Thr       PF07714.23   258   1.5e-68  229.5   0.0   1   1   6.6e-69   2.2e-68  228.9   0.0     4   220   349   589   346   600 0.95 -
Q9ZQ31               -            411 PK_Tyr_Ser-Thr       PF07714.23   258   1.5e-68  229.4   0.0   1   1   5.6e-69   1.9e-68  229.1   0.0     6   257   135   383   130   384 0.89 -
Q54Y55               -            506 PK_Tyr_Ser-Thr       PF07714.23   258   7.9e-68  227.1   0.0   1   1     3e-68     1e-67  226.7   0.0     1   258    24   279    24   279 0.95 -
Q2MHE4               -            390 PK_Tyr_Ser-Thr       PF07714.23   258   1.3e-67  226.4   0.0   1   1   5.3e-68   1.8e-67  225.9   0.0     4   257    89   339    86   340 0.91 -
Q5F3L1               -            789 PK_Tyr_Ser-Thr       PF07714.23   258   1.7e-67  226.0   0.1   1   2     4e-32   1.4e-31  108.3   0.0     2   248    40   291    39   294 0.84 -
Q5F3L1               -            789 PK_Tyr_Ser-Thr       PF07714.23   258   1.7e-67  226.0   0.1   2   2   2.6e-34   8.7e-34  115.5   0.1     4   255   419   672   417   674 0.86 -
Q54TA1               -            749 PK_Tyr_Ser-Thr       PF07714.23   258   4.3e-67  224.7   0.0   1   1   2.3e-67   7.7e-67  223.8   0.0     2   258   492   746   491   746 0.92 -
Q18846               -            772 PK_Tyr_Ser-Thr       PF07714.23   258   5.8e-67  224.2   0.0   1   2   9.3e-33   3.2e-32  110.4   0.0     3   250    19   271    17   278 0.85 -
Q18846               -            772 PK_Tyr_Ser-Thr       PF07714.23   258   5.8e-67  224.2   0.0   2   2   3.3e-33   1.1e-32  111.9   0.0     7   257   388   650   384   651 0.83 -
B4MR28               -           1059 PK_Tyr_Ser-Thr       PF07714.23   258   1.6e-66  222.8   0.4   1   2       4.2        14    3.4   0.0     6    22   717   733   712   756 0.77 -
B4MR28               -           1059 PK_Tyr_Ser-Thr       PF07714.23   258   1.6e-66  222.8   0.4   2   2   2.1e-65   7.2e-65  217.4   0.2    22   256   798  1049   787  1051 0.94 -
Q9XI87               -            438 PK_Tyr_Ser-Thr       PF07714.23   258   5.1e-66  221.1   0.0   1   1   1.9e-66   6.4e-66  220.8   0.0     5   258   166   420   162   420 0.92 -
Q54TM7               -           1288 PK_Tyr_Ser-Thr       PF07714.23   258   1.2e-65  219.9   0.0   1   1   3.5e-66   1.2e-65  219.9   0.0     2   255   852  1097   851  1100 0.95 -
P18160               -           2410 PK_Tyr_Ser-Thr       PF07714.23   258   1.2e-65  219.9   0.0   1   1   3.6e-66   1.2e-65  219.9   0.0     1   257  2115  2384  2115  2385 0.92 -
Q95UN8               -           1161 PK_Tyr_Ser-Thr       PF07714.23   258   1.5e-65  219.6   0.1   1   1   1.4e-65   4.6e-65  218.0   0.0     2   258   143   399   142   399 0.92 -
Q5TCX8               -           1036 PK_Tyr_Ser-Thr       PF07714.23   258   5.2e-65  217.9   0.0   1   1   2.2e-65   7.5e-65  217.3   0.0     1   258   124   398   124   398 0.93 -
A7MBB4               -            966 PK_Tyr_Ser-Thr       PF07714.23   258   6.1e-65  217.6   0.0   1   1     3e-65     1e-64  216.9   0.0     5   256   172   405   168   407 0.94 -
Q55A09               -           1331 PK_Tyr_Ser-Thr       PF07714.23   258   7.3e-65  217.4   0.0   1   1   3.2e-65   1.1e-64  216.8   0.0     1   258  1073  1327  1073  1327 0.93 -
Q7T2V3               -           1005 PK_Tyr_Ser-Thr       PF07714.23   258   1.9e-64  216.0   0.0   1   1   8.9e-65     3e-64  215.3   0.0     2   258   119   377   118   377 0.93 -
Q66HA1               -            850 PK_Tyr_Ser-Thr       PF07714.23   258   2.7e-64  215.5   0.0   1   1     1e-64   3.4e-64  215.2   0.0     2   258   119   377   118   377 0.92 -
P80192               -           1104 PK_Tyr_Ser-Thr       PF07714.23   258   3.3e-64  215.2   0.0   1   1   1.3e-64   4.4e-64  214.8   0.0     1   258   144   403   144   403 0.92 -
Q54H46               -            642 PK_Tyr_Ser-Thr       PF07714.23   258   3.4e-64  215.2   0.0   1   1   1.6e-64   5.4e-64  214.5   0.0     2   258   375   624   374   624 0.93 -
Q54H45               -            690 PK_Tyr_Ser-Thr       PF07714.23   258   3.8e-64  215.0   0.0   1   1   1.5e-64   4.9e-64  214.6   0.0     2   257   392   640   391   641 0.93 -
Q9FPR3               -            933 PK_Tyr_Ser-Thr       PF07714.23   258     1e-63  213.6   0.0   1   1   5.1e-64   1.7e-63  212.9   0.0     3   258   671   921   669   921 0.95 -
P15056               -            766 PK_Tyr_Ser-Thr       PF07714.23   258   1.1e-63  213.5   0.0   1   1   4.8e-64   1.6e-63  212.9   0.0     1   256   457   712   457   714 0.92 -
P34908               -            807 PK_Tyr_Ser-Thr       PF07714.23   258   1.3e-63  213.3   0.0   1   1   5.3e-64   1.8e-63  212.8   0.0     1   256   497   752   497   754 0.92 -
A7E3S4               -            648 PK_Tyr_Ser-Thr       PF07714.23   258   1.5e-63  213.0   0.0   1   1   5.8e-64     2e-63  212.7   0.0     3   257   351   605   349   606 0.92 -
Q54XQ2               -           1125 PK_Tyr_Ser-Thr       PF07714.23   258   6.6e-63  211.0   0.3   1   1     4e-63   1.4e-62  209.9   0.0     2   257   843  1088   842  1089 0.95 -
Q54RB7               -            527 PK_Tyr_Ser-Thr       PF07714.23   258   8.6e-63  210.6   0.0   1   1   3.8e-63   1.3e-62  210.0   0.0     2   258    46   300    45   300 0.92 -
Q54RZ7               -           1634 PK_Tyr_Ser-Thr       PF07714.23   258     1e-62  210.3   0.0   1   1   1.2e-62     4e-62  208.4   0.0     2   258  1378  1629  1377  1629 0.93 -
Q9ESL4               -            802 PK_Tyr_Ser-Thr       PF07714.23   258   1.4e-62  209.9   0.0   1   1   6.6e-63   2.2e-62  209.2   0.0     2   257    17   259    16   260 0.94 -
Q9SSA4               -            411 PK_Tyr_Ser-Thr       PF07714.23   258   1.6e-62  209.7   0.0   1   1   1.4e-62   4.6e-62  208.2   0.0     3   258   110   382   108   382 0.90 -
Q60700               -            888 PK_Tyr_Ser-Thr       PF07714.23   258   2.1e-62  209.3   0.0   1   1   9.4e-63   3.2e-62  208.7   0.0     7   257   164   396   160   397 0.94 -
Q96Q04               -           1460 PK_Tyr_Ser-Thr       PF07714.23   258   2.3e-62  209.1   0.0   1   1   9.2e-63   3.1e-62  208.7   0.0     3   257   135   407   133   408 0.93 -
Q6ZMQ8               -           1374 PK_Tyr_Ser-Thr       PF07714.23   258   6.3e-62  207.7   0.0   1   1   2.4e-62   8.1e-62  207.4   0.0     4   255   128   392   125   395 0.92 -
Q9SAJ2               -           1248 PK_Tyr_Ser-Thr       PF07714.23   258   6.9e-62  207.6   0.0   1   1   2.9e-62     1e-61  207.1   0.0     3   257   966  1226   964  1227 0.90 -
Q8C050               -            863 PK_Tyr_Ser-Thr       PF07714.23   258   1.2e-61  206.8   0.1   1   3     7e-33   2.4e-32  110.8   0.0     2   248    49   300    48   304 0.85 -
Q8C050               -            863 PK_Tyr_Ser-Thr       PF07714.23   258   1.2e-61  206.8   0.1   2   3    0.0022    0.0076   14.1   0.1     4    71   428   488   426   496 0.85 -
Q8C050               -            863 PK_Tyr_Ser-Thr       PF07714.23   258   1.2e-61  206.8   0.1   3   3     7e-23   2.4e-22   78.0   0.0    63   254   544   745   540   748 0.82 -
Q54U31               -            744 PK_Tyr_Ser-Thr       PF07714.23   258   2.5e-61  205.8   0.0   1   1   1.1e-61   3.8e-61  205.2   0.0     5   256   281   528   277   530 0.92 -
A0A2R6XIK6           -           1680 PK_Tyr_Ser-Thr       PF07714.23   258   5.5e-61  204.6   0.0   1   1   2.3e-61   7.8e-61  204.2   0.0     3   258  1391  1652  1389  1652 0.91 -
H2KZW3               -            745 PK_Tyr_Ser-Thr       PF07714.23   258   7.3e-61  204.2   0.0   1   1   3.6e-61   1.2e-60  203.5   0.0     1   258    31   288    31   288 0.91 -
O64768               -           1257 PK_Tyr_Ser-Thr       PF07714.23   258   1.1e-60  203.7   0.0   1   1   4.7e-61   1.6e-60  203.1   0.0     3   258   976  1236   974  1236 0.90 -
O43318               -            606 PK_Tyr_Ser-Thr       PF07714.23   258     4e-60  201.8   0.0   1   1     2e-60   6.6e-60  201.1   0.0     1   257    36   283    36   284 0.92 -
Q54XZ5               -           1248 PK_Tyr_Ser-Thr       PF07714.23   258   4.8e-60  201.6   0.1   1   2   2.9e-32   9.7e-32  108.8   0.0     2   155   947  1097   946  1115 0.89 -
Q54XZ5               -           1248 PK_Tyr_Ser-Thr       PF07714.23   258   4.8e-60  201.6   0.1   2   2   1.1e-26   3.6e-26   90.6   0.0   157   258  1135  1235  1124  1235 0.89 -
O01700               -            928 PK_Tyr_Ser-Thr       PF07714.23   258   5.2e-60  201.5   0.6   1   1   2.4e-60   8.2e-60  200.8   0.6     5   256   139   373   135   375 0.92 -
Q696W0               -           2995 PK_Tyr_Ser-Thr       PF07714.23   258   5.4e-60  201.4   0.0   1   2   4.7e-28   1.6e-27   95.0   0.0     3   219  1257  1462  1255  1477 0.87 -
Q696W0               -           2995 PK_Tyr_Ser-Thr       PF07714.23   258   5.4e-60  201.4   0.0   2   2   9.7e-31   3.3e-30  103.8   0.0     9   256  2690  2930  2683  2931 0.89 -
Q55EI8               -           1385 PK_Tyr_Ser-Thr       PF07714.23   258   8.4e-60  200.8   0.0   1   1   3.8e-60   1.3e-59  200.2   0.0     1   257   758  1004   758  1005 0.95 -
Q54R58               -            918 PK_Tyr_Ser-Thr       PF07714.23   258     1e-59  200.5   0.0   1   1   5.5e-60   1.8e-59  199.7   0.0     1   258   177   436   177   436 0.87 -
P11346               -            739 PK_Tyr_Ser-Thr       PF07714.23   258   1.7e-59  199.7   0.1   1   1   1.3e-59   4.6e-59  198.4   0.0     5   257   433   685   429   686 0.90 -
Q6J9G1               -            429 PK_Tyr_Ser-Thr       PF07714.23   258   1.9e-59  199.6   0.0   1   1     7e-60   2.4e-59  199.3   0.0     2   258   120   387   119   387 0.98 -
Q55GE6               -           2615 PK_Tyr_Ser-Thr       PF07714.23   258     5e-59  198.2   0.0   1   1   2.6e-59   8.6e-59  197.5   0.0     2   258  1776  2035  1775  2035 0.88 -
Q59H18               -            835 PK_Tyr_Ser-Thr       PF07714.23   258   5.3e-59  198.1   0.0   1   1   4.8e-59   1.6e-58  196.5   0.0     1   258   463   719   463   719 0.91 -
Q54IP4               -            653 PK_Tyr_Ser-Thr       PF07714.23   258   6.2e-59  197.9   0.0   1   1     3e-59     1e-58  197.2   0.0     4   256   177   428   174   430 0.90 -
Q54G43               -            710 PK_Tyr_Ser-Thr       PF07714.23   258     1e-58  197.2   0.0   1   1   3.1e-59     1e-58  197.2   0.0     5   257   241   490   238   491 0.92 -
G5EGT9               -            583 PK_Tyr_Ser-Thr       PF07714.23   258   2.5e-58  195.9   0.0   1   1   1.2e-58     4e-58  195.3   0.0     9   256   289   570   288   572 0.93 -
Q9V3Q6               -            678 PK_Tyr_Ser-Thr       PF07714.23   258   3.3e-58  195.6   0.0   1   1   1.4e-58   4.8e-58  195.0   0.0     1   255    19   264    19   267 0.92 -
Q54PX0               -            496 PK_Tyr_Ser-Thr       PF07714.23   258     4e-58  195.3   0.0   1   1     2e-58   6.9e-58  194.5   0.0     2   256    37   284    36   285 0.95 -
Q93Z30               -            459 PK_Tyr_Ser-Thr       PF07714.23   258   7.8e-58  194.3   0.0   1   1   3.2e-58   1.1e-57  193.8   0.0    14   258   165   413   157   413 0.91 -
Q54L00               -            650 PK_Tyr_Ser-Thr       PF07714.23   258   9.3e-58  194.1   0.0   1   1   4.1e-58   1.4e-57  193.5   0.0     3   258   388   636   386   636 0.95 -
Q5VST9               -           7968 PK_Tyr_Ser-Thr       PF07714.23   258   4.8e-57  191.7   0.0   1   2   1.6e-30   5.3e-30  103.1   0.0     2   255  6469  6716  6468  6718 0.87 -
Q5VST9               -           7968 PK_Tyr_Ser-Thr       PF07714.23   258   4.8e-57  191.7   0.0   2   2   3.5e-25   1.2e-24   85.6   0.0     3   212  7674  7874  7672  7918 0.90 -
Q55EC7               -            960 PK_Tyr_Ser-Thr       PF07714.23   258   5.2e-57  191.6   0.0   1   1   2.4e-57   8.1e-57  191.0   0.0     1   258    21   272    21   272 0.91 -
P0CD62               -            966 PK_Tyr_Ser-Thr       PF07714.23   258   1.2e-56  190.4   0.0   1   1   4.9e-57   1.7e-56  190.0   0.0     3   258   704   952   702   952 0.95 -
A0A0K3AV08           -           1059 PK_Tyr_Ser-Thr       PF07714.23   258   1.9e-56  189.8   0.0   1   1   9.4e-57   3.2e-56  189.0   0.0     7   255   156   447   152   450 0.84 -
Q23915               -           1094 PK_Tyr_Ser-Thr       PF07714.23   258   4.4e-56  188.6   0.0   1   1   4.4e-56   1.5e-55  186.9   0.0     2   258    23   274    22   274 0.87 -
P83104               -            393 PK_Tyr_Ser-Thr       PF07714.23   258   4.7e-56  188.5   0.2   1   1   1.9e-56   6.3e-56  188.1   0.2     5   258    15   266    11   266 0.89 -
A2AAJ9               -           8886 PK_Tyr_Ser-Thr       PF07714.23   258   4.9e-56  188.4   0.0   1   2   3.8e-29   1.3e-28   98.6   0.0     3   255  7418  7664  7416  7666 0.87 -
A2AAJ9               -           8886 PK_Tyr_Ser-Thr       PF07714.23   258   4.9e-56  188.4   0.0   2   2   8.4e-26   2.8e-25   87.6   0.0     3   219  8592  8799  8590  8838 0.89 -
Q8IWU2               -           1503 PK_Tyr_Ser-Thr       PF07714.23   258   6.5e-56  188.0   0.0   1   1   2.7e-56     9e-56  187.6   0.0     2   257   138   406   137   407 0.91 -
Q8IR79               -           1257 PK_Tyr_Ser-Thr       PF07714.23   258   8.7e-56  187.6   0.4   1   2   4.9e-41   1.6e-40  137.5   0.0     2   152   402   547   401   558 0.93 -
Q8IR79               -           1257 PK_Tyr_Ser-Thr       PF07714.23   258   8.7e-56  187.6   0.4   2   2   1.3e-13   4.4e-13   47.7   0.1   157   255   585   683   570   686 0.88 -
Q54QQ1               -           1387 PK_Tyr_Ser-Thr       PF07714.23   258   1.7e-55  186.6   0.0   1   1   5.1e-56   1.7e-55  186.6   0.0     2   257   808  1068   807  1069 0.90 -
Q9Y6E0               -            443 PK_Tyr_Ser-Thr       PF07714.23   258   2.8e-55  186.0   0.0   1   1   1.1e-55   3.7e-55  185.6   0.0     3   256    38   282    36   284 0.97 -
Q86AT8               -            638 PK_Tyr_Ser-Thr       PF07714.23   258     3e-55  185.8   0.0   1   1     2e-55   6.8e-55  184.7   0.0     2   258   352   612   351   612 0.91 -
Q8QFP8               -            662 PK_Tyr_Ser-Thr       PF07714.23   258   3.2e-55  185.8   0.0   1   1   1.4e-55   4.8e-55  185.2   0.0     4   256   349   609   346   611 0.87 -
Q54RR9               -           1761 PK_Tyr_Ser-Thr       PF07714.23   258   1.4e-54  183.6   0.0   1   1   4.3e-55   1.4e-54  183.6   0.0     3   255  1478  1733  1476  1736 0.91 -
Q6XHB2               -           1726 PK_Tyr_Ser-Thr       PF07714.23   258   1.5e-54  183.5   0.0   1   1     8e-55   2.7e-54  182.7   0.0     1   258  1026  1289  1026  1289 0.91 -
Q54TH6               -            597 PK_Tyr_Ser-Thr       PF07714.23   258   2.3e-54  183.0   1.3   1   1   7.3e-55   2.5e-54  182.8   0.0     4   256   337   579   335   581 0.92 -
Q54N73               -            691 PK_Tyr_Ser-Thr       PF07714.23   258   2.3e-54  182.9   0.0   1   1   8.9e-55     3e-54  182.6   0.0     2   257   364   622   363   623 0.87 -
Q5APR8               -            976 PK_Tyr_Ser-Thr       PF07714.23   258   2.7e-54  182.7   0.2   1   1   1.4e-54   4.8e-54  181.9   0.2     3   256   687   936   685   937 0.93 -
Q9V3I5               -           1207 PK_Tyr_Ser-Thr       PF07714.23   258   3.5e-54  182.3   0.0   1   2   1.5e-30   4.9e-30  103.2   0.0     2   248   262   513   261   517 0.85 -
Q9V3I5               -           1207 PK_Tyr_Ser-Thr       PF07714.23   258   3.5e-54  182.3   0.0   2   2   1.6e-22   5.3e-22   76.9   0.0    55   255   672   881   657   883 0.84 -
Q1RMT8               -            461 PK_Tyr_Ser-Thr       PF07714.23   258   7.9e-54  181.2   0.0   1   1   3.7e-54   1.2e-53  180.5   0.0     5   257   191   454   188   455 0.91 -
Q07292               -            813 PK_Tyr_Ser-Thr       PF07714.23   258   1.1e-53  180.7   0.0   1   1   4.3e-54   1.5e-53  180.3   0.0     4   258   484   743   481   743 0.87 -
Q3TYD6               -           1471 PK_Tyr_Ser-Thr       PF07714.23   258   1.1e-53  180.7   0.0   1   1   5.5e-54   1.9e-53  180.0   0.0     2   257   137   405   136   406 0.90 -
Q9JI10               -            497 PK_Tyr_Ser-Thr       PF07714.23   258   1.2e-53  180.6   0.0   1   1   7.7e-54   2.6e-53  179.5   0.0     3   256    29   274    27   275 0.94 -
Q54XY6               -            908 PK_Tyr_Ser-Thr       PF07714.23   258   1.2e-53  180.6   0.0   1   1   5.6e-54   1.9e-53  179.9   0.0     2   256   531   803   530   805 0.90 -
Q54RV3               -           1179 PK_Tyr_Ser-Thr       PF07714.23   258   1.4e-53  180.4   0.0   1   1   6.8e-54   2.3e-53  179.7   0.0     5   255   143   385   139   387 0.93 -
Q9NB31               -            497 PK_Tyr_Ser-Thr       PF07714.23   258   1.5e-53  180.3   0.0   1   1     6e-54     2e-53  179.8   0.0     4   255    38   281    35   284 0.94 -
Q55E58               -           3184 PK_Tyr_Ser-Thr       PF07714.23   258   2.1e-53  179.8   0.0   1   1   1.2e-53     4e-53  178.9   0.0     2   258  2248  2511  2247  2511 0.87 -
Q86IX1               -            737 PK_Tyr_Ser-Thr       PF07714.23   258   4.4e-53  178.8   0.0   1   1   2.1e-53     7e-53  178.1   0.0     2   256    30   277    29   278 0.94 -
Q54XJ4               -           1495 PK_Tyr_Ser-Thr       PF07714.23   258     6e-53  178.3   0.0   1   1   3.8e-53   1.3e-52  177.2   0.0     5   256    26   275    23   276 0.92 -
Q9ASQ5               -            510 PK_Tyr_Ser-Thr       PF07714.23   258   6.2e-53  178.3   0.0   1   1   2.3e-53   7.8e-53  177.9   0.0     5   258   229   497   225   497 0.95 -
Q13546               -            671 PK_Tyr_Ser-Thr       PF07714.23   258   8.1e-53  177.9   0.1   1   1   3.8e-53   1.3e-52  177.2   0.1     5   257    21   284    18   285 0.85 -
Q869X3               -            921 PK_Tyr_Ser-Thr       PF07714.23   258   8.1e-53  177.9   0.0   1   1   3.7e-53   1.3e-52  177.3   0.0     6   255    28   271    24   274 0.88 -
Q55CZ1               -           1637 PK_Tyr_Ser-Thr       PF07714.23   258   1.2e-52  177.4   0.0   1   1     5e-53   1.7e-52  176.8   0.0     3   257  1292  1541  1290  1542 0.91 -
O61125               -            461 PK_Tyr_Ser-Thr       PF07714.23   258   1.2e-52  177.3   0.0   1   1   4.9e-53   1.7e-52  176.9   0.0     2   256    21   269    20   270 0.94 -
Q54Y90               -           1090 PK_Tyr_Ser-Thr       PF07714.23   258   1.2e-52  177.3   0.0   1   1   5.9e-53     2e-52  176.6   0.0     1   258   192   443   192   443 0.91 -
Q55BA0               -            765 PK_Tyr_Ser-Thr       PF07714.23   258   1.5e-52  177.0   0.0   1   1   6.1e-53   2.1e-52  176.5   0.0     1   258    35   325    35   325 0.90 -
H2L099               -            653 PK_Tyr_Ser-Thr       PF07714.23   258   2.3e-52  176.4   0.0   1   1     1e-52   3.4e-52  175.8   0.0     2   256    35   281    34   283 0.95 -
Q6XHA5               -           1487 PK_Tyr_Ser-Thr       PF07714.23   258   2.4e-52  176.4   0.2   1   1   1.9e-52   6.4e-52  174.9   0.0     3   258  1187  1448  1185  1448 0.88 -
Q9S9M2               -            761 PK_Tyr_Ser-Thr       PF07714.23   258   3.3e-52  175.9   0.0   1   1   1.4e-52   4.7e-52  175.4   0.0     3   257   426   693   424   694 0.93 -
Q10056               -            589 PK_Tyr_Ser-Thr       PF07714.23   258   3.7e-52  175.7   0.0   1   1   1.7e-52   5.7e-52  175.1   0.0     2   255   310   561   309   564 0.92 -
Q552C1               -           1555 PK_Tyr_Ser-Thr       PF07714.23   258   3.9e-52  175.6   0.0   1   1   3.2e-51   1.1e-50  170.9   0.0    27   257  1054  1304  1044  1305 0.88 -
Q9FG33               -            652 PK_Tyr_Ser-Thr       PF07714.23   258   4.3e-52  175.5   0.0   1   1   2.3e-52   7.9e-52  174.6   0.0     4   257   333   605   330   606 0.87 -
O81832               -            783 PK_Tyr_Ser-Thr       PF07714.23   258   4.5e-52  175.4   0.0   1   1     2e-52   6.7e-52  174.9   0.0     3   255   467   734   465   737 0.89 -
O42565               -            615 PK_Tyr_Ser-Thr       PF07714.23   258   5.8e-52  175.1   0.0   1   1   2.3e-52   7.9e-52  174.6   0.0     4   255   317   569   314   572 0.88 -
Q86AE1               -            527 PK_Tyr_Ser-Thr       PF07714.23   258     7e-52  174.8   0.0   1   1   2.6e-52   8.8e-52  174.5   0.0     4   257    36   290    33   291 0.87 -
Q9LJD8               -           1368 PK_Tyr_Ser-Thr       PF07714.23   258   7.9e-52  174.6   0.0   1   1   3.9e-52   1.3e-51  173.9   0.0     3   256    22   270    20   271 0.92 -
Q54M77               -           1867 PK_Tyr_Ser-Thr       PF07714.23   258   8.5e-52  174.5   3.3   1   2     0.045      0.15    9.9   0.9     3    96  1458  1556  1456  1583 0.72 -
Q54M77               -           1867 PK_Tyr_Ser-Thr       PF07714.23   258   8.5e-52  174.5   3.3   2   2   4.2e-49   1.4e-48  164.0   0.0    44   258  1635  1856  1625  1856 0.90 -
Q8VYG0               -            686 PK_Tyr_Ser-Thr       PF07714.23   258   1.1e-51  174.2   0.0   1   1     5e-52   1.7e-51  173.6   0.0     3   258   360   630   359   630 0.92 -
Q54VC0               -            418 PK_Tyr_Ser-Thr       PF07714.23   258   1.2e-51  174.0   0.0   1   1   5.2e-52   1.7e-51  173.5   0.0     5   258    18   266    14   266 0.88 -
Q55FS2               -           1105 PK_Tyr_Ser-Thr       PF07714.23   258   1.3e-51  173.9   0.0   1   1   8.4e-52   2.8e-51  172.8   0.0     3   256    25   270    23   271 0.95 -
F1NBT0               -            969 PK_Tyr_Ser-Thr       PF07714.23   258   2.3e-51  173.1   0.7   1   1     1e-50   3.5e-50  169.3   0.0     5   256    40   290    36   291 0.92 -
Q9SA25               -            720 PK_Tyr_Ser-Thr       PF07714.23   258   2.5e-51  173.0   0.0   1   1   1.1e-51   3.6e-51  172.5   0.0     4   255   393   657   390   660 0.93 -
Q556S2               -            513 PK_Tyr_Ser-Thr       PF07714.23   258   2.8e-51  172.8   0.1   1   1   1.5e-51   5.1e-51  172.0   0.0     2   255    43   289    42   291 0.93 -
O70405               -           1051 PK_Tyr_Ser-Thr       PF07714.23   258   3.3e-51  172.6   0.0   1   1   1.4e-51   4.8e-51  172.1   0.0     4   254    19   272    16   275 0.93 -
Q9FIU5               -            440 PK_Tyr_Ser-Thr       PF07714.23   258   3.6e-51  172.5   0.0   1   1     2e-51   6.8e-51  171.6   0.0     3   258   115   376   113   376 0.85 -
P53666               -            642 PK_Tyr_Ser-Thr       PF07714.23   258   3.6e-51  172.5   0.0   1   1   1.1e-50   3.8e-50  169.1   0.0     4   256   334   599   331   601 0.84 -
Q12469               -            655 PK_Tyr_Ser-Thr       PF07714.23   258   3.8e-51  172.4   0.1   1   1   1.7e-51   5.7e-51  171.8   0.1     2   255   361   634   360   636 0.91 -
Q9HFW2               -            793 PK_Tyr_Ser-Thr       PF07714.23   258   4.3e-51  172.2   0.0   1   1   1.8e-51     6e-51  171.8   0.0     2   256   499   772   498   774 0.91 -
O61122               -            478 PK_Tyr_Ser-Thr       PF07714.23   258   5.2e-51  172.0   0.0   1   1   2.3e-51   7.9e-51  171.4   0.0     4   256    15   258    12   260 0.97 -
O24527               -            836 PK_Tyr_Ser-Thr       PF07714.23   258   5.3e-51  171.9   0.0   1   1   2.4e-51   8.2e-51  171.3   0.0     2   256   250   499   249   501 0.95 -
Q9C5S8               -            659 PK_Tyr_Ser-Thr       PF07714.23   258   5.4e-51  171.9   0.0   1   1     3e-51     1e-50  171.0   0.0     3   258   342   612   340   612 0.92 -
C0LGI2               -            929 PK_Tyr_Ser-Thr       PF07714.23   258   5.7e-51  171.8   0.0   1   1   3.4e-51   1.1e-50  170.8   0.0     3   255   608   873   607   876 0.91 -
P25848               -           1307 PK_Tyr_Ser-Thr       PF07714.23   258   6.2e-51  171.7   0.0   1   1   3.7e-51   1.2e-50  170.7   0.0     2   258  1005  1282  1004  1282 0.93 -
Q9ASQ6               -           1019 PK_Tyr_Ser-Thr       PF07714.23   258   9.7e-51  171.1   0.0   1   1     6e-51     2e-50  170.0   0.0     4   256   676   940   673   942 0.86 -
P27450               -            419 PK_Tyr_Ser-Thr       PF07714.23   258   1.1e-50  170.9   0.0   1   1     4e-51   1.3e-50  170.6   0.0     4   258    89   365    86   365 0.93 -
Q9C6K9               -            629 PK_Tyr_Ser-Thr       PF07714.23   258   1.1e-50  170.9   0.0   1   1   4.4e-51   1.5e-50  170.5   0.0     4   258   294   564   291   564 0.91 -
Q54WS5               -           2147 PK_Tyr_Ser-Thr       PF07714.23   258   1.1e-50  170.9   0.0   1   1   5.3e-51   1.8e-50  170.2   0.0     5   257  1360  1622  1356  1623 0.84 -
Q55GC2               -           1142 PK_Tyr_Ser-Thr       PF07714.23   258   1.2e-50  170.8   0.0   1   1   3.4e-51   1.2e-50  170.8   0.0     2   256    21   272    20   273 0.95 -
Q8T0S6               -            669 PK_Tyr_Ser-Thr       PF07714.23   258   1.2e-50  170.7   0.0   1   1   7.8e-51   2.6e-50  169.6   0.0     3   256    44   289    42   290 0.94 -
Q55GG4               -           2230 PK_Tyr_Ser-Thr       PF07714.23   258   1.3e-50  170.6   0.0   1   1   3.9e-51   1.3e-50  170.6   0.0     2   257  1950  2206  1949  2207 0.88 -
P51957               -            841 PK_Tyr_Ser-Thr       PF07714.23   258   1.4e-50  170.6   0.0   1   1   6.7e-51   2.3e-50  169.9   0.0     5   256    10   257     7   258 0.91 -
Q15772               -           3267 PK_Tyr_Ser-Thr       PF07714.23   258   1.5e-50  170.5   0.0   1   2   4.1e-22   1.4e-21   75.5   0.0     3   217  1603  1809  1601  1820 0.88 -
Q15772               -           3267 PK_Tyr_Ser-Thr       PF07714.23   258   1.5e-50  170.5   0.0   2   2   2.1e-27     7e-27   92.9   0.0     6   255  2971  3213  2966  3215 0.91 -
Q9CAC3               -            413 PK_Tyr_Ser-Thr       PF07714.23   258   1.9e-50  170.1   0.0   1   1   7.2e-51   2.4e-50  169.8   0.0     4   254    53   316    50   320 0.92 -
Q9SYS7               -            659 PK_Tyr_Ser-Thr       PF07714.23   258     2e-50  170.1   0.0   1   1   8.9e-51     3e-50  169.5   0.0     4   255   356   616   353   619 0.89 -
O81833               -            815 PK_Tyr_Ser-Thr       PF07714.23   258   2.1e-50  169.9   0.0   1   1   9.9e-51   3.3e-50  169.3   0.0     5   255   504   769   500   772 0.91 -
Q54JC7               -           1347 PK_Tyr_Ser-Thr       PF07714.23   258   2.5e-50  169.7   0.0   1   1   1.3e-50   4.5e-50  168.9   0.0    14   256   612   848   599   850 0.93 -
Q55DU7               -           1620 PK_Tyr_Ser-Thr       PF07714.23   258   2.7e-50  169.6   0.0   1   1   1.2e-50   4.1e-50  169.0   0.0     2   256  1350  1598  1349  1600 0.92 -
Q9Z1J2               -            792 PK_Tyr_Ser-Thr       PF07714.23   258   3.1e-50  169.4   0.0   1   1   1.6e-50   5.5e-50  168.6   0.0     4   256     9   257     7   258 0.91 -
O49564               -            642 PK_Tyr_Ser-Thr       PF07714.23   258   3.1e-50  169.4   0.0   1   1   1.3e-50   4.4e-50  168.9   0.0     3   258   335   603   333   603 0.92 -
Q5B4Z3               -           1346 PK_Tyr_Ser-Thr       PF07714.23   258   3.5e-50  169.2   0.0   1   1   2.1e-50   7.1e-50  168.2   0.0     3   256    62   306    60   307 0.92 -
Q54XX5               -            848 PK_Tyr_Ser-Thr       PF07714.23   258   4.1e-50  169.0   0.0   1   1   1.8e-50   6.1e-50  168.5   0.0     3   258   531   791   529   791 0.90 -
P48562               -            842 PK_Tyr_Ser-Thr       PF07714.23   258   4.4e-50  168.9   0.0   1   1   2.4e-50   8.1e-50  168.0   0.0     2   255   547   820   546   822 0.92 -
Q9M0X5               -            675 PK_Tyr_Ser-Thr       PF07714.23   258   4.4e-50  168.9   0.0   1   1   1.9e-50   6.6e-50  168.3   0.0     4   255   350   615   347   618 0.93 -
Q54JG7               -            485 PK_Tyr_Ser-Thr       PF07714.23   258   4.5e-50  168.9   0.0   1   1   2.1e-50   7.2e-50  168.2   0.0     3   255    23   273    21   275 0.93 -
C0LGG8               -           1038 PK_Tyr_Ser-Thr       PF07714.23   258   4.7e-50  168.8   0.0   1   1   2.1e-50   7.2e-50  168.2   0.0     4   257   672   939   669   940 0.88 -
Q96S53               -            571 PK_Tyr_Ser-Thr       PF07714.23   258   5.5e-50  168.6   0.0   1   1   2.1e-50   7.2e-50  168.2   0.0     5   257    62   308    59   309 0.89 -
P38692               -           1080 PK_Tyr_Ser-Thr       PF07714.23   258   6.8e-50  168.3   0.0   1   1     3e-50     1e-49  167.7   0.0     3   255    25   271    23   273 0.91 -
Q8RWW0               -            744 PK_Tyr_Ser-Thr       PF07714.23   258   6.8e-50  168.3   0.0   1   1   3.9e-50   1.3e-49  167.4   0.0     3   258   351   616   349   616 0.90 -
P50527               -            658 PK_Tyr_Ser-Thr       PF07714.23   258   7.4e-50  168.2   0.0   1   1   3.4e-50   1.1e-49  167.6   0.0     6   255   391   632   387   634 0.94 -
Q869T7               -           1176 PK_Tyr_Ser-Thr       PF07714.23   258   7.5e-50  168.2   0.0   1   1   4.4e-50   1.5e-49  167.2   0.0     3   250   396   636   394   642 0.93 -
G4N7X0               -            915 PK_Tyr_Ser-Thr       PF07714.23   258   8.7e-50  168.0   0.0   1   1   7.8e-50   2.6e-49  166.4   0.0     6   254   646   905   642   908 0.86 -
Q9LDM5               -            666 PK_Tyr_Ser-Thr       PF07714.23   258   9.3e-50  167.9   0.0   1   1   5.8e-50     2e-49  166.8   0.0     4   257   342   610   339   611 0.88 -
O65482               -            830 PK_Tyr_Ser-Thr       PF07714.23   258   1.2e-49  167.5   0.0   1   1   8.4e-50   2.8e-49  166.3   0.0     5   258   512   780   510   780 0.88 -
C0LGE0               -           1014 PK_Tyr_Ser-Thr       PF07714.23   258   1.4e-49  167.3   0.0   1   1   6.4e-50   2.2e-49  166.6   0.0     3   256   680   948   678   950 0.90 -
G5EFU0               -            522 PK_Tyr_Ser-Thr       PF07714.23   258   1.6e-49  167.1   0.0   1   1     6e-50     2e-49  166.7   0.0     4   255   234   477   231   479 0.92 -
O59790               -            355 PK_Tyr_Ser-Thr       PF07714.23   258     2e-49  166.8   0.0   1   1   7.4e-50   2.5e-49  166.4   0.0     2   256    90   336    89   337 0.93 -
F4HRJ4               -            609 PK_Tyr_Ser-Thr       PF07714.23   258     2e-49  166.8   0.0   1   1   7.9e-50   2.7e-49  166.4   0.0     4   256   217   466   214   467 0.89 -
A8DYP0               -           4218 PK_Tyr_Ser-Thr       PF07714.23   258     2e-49  166.7   0.0   1   2   6.5e-24   2.2e-23   81.4   0.0     3   249  3188  3429  3186  3437 0.82 -
A8DYP0               -           4218 PK_Tyr_Ser-Thr       PF07714.23   258     2e-49  166.7   0.0   2   2     2e-24   6.9e-24   83.1   0.0     3   255  3899  4146  3897  4148 0.89 -
F4IS56               -            479 PK_Tyr_Ser-Thr       PF07714.23   258   2.3e-49  166.6   0.0   1   1   9.6e-50   3.3e-49  166.1   0.0    16   257   205   456   202   457 0.86 -
O65472               -            659 PK_Tyr_Ser-Thr       PF07714.23   258   2.6e-49  166.4   0.0   1   1   1.3e-49   4.4e-49  165.6   0.0     4   257   339   607   336   608 0.84 -
Q8T2I8               -           1167 PK_Tyr_Ser-Thr       PF07714.23   258   2.6e-49  166.4   0.0   1   1   1.4e-49   4.7e-49  165.6   0.0     4   256    21   264    18   265 0.93 -
Q9LRP3               -            467 PK_Tyr_Ser-Thr       PF07714.23   258   2.7e-49  166.3   0.0   1   1   1.3e-49   4.4e-49  165.6   0.0     4   258   157   425   154   425 0.88 -
Q9LDN1               -            636 PK_Tyr_Ser-Thr       PF07714.23   258     3e-49  166.2   0.0   1   1   1.3e-49   4.4e-49  165.6   0.0     5   257   325   592   321   593 0.91 -
A9SY39               -            759 PK_Tyr_Ser-Thr       PF07714.23   258   3.5e-49  166.0   0.0   1   1   1.5e-49   4.9e-49  165.5   0.0     5   254   430   673   427   676 0.92 -
A9RVK2               -            764 PK_Tyr_Ser-Thr       PF07714.23   258   3.5e-49  166.0   0.0   1   1   1.5e-49     5e-49  165.5   0.0     6   254   436   678   433   681 0.92 -
P0DXJ0               -            463 PK_Tyr_Ser-Thr       PF07714.23   258   3.5e-49  166.0   0.0   1   1   2.8e-49   9.3e-49  164.6   0.0     5   258    95   368    91   368 0.89 -
Q1ZXD6               -           2800 PK_Tyr_Ser-Thr       PF07714.23   258   3.6e-49  165.9   0.0   1   1   1.8e-49   6.1e-49  165.2   0.0     1   258  2175  2440  2175  2440 0.83 -
Q9XEC6               -            658 PK_Tyr_Ser-Thr       PF07714.23   258     4e-49  165.8   0.0   1   1   1.8e-49   6.1e-49  165.2   0.0     2   256   341   604   340   606 0.89 -
Q6FN53               -            915 PK_Tyr_Ser-Thr       PF07714.23   258   4.2e-49  165.7   0.0   1   1   2.2e-49   7.4e-49  164.9   0.0     6   255   625   866   622   868 0.93 -
Q9FF29               -            665 PK_Tyr_Ser-Thr       PF07714.23   258   4.3e-49  165.7   0.0   1   1   2.2e-49   7.4e-49  164.9   0.0     3   258   333   605   332   605 0.92 -
Q9QY01               -           1037 PK_Tyr_Ser-Thr       PF07714.23   258   5.3e-49  165.4   0.0   1   1   2.8e-49   9.6e-49  164.5   0.0     6   254    14   265    10   268 0.92 -
O65476               -            662 PK_Tyr_Ser-Thr       PF07714.23   258   5.9e-49  165.2   0.0   1   1   4.2e-49   1.4e-48  164.0   0.0     3   257   337   606   335   607 0.91 -
Q9LX66               -            830 PK_Tyr_Ser-Thr       PF07714.23   258   6.8e-49  165.0   0.0   1   1   3.5e-49   1.2e-48  164.2   0.0     4   251   488   748   485   755 0.83 -
F4IB81               -            651 PK_Tyr_Ser-Thr       PF07714.23   258   6.8e-49  165.0   0.0   1   1   3.6e-49   1.2e-48  164.2   0.0     5   256   345   621   341   623 0.90 -
Q55CA6               -            635 PK_Tyr_Ser-Thr       PF07714.23   258   7.4e-49  164.9   0.3   1   1   3.9e-49   1.3e-48  164.1   0.0     6   256    82   325    77   326 0.94 -
O80623               -            815 PK_Tyr_Ser-Thr       PF07714.23   258   7.4e-49  164.9   0.0   1   1   3.6e-49   1.2e-48  164.2   0.0     6   203   492   687   488   758 0.88 -
O22040               -            666 PK_Tyr_Ser-Thr       PF07714.23   258   7.4e-49  164.9   0.0   1   1   3.5e-49   1.2e-48  164.2   0.0     4   256    72   327    69   328 0.92 -
Q0WNY5               -            793 PK_Tyr_Ser-Thr       PF07714.23   258   7.8e-49  164.8   0.3   1   1   4.2e-49   1.4e-48  164.0   0.3     4   258   456   725   453   725 0.93 -
Q9LK43               -            928 PK_Tyr_Ser-Thr       PF07714.23   258   8.2e-49  164.8   0.0   1   1   3.9e-49   1.3e-48  164.1   0.0     4   256   581   852   578   854 0.87 -
Q54EY4               -            562 PK_Tyr_Ser-Thr       PF07714.23   258   8.5e-49  164.7   0.0   1   1   3.8e-49   1.3e-48  164.1   0.0     2   256    24   281    23   282 0.92 -
C0LGG7               -            953 PK_Tyr_Ser-Thr       PF07714.23   258   8.7e-49  164.7   0.0   1   1   5.1e-49   1.7e-48  163.7   0.0     5   258   628   895   624   895 0.89 -
Q9LTC0               -            410 PK_Tyr_Ser-Thr       PF07714.23   258   8.8e-49  164.7   0.0   1   1     5e-49   1.7e-48  163.7   0.0     6   258    91   365    86   365 0.91 -
Q0D5R3               -            695 PK_Tyr_Ser-Thr       PF07714.23   258   8.8e-49  164.6   0.0   1   1     4e-49   1.4e-48  164.0   0.0     5   254   367   630   363   634 0.92 -
O64781               -            831 PK_Tyr_Ser-Thr       PF07714.23   258     9e-49  164.6   0.0   1   1   4.4e-49   1.5e-48  163.9   0.0     4   257   523   788   520   789 0.86 -
Q55GV3               -            477 PK_Tyr_Ser-Thr       PF07714.23   258   9.1e-49  164.6   0.0   1   1     4e-49   1.3e-48  164.0   0.0     4   256   207   454   204   455 0.91 -
Q9LSL5               -            675 PK_Tyr_Ser-Thr       PF07714.23   258   9.2e-49  164.6   0.0   1   1   4.1e-49   1.4e-48  164.0   0.0     3   221   352   567   350   624 0.87 -
Q6P3R8               -            708 PK_Tyr_Ser-Thr       PF07714.23   258   1.1e-48  164.4   0.0   1   1   5.3e-49   1.8e-48  163.6   0.0     3   256     6   255     4   256 0.92 -
Q9H2G2               -           1235 PK_Tyr_Ser-Thr       PF07714.23   258   1.1e-48  164.3   0.0   1   1   3.2e-49   1.1e-48  164.3   0.0     4   256    37   288    34   289 0.93 -
Q9M9E0               -            656 PK_Tyr_Ser-Thr       PF07714.23   258   1.2e-48  164.2   0.0   1   1   6.6e-49   2.2e-48  163.3   0.0     4   257   364   629   361   630 0.85 -
Q9FN94               -            868 PK_Tyr_Ser-Thr       PF07714.23   258   1.3e-48  164.1   0.0   1   1   5.6e-49   1.9e-48  163.6   0.0     3   258   566   833   564   833 0.93 -
Q9BYT3               -            514 PK_Tyr_Ser-Thr       PF07714.23   258   1.3e-48  164.1   0.7   1   1   6.3e-49   2.1e-48  163.4   0.7     2   255   117   376   116   378 0.90 -
Q9FXF2               -           1021 PK_Tyr_Ser-Thr       PF07714.23   258   1.3e-48  164.1   0.0   1   1   5.7e-49   1.9e-48  163.5   0.0     4   258   684   952   681   952 0.92 -
Q9NGW9               -            714 PK_Tyr_Ser-Thr       PF07714.23   258   1.4e-48  164.0   0.3   1   1   6.7e-49   2.3e-48  163.3   0.3     5   256   442   683   438   684 0.91 -
Q8GXZ3               -            410 PK_Tyr_Ser-Thr       PF07714.23   258   1.4e-48  164.0   0.0   1   1   6.9e-49   2.3e-48  163.3   0.0     6   258    74   346    70   346 0.91 -
Q9LPZ3               -            845 PK_Tyr_Ser-Thr       PF07714.23   258   1.6e-48  163.8   0.0   1   1   6.5e-49   2.2e-48  163.3   0.0     3   255   525   790   523   793 0.87 -
Q9VI13               -            704 PK_Tyr_Ser-Thr       PF07714.23   258   1.7e-48  163.7   0.1   1   1   1.2e-48   4.1e-48  162.5   0.0     3   254   432   675   430   678 0.92 -
Q9SII6               -            414 PK_Tyr_Ser-Thr       PF07714.23   258   1.7e-48  163.7   0.0   1   1   7.2e-49   2.4e-48  163.2   0.0     4   258    90   367    87   367 0.91 -
Q9LK35               -            855 PK_Tyr_Ser-Thr       PF07714.23   258   1.7e-48  163.7   0.0   1   1   7.1e-49   2.4e-48  163.2   0.0     5   202   514   708   510   780 0.83 -
Q54HC6               -           1460 PK_Tyr_Ser-Thr       PF07714.23   258   1.7e-48  163.7   0.0   1   1   8.4e-49   2.9e-48  163.0   0.0     2   256  1113  1371  1112  1373 0.87 -
O65468               -            676 PK_Tyr_Ser-Thr       PF07714.23   258   1.8e-48  163.6   0.0   1   1   8.5e-49   2.9e-48  163.0   0.0     4   255   356   621   353   624 0.90 -
P23561               -            717 PK_Tyr_Ser-Thr       PF07714.23   258   1.8e-48  163.6   0.1   1   2      0.96       3.2    5.5   0.1     6    39   420   449   417   467 0.76 -
P23561               -            717 PK_Tyr_Ser-Thr       PF07714.23   258   1.8e-48  163.6   0.1   2   2   1.4e-46   4.9e-46  155.7   0.0    37   256   490   708   467   709 0.92 -
Q39202               -            832 PK_Tyr_Ser-Thr       PF07714.23   258     2e-48  163.5   0.0   1   1   8.9e-49     3e-48  162.9   0.0     3   258   533   799   532   799 0.92 -
Q9LFP7               -            493 PK_Tyr_Ser-Thr       PF07714.23   258   2.2e-48  163.4   0.0   1   1   1.2e-48   4.1e-48  162.5   0.0     5   258   146   422   142   422 0.93 -
Q7ZVS3               -            940 PK_Tyr_Ser-Thr       PF07714.23   258   2.5e-48  163.2   0.1   1   1   1.1e-48   3.6e-48  162.7   0.1     3   255    14   260    12   262 0.92 -
F4JZW1               -            494 PK_Tyr_Ser-Thr       PF07714.23   258   2.7e-48  163.0   0.0   1   1   1.5e-48   5.2e-48  162.1   0.0     5   257    80   352    76   353 0.88 -
Q8SSS9               -           1553 PK_Tyr_Ser-Thr       PF07714.23   258   2.8e-48  163.0   0.0   1   1   1.6e-46   5.5e-46  155.5   0.0     4   258  1245  1528  1242  1528 0.85 -
Q9XEC7               -            646 PK_Tyr_Ser-Thr       PF07714.23   258   2.9e-48  163.0   0.0   1   1   2.6e-48   8.7e-48  161.4   0.0     2   254   346   616   345   620 0.79 -
Q8H186               -            389 PK_Tyr_Ser-Thr       PF07714.23   258     3e-48  162.9   0.0   1   1   1.4e-48   4.6e-48  162.3   0.0     4   258    64   344    61   344 0.91 -
Q09092               -            857 PK_Tyr_Ser-Thr       PF07714.23   258     3e-48  162.9   0.0   1   1   1.5e-48   5.2e-48  162.1   0.0     5   255   532   803   528   806 0.82 -
Q9SXB8               -            842 PK_Tyr_Ser-Thr       PF07714.23   258   3.1e-48  162.9   0.0   1   1   1.4e-48   4.9e-48  162.2   0.0     3   217   526   738   524   795 0.85 -
P28829               -            659 PK_Tyr_Ser-Thr       PF07714.23   258   3.1e-48  162.8   0.0   1   1   1.9e-48   6.4e-48  161.8   0.0     6   256   399   654   395   655 0.90 -
Q3E8W4               -            858 PK_Tyr_Ser-Thr       PF07714.23   258   3.3e-48  162.8   0.0   1   1   1.4e-48   4.9e-48  162.2   0.0     5   255   525   788   521   791 0.90 -
Q23023               -            856 PK_Tyr_Ser-Thr       PF07714.23   258   3.4e-48  162.7   0.0   1   1   1.6e-48   5.6e-48  162.0   0.0     5   254    13   269     9   272 0.92 -
C0LGN2               -           1020 PK_Tyr_Ser-Thr       PF07714.23   258   3.5e-48  162.7   0.0   1   1   1.7e-48   5.8e-48  162.0   0.0     5   257   676   942   672   943 0.85 -
Q54H05               -            579 PK_Tyr_Ser-Thr       PF07714.23   258   3.5e-48  162.7   0.0   1   1   1.9e-48   6.4e-48  161.8   0.0     1   257    32   301    32   302 0.88 -
C0LGT5               -            866 PK_Tyr_Ser-Thr       PF07714.23   258   3.5e-48  162.7   0.0   1   1   1.9e-48   6.5e-48  161.8   0.0     3   258   575   842   573   842 0.88 -
Q9FIL7               -            470 PK_Tyr_Ser-Thr       PF07714.23   258   3.8e-48  162.6   0.0   1   1   1.7e-48   5.7e-48  162.0   0.0     4   258   150   421   147   421 0.89 -
Q8VZJ9               -            411 PK_Tyr_Ser-Thr       PF07714.23   258     4e-48  162.5   0.0   1   1   1.6e-48   5.4e-48  162.1   0.0     6   257   124   395   121   396 0.89 -
Q9SCZ4               -            895 PK_Tyr_Ser-Thr       PF07714.23   258   4.1e-48  162.5   0.0   1   1   1.8e-48   6.1e-48  161.9   0.0     4   254   539   803   536   807 0.86 -
Q03497               -            939 PK_Tyr_Ser-Thr       PF07714.23   258   4.2e-48  162.4   0.0   1   1   2.2e-48   7.4e-48  161.6   0.0     6   255   625   866   621   868 0.93 -
Q6CWQ4               -            361 PK_Tyr_Ser-Thr       PF07714.23   258   4.3e-48  162.4   0.0   1   1   1.7e-48   5.6e-48  162.0   0.0     2   255   101   346   100   348 0.92 -
Q9C9L5               -            792 PK_Tyr_Ser-Thr       PF07714.23   258   4.7e-48  162.3   0.0   1   1   2.3e-48   7.7e-48  161.6   0.0     4   258   450   718   447   718 0.92 -
Q2R560               -            912 PK_Tyr_Ser-Thr       PF07714.23   258   4.8e-48  162.2   0.0   1   1   2.5e-48   8.4e-48  161.4   0.0     6   258   585   855   580   855 0.88 -
Q56UN5               -           1328 PK_Tyr_Ser-Thr       PF07714.23   258   5.2e-48  162.1   0.0   1   1   2.9e-48   9.9e-48  161.2   0.0     4   256  1064  1320  1061  1322 0.91 -
A8WYE4               -           1088 PK_Tyr_Ser-Thr       PF07714.23   258   5.5e-48  162.0   0.0   1   1   2.6e-48   8.9e-48  161.4   0.0     2   256   129   375   128   376 0.89 -
Q55A55               -            986 PK_Tyr_Ser-Thr       PF07714.23   258   5.5e-48  162.0   0.0   1   1   2.7e-48   9.2e-48  161.3   0.0     4   257   604   861   601   862 0.91 -
O64793               -            818 PK_Tyr_Ser-Thr       PF07714.23   258   5.7e-48  162.0   0.0   1   1   2.3e-48   7.7e-48  161.6   0.0     4   257   499   768   496   769 0.90 -
Q1PEM5               -            513 PK_Tyr_Ser-Thr       PF07714.23   258   5.7e-48  162.0   0.0   1   1   2.4e-48     8e-48  161.5   0.0     5   258   187   456   183   456 0.90 -
O23081               -            665 PK_Tyr_Ser-Thr       PF07714.23   258   5.8e-48  162.0   0.0   1   1   2.9e-48   9.8e-48  161.2   0.0     4   256   347   616   344   618 0.84 -
A0A194W8T8           -           1849 PK_Tyr_Ser-Thr       PF07714.23   258     6e-48  161.9   0.0   1   1   2.6e-48   8.9e-48  161.4   0.0     5   255  1560  1819  1557  1821 0.91 -
Q9LK03               -            717 PK_Tyr_Ser-Thr       PF07714.23   258   6.2e-48  161.9   0.0   1   1   2.4e-48     8e-48  161.5   0.0     5   257   358   626   354   627 0.90 -
C0LGD7               -            953 PK_Tyr_Ser-Thr       PF07714.23   258   6.5e-48  161.8   0.0   1   1   2.6e-48   8.8e-48  161.4   0.0     4   258   628   894   625   894 0.85 -
C0LGQ7               -            898 PK_Tyr_Ser-Thr       PF07714.23   258   6.5e-48  161.8   0.0   1   1   3.6e-48   1.2e-47  160.9   0.0     3   258   593   860   591   860 0.89 -
C0LGV0               -            895 PK_Tyr_Ser-Thr       PF07714.23   258   6.6e-48  161.8   0.0   1   1   3.2e-48   1.1e-47  161.1   0.0     3   257   608   876   606   877 0.85 -
Q9TW45               -           1192 PK_Tyr_Ser-Thr       PF07714.23   258   6.7e-48  161.8   0.0   1   1   3.1e-48     1e-47  161.1   0.0     2   256   171   417   170   418 0.89 -
Q9SY89               -            842 PK_Tyr_Ser-Thr       PF07714.23   258   6.7e-48  161.8   0.0   1   1   3.2e-48   1.1e-47  161.1   0.0     4   204   528   726   525   793 0.86 -
Q9SYM9               -            355 PK_Tyr_Ser-Thr       PF07714.23   258     7e-48  161.7   0.0   1   1   2.6e-48   8.8e-48  161.4   0.0     4   257    78   343    75   344 0.90 -
Q9FHG4               -            681 PK_Tyr_Ser-Thr       PF07714.23   258   7.2e-48  161.7   0.0   1   1   3.1e-48     1e-47  161.1   0.0     3   257   367   638   365   639 0.94 -
Q9LDT0               -            700 PK_Tyr_Ser-Thr       PF07714.23   258   7.2e-48  161.7   0.0   1   1   3.9e-48   1.3e-47  160.8   0.0     4   257   349   620   346   621 0.87 -
Q9FLW0               -            824 PK_Tyr_Ser-Thr       PF07714.23   258   7.9e-48  161.5   0.0   1   1   3.1e-48   1.1e-47  161.1   0.0     6   221   494   721   489   759 0.82 -
Q9T0J1               -            665 PK_Tyr_Ser-Thr       PF07714.23   258   8.4e-48  161.4   0.0   1   1   3.5e-48   1.2e-47  161.0   0.0     2   255   345   615   344   618 0.84 -
Q6BNF3               -           1079 PK_Tyr_Ser-Thr       PF07714.23   258   9.2e-48  161.3   0.0   1   1   5.6e-48   1.9e-47  160.3   0.0     6   256   806  1049   802  1050 0.93 -
Q9XID3               -            829 PK_Tyr_Ser-Thr       PF07714.23   258   9.9e-48  161.2   0.0   1   1   4.4e-48   1.5e-47  160.6   0.0     3   258   486   756   485   756 0.88 -
Q9CAD5               -            883 PK_Tyr_Ser-Thr       PF07714.23   258   9.9e-48  161.2   0.0   1   1   3.8e-48   1.3e-47  160.8   0.0     4   256   403   652   400   654 0.88 -
Q54XL6               -            574 PK_Tyr_Ser-Thr       PF07714.23   258   1.1e-47  161.1   0.0   1   1   4.8e-48   1.6e-47  160.5   0.0     3   256    99   353    97   354 0.88 -
Q9FID9               -            880 PK_Tyr_Ser-Thr       PF07714.23   258   1.1e-47  161.0   0.0   1   1     5e-48   1.7e-47  160.4   0.0     6   256   530   798   525   800 0.89 -
Q9LYN8               -           1192 PK_Tyr_Ser-Thr       PF07714.23   258   1.2e-47  160.9   0.0   1   1   4.8e-48   1.6e-47  160.5   0.0     4   257   920  1188   917  1189 0.93 -
Q9SJG2               -            494 PK_Tyr_Ser-Thr       PF07714.23   258   1.2e-47  160.9   0.0   1   1   5.5e-48   1.9e-47  160.3   0.0     5   258   187   454   184   454 0.88 -
Q7TSC3               -            627 PK_Tyr_Ser-Thr       PF07714.23   258   1.4e-47  160.7   0.0   1   1     7e-48   2.4e-47  160.0   0.0     2   256     5   251     4   252 0.92 -
Q9UKE5               -           1360 PK_Tyr_Ser-Thr       PF07714.23   258   1.5e-47  160.6   0.0   1   1   7.9e-48   2.7e-47  159.8   0.0     2   256    26   285    25   286 0.91 -
Q9SY91               -            424 PK_Tyr_Ser-Thr       PF07714.23   258   1.7e-47  160.5   0.0   1   1   1.4e-47   4.8e-47  159.0   0.0     6   258   104   376   100   376 0.86 -
Q9LDQ3               -            669 PK_Tyr_Ser-Thr       PF07714.23   258   1.8e-47  160.4   0.0   1   1     1e-47   3.4e-47  159.4   0.0     5   255   349   614   345   617 0.84 -
A2BD05               -            313 PK_Tyr_Ser-Thr       PF07714.23   258   1.8e-47  160.4   0.0   1   1   6.6e-48   2.2e-47  160.0   0.0     2   255    46   300    45   302 0.89 -
P0CY23               -           1230 PK_Tyr_Ser-Thr       PF07714.23   258   1.8e-47  160.4   0.0   1   1   9.8e-48   3.3e-47  159.5   0.0     6   255   958  1200   955  1202 0.92 -
O22042               -            651 PK_Tyr_Ser-Thr       PF07714.23   258   1.8e-47  160.3   0.0   1   1   7.8e-48   2.6e-47  159.8   0.0     4   256    71   326    68   327 0.89 -
Q9Z1W9               -            556 PK_Tyr_Ser-Thr       PF07714.23   258   1.8e-47  160.3   0.0   1   1   7.9e-48   2.7e-47  159.8   0.0     2   256    76   345    75   346 0.86 -
P46573               -            412 PK_Tyr_Ser-Thr       PF07714.23   258   1.9e-47  160.3   0.0   1   1     8e-48   2.7e-47  159.8   0.0     5   258    73   351    69   351 0.90 -
O14047               -            312 PK_Tyr_Ser-Thr       PF07714.23   258   1.9e-47  160.3   0.0   1   1   7.7e-48   2.6e-47  159.8   0.0     5   255    10   253     7   256 0.94 -
B9DFG5               -            408 PK_Tyr_Ser-Thr       PF07714.23   258   1.9e-47  160.3   0.0   1   1   7.4e-48   2.5e-47  159.9   0.0     5   258   117   391   114   391 0.96 -
Q9CAH1               -            450 PK_Tyr_Ser-Thr       PF07714.23   258   1.9e-47  160.3   0.0   1   1   5.3e-47   1.8e-46  157.1   0.0     5   258    88   361    84   361 0.85 -
Q8H1E3               -            442 PK_Tyr_Ser-Thr       PF07714.23   258   1.9e-47  160.3   0.0   1   1   1.2e-47   4.1e-47  159.2   0.0     6   258    95   367    91   367 0.92 -
G5EGQ3               -            646 PK_Tyr_Ser-Thr       PF07714.23   258   1.9e-47  160.3   0.4   1   2       4.2        14    3.4   0.1    23    72    81   131    74   137 0.83 -
G5EGQ3               -            646 PK_Tyr_Ser-Thr       PF07714.23   258   1.9e-47  160.3   0.4   2   2   2.2e-46   7.6e-46  155.0   0.0     2   255   377   622   376   624 0.92 -
Q54QI2               -            941 PK_Tyr_Ser-Thr       PF07714.23   258   1.9e-47  160.2   0.0   1   1   9.7e-48   3.3e-47  159.5   0.0     2   256    14   261    13   262 0.92 -
Q9LW83               -            850 PK_Tyr_Ser-Thr       PF07714.23   258     2e-47  160.2   0.0   1   1   8.3e-48   2.8e-47  159.7   0.0     5   256   531   798   527   800 0.87 -
Q9LIG2               -            899 PK_Tyr_Ser-Thr       PF07714.23   258   2.1e-47  160.2   0.0   1   1     2e-47   6.9e-47  158.4   0.0     3   255   594   858   592   861 0.81 -
O65924               -            881 PK_Tyr_Ser-Thr       PF07714.23   258   2.1e-47  160.1   0.0   1   1   2.6e-47   8.8e-47  158.1   0.0     3   258   578   846   576   846 0.85 -
G4NDR3               -           1528 PK_Tyr_Ser-Thr       PF07714.23   258   2.2e-47  160.0   0.0   1   1   1.2e-47     4e-47  159.2   0.0     5   256  1242  1502  1239  1503 0.87 -
Q9SIT1               -            943 PK_Tyr_Ser-Thr       PF07714.23   258   2.6e-47  159.8   0.0   1   1   4.1e-47   1.4e-46  157.4   0.0     4   257   588   862   585   863 0.88 -
G5EFD2               -            771 PK_Tyr_Ser-Thr       PF07714.23   258   2.7e-47  159.8   0.0   1   1   1.3e-47   4.3e-47  159.1   0.0     6   257   482   744   478   745 0.88 -
O65530               -            731 PK_Tyr_Ser-Thr       PF07714.23   258   2.9e-47  159.7   0.0   1   1   1.2e-47   4.1e-47  159.2   0.0     4   258   392   665   389   665 0.88 -
Q9LFH9               -            715 PK_Tyr_Ser-Thr       PF07714.23   258   2.9e-47  159.7   0.0   1   1   1.6e-47   5.5e-47  158.8   0.0     4   257   379   650   376   651 0.89 -
Q93YN1               -            390 PK_Tyr_Ser-Thr       PF07714.23   258   3.2e-47  159.5   0.0   1   1   1.5e-47   4.9e-47  158.9   0.0     3   257    43   313    41   314 0.91 -
A0A1D6E0S8           -            856 PK_Tyr_Ser-Thr       PF07714.23   258   3.3e-47  159.5   0.0   1   1   1.8e-47   6.2e-47  158.6   0.0     5   254   531   793   528   797 0.88 -
Q55D99               -           1197 PK_Tyr_Ser-Thr       PF07714.23   258   3.3e-47  159.5   0.0   1   1   1.8e-47   6.1e-47  158.6   0.0     5   255   915  1159   912  1161 0.91 -
Q8L710               -            686 PK_Tyr_Ser-Thr       PF07714.23   258   3.5e-47  159.4   0.0   1   1   1.4e-47   4.7e-47  159.0   0.0     4   258   362   631   359   631 0.91 -
Q3EDL4               -            472 PK_Tyr_Ser-Thr       PF07714.23   258   4.5e-47  159.0   0.0   1   1   1.7e-47   5.8e-47  158.7   0.0     4   258   157   425   154   425 0.89 -
Q4P5N0               -            746 PK_Tyr_Ser-Thr       PF07714.23   258   4.8e-47  159.0   0.0   1   1     2e-47   6.7e-47  158.5   0.0     4   250   475   713   472   720 0.93 -
Q7SY52               -            974 PK_Tyr_Ser-Thr       PF07714.23   258     5e-47  158.9   0.0   1   1   1.5e-47     5e-47  158.9   0.0     4   256    40   291    37   292 0.93 -
Q6CVA2               -            989 PK_Tyr_Ser-Thr       PF07714.23   258     5e-47  158.9   0.0   1   1   2.6e-47   8.9e-47  158.1   0.0     6   256   703   945   698   946 0.93 -
F4HQ20               -            666 PK_Tyr_Ser-Thr       PF07714.23   258     5e-47  158.9   0.0   1   1   2.2e-47   7.5e-47  158.3   0.0     3   257   350   620   349   621 0.86 -
Q9FF31               -            638 PK_Tyr_Ser-Thr       PF07714.23   258   5.2e-47  158.8   0.0   1   1   2.3e-47   7.9e-47  158.2   0.0     4   257   324   593   322   594 0.87 -
B3DL84               -            946 PK_Tyr_Ser-Thr       PF07714.23   258   5.7e-47  158.7   0.0   1   1   2.7e-47   9.2e-47  158.0   0.0     3   255    14   260    12   262 0.91 -
O81906               -            849 PK_Tyr_Ser-Thr       PF07714.23   258     6e-47  158.6   0.0   1   1   2.7e-47   9.1e-47  158.1   0.0     4   255   532   796   529   799 0.90 -
C0LGL4               -            880 PK_Tyr_Ser-Thr       PF07714.23   258   6.1e-47  158.6   0.0   1   1     3e-47     1e-46  157.9   0.0     3   258   575   842   574   842 0.89 -
Q63572               -            628 PK_Tyr_Ser-Thr       PF07714.23   258   6.2e-47  158.6   0.0   1   1   2.4e-47     8e-47  158.2   0.0     4   258    55   306    52   306 0.85 -
O81472               -            773 PK_Tyr_Ser-Thr       PF07714.23   258     7e-47  158.4   0.0   1   1   2.8e-47   9.6e-47  158.0   0.0     4   256   504   751   501   752 0.90 -
Q5VJL3               -           1577 PK_Tyr_Ser-Thr       PF07714.23   258     7e-47  158.4   0.0   1   1     3e-47     1e-46  157.9   0.0     2   255  1291  1566  1290  1569 0.92 -
Q9LFG1               -            937 PK_Tyr_Ser-Thr       PF07714.23   258   7.3e-47  158.4   0.0   1   1   2.9e-47   9.7e-47  158.0   0.0     5   258   618   883   614   883 0.87 -
Q869N2               -            852 PK_Tyr_Ser-Thr       PF07714.23   258   7.6e-47  158.3   1.3   1   1   4.7e-47   1.6e-46  157.2   0.0     5   255   574   818   571   820 0.91 -
Q9LMN8               -            741 PK_Tyr_Ser-Thr       PF07714.23   258   9.3e-47  158.0   0.0   1   1   4.1e-47   1.4e-46  157.5   0.0     5   258   419   685   416   685 0.92 -
Q9LMT9               -            764 PK_Tyr_Ser-Thr       PF07714.23   258   9.4e-47  158.0   0.0   1   1   4.5e-47   1.5e-46  157.3   0.0     4   257   457   724   454   725 0.92 -
Q8IVT5               -            923 PK_Tyr_Ser-Thr       PF07714.23   258   9.6e-47  158.0   0.0   1   1   4.2e-47   1.4e-46  157.4   0.0     2   257   614   876   613   877 0.90 -
O65405               -            683 PK_Tyr_Ser-Thr       PF07714.23   258   9.6e-47  158.0   0.0   1   1   7.3e-47   2.5e-46  156.6   0.0     4   205   364   582   361   635 0.78 -
Q9CAL3               -            649 PK_Tyr_Ser-Thr       PF07714.23   258   1.1e-46  157.8   0.0   1   1   6.4e-47   2.2e-46  156.8   0.0     4   205   328   545   325   601 0.80 -
Q84M95               -            375 PK_Tyr_Ser-Thr       PF07714.23   258   1.1e-46  157.8   0.0   1   1   7.1e-47   2.4e-46  156.7   0.0     5   258    80   353    76   353 0.86 -
Q9ZUE0               -            720 PK_Tyr_Ser-Thr       PF07714.23   258   1.1e-46  157.8   0.0   1   1   4.3e-47   1.5e-46  157.4   0.0     4   258   374   644   371   644 0.91 -
Q7RZD3               -            954 PK_Tyr_Ser-Thr       PF07714.23   258   1.1e-46  157.8   0.0   1   1   5.3e-47   1.8e-46  157.1   0.0     5   255   678   920   675   922 0.92 -
Q61097               -            873 PK_Tyr_Ser-Thr       PF07714.23   258   1.2e-46  157.7   0.0   1   1   5.3e-47   1.8e-46  157.1   0.0     2   257   564   826   563   827 0.91 -
Q75DK7               -            970 PK_Tyr_Ser-Thr       PF07714.23   258   1.2e-46  157.7   0.0   1   1   5.6e-47   1.9e-46  157.0   0.0     6   254   688   928   684   931 0.93 -
Q3ECH2               -            892 PK_Tyr_Ser-Thr       PF07714.23   258   1.2e-46  157.7   0.0   1   1   5.6e-47   1.9e-46  157.0   0.0     3   257   558   838   557   839 0.88 -
Q9LFV3               -            436 PK_Tyr_Ser-Thr       PF07714.23   258   1.2e-46  157.7   0.0   1   1   4.6e-47   1.5e-46  157.3   0.0     3   256   116   373   114   375 0.90 -
Q9SA72               -            849 PK_Tyr_Ser-Thr       PF07714.23   258   1.3e-46  157.6   0.0   1   1   6.2e-47   2.1e-46  156.9   0.0     6   255   525   787   522   790 0.90 -
C0LGH3               -           1033 PK_Tyr_Ser-Thr       PF07714.23   258   1.3e-46  157.5   0.0   1   1   5.2e-47   1.8e-46  157.1   0.0     5   205   697   908   693   961 0.80 -
P0C5E2               -            651 PK_Tyr_Ser-Thr       PF07714.23   258   1.3e-46  157.5   0.0   1   1   7.1e-47   2.4e-46  156.7   0.0     4   258   344   613   341   613 0.88 -
Q8AXB4               -            564 PK_Tyr_Ser-Thr       PF07714.23   258   1.4e-46  157.5   0.0   1   1   6.8e-47   2.3e-46  156.7   0.0     5   256   292   535   288   536 0.93 -
Q9VXE5               -            639 PK_Tyr_Ser-Thr       PF07714.23   258   1.5e-46  157.4   0.0   1   1   6.1e-47     2e-46  156.9   0.0     5   255   372   614   368   616 0.94 -
Q9SZD5               -            669 PK_Tyr_Ser-Thr       PF07714.23   258   1.5e-46  157.4   0.0   1   1   5.5e-47   1.9e-46  157.0   0.0     4   217   347   573   344   616 0.81 -
O49839               -            426 PK_Tyr_Ser-Thr       PF07714.23   258   1.5e-46  157.3   0.0   1   1   7.7e-47   2.6e-46  156.6   0.0     3   256    88   364    86   366 0.91 -
Q54DC8               -           1224 PK_Tyr_Ser-Thr       PF07714.23   258   1.7e-46  157.2   0.0   1   1   1.7e-46   5.8e-46  155.4   0.0     6   254   940  1187   935  1191 0.90 -
Q9CAL2               -            646 PK_Tyr_Ser-Thr       PF07714.23   258   1.8e-46  157.1   0.0   1   1   8.9e-47     3e-46  156.3   0.0     4   255   326   588   323   591 0.83 -
Q9FLJ8               -            842 PK_Tyr_Ser-Thr       PF07714.23   258   1.8e-46  157.1   0.0   1   1   7.6e-47   2.6e-46  156.6   0.0     6   201   530   728   525   797 0.88 -
Q86CS2               -            668 PK_Tyr_Ser-Thr       PF07714.23   258   1.9e-46  157.0   0.0   1   1   5.6e-47   1.9e-46  157.0   0.0     3   253     9   259     7   263 0.87 -
Q2QAV0               -           1322 PK_Tyr_Ser-Thr       PF07714.23   258   2.2e-46  156.8   0.0   1   1   1.1e-46   3.7e-46  156.1   0.0     3   255     8   251     6   253 0.92 -
Q9FM85               -            408 PK_Tyr_Ser-Thr       PF07714.23   258   2.6e-46  156.6   0.0   1   1   1.1e-46   3.7e-46  156.1   0.0     3   258    78   356    76   356 0.93 -
Q01389               -           1478 PK_Tyr_Ser-Thr       PF07714.23   258   2.6e-46  156.6   0.5   1   1   1.7e-46   5.9e-46  155.4   0.0     4   256  1178  1436  1176  1437 0.87 -
Q9M1Z9               -            626 PK_Tyr_Ser-Thr       PF07714.23   258   2.8e-46  156.5   0.0   1   1   1.2e-46   3.9e-46  156.0   0.0     4   257   306   573   303   574 0.89 -
Q2VWQ3               -            642 PK_Tyr_Ser-Thr       PF07714.23   258   2.8e-46  156.4   0.0   1   1   1.2e-46   4.2e-46  155.9   0.0     5   255   365   607   362   609 0.93 -
C0LGG4               -            890 PK_Tyr_Ser-Thr       PF07714.23   258     3e-46  156.4   0.0   1   1   1.6e-46   5.5e-46  155.5   0.0     3   258   586   852   584   852 0.90 -
O64842               -            424 PK_Tyr_Ser-Thr       PF07714.23   258   3.2e-46  156.3   0.0   1   1   1.5e-46     5e-46  155.6   0.0     4   258    91   365    88   365 0.88 -
Q6C3D7               -           1125 PK_Tyr_Ser-Thr       PF07714.23   258   3.3e-46  156.2   0.0   1   1   2.1e-46   7.2e-46  155.1   0.0     6   256   849  1091   845  1093 0.93 -
Q6BVA0               -            412 PK_Tyr_Ser-Thr       PF07714.23   258   3.4e-46  156.2   0.0   1   1   1.4e-46   4.6e-46  155.7   0.0     2   256   149   397   148   398 0.92 -
O14305               -            471 PK_Tyr_Ser-Thr       PF07714.23   258   3.5e-46  156.1   0.0   1   1   1.7e-45   5.9e-45  152.1   0.0     3   256    11   256     9   257 0.94 -
P93604               -            636 PK_Tyr_Ser-Thr       PF07714.23   258   3.5e-46  156.1   0.0   1   1   1.4e-46   4.7e-46  155.7   0.0     3   258   341   613   339   613 0.87 -
Q6C3J2               -            371 PK_Tyr_Ser-Thr       PF07714.23   258   3.5e-46  156.1   0.0   1   1   1.4e-46   4.7e-46  155.7   0.0     2   256   100   346    99   347 0.92 -
Q8NG66               -            645 PK_Tyr_Ser-Thr       PF07714.23   258   3.8e-46  156.0   0.1   1   1   2.9e-46   9.8e-46  154.7   0.0     3   255    31   282    29   284 0.91 -
Q9T058               -            849 PK_Tyr_Ser-Thr       PF07714.23   258   3.9e-46  156.0   0.0   1   1   1.8e-46   6.1e-46  155.3   0.0     3   256   539   806   537   808 0.84 -
Q9SIB6               -            424 PK_Tyr_Ser-Thr       PF07714.23   258     4e-46  156.0   0.0   1   1   7.6e-46   2.6e-45  153.3   0.0     6   225   103   322    98   372 0.88 -
D7SFH9               -           1118 PK_Tyr_Ser-Thr       PF07714.23   258   4.6e-46  155.8   0.0   1   1   2.2e-46   7.5e-46  155.1   0.0     3   257   807  1078   806  1079 0.92 -
Q54B33               -            926 PK_Tyr_Ser-Thr       PF07714.23   258   4.8e-46  155.7   0.0   1   1   3.4e-46   1.2e-45  154.4   0.0     2   255   651   898   650   900 0.92 -
O49545               -           1003 PK_Tyr_Ser-Thr       PF07714.23   258     5e-46  155.6   0.0   1   1     2e-46   6.9e-46  155.2   0.0     3   258   696   965   694   965 0.88 -
Q8L4H4               -            925 PK_Tyr_Ser-Thr       PF07714.23   258   5.2e-46  155.6   0.0   1   1   2.4e-46   8.1e-46  154.9   0.0     4   258   599   868   597   868 0.93 -
Q4WHP3               -            815 PK_Tyr_Ser-Thr       PF07714.23   258   5.3e-46  155.6   0.0   1   1   2.4e-46   8.3e-46  154.9   0.0     5   255   538   780   535   782 0.92 -
Q9M2S4               -            684 PK_Tyr_Ser-Thr       PF07714.23   258   5.5e-46  155.5   0.0   1   1   2.3e-46   7.9e-46  155.0   0.0     5   257   350   616   347   617 0.93 -
Q9C5H5               -            716 PK_Tyr_Ser-Thr       PF07714.23   258   5.6e-46  155.5   0.0   1   1   2.3e-46   7.9e-46  155.0   0.0     4   256   349   603   346   604 0.91 -
Q9FIF0               -            694 PK_Tyr_Ser-Thr       PF07714.23   258     6e-46  155.4   0.0   1   1   2.8e-46   9.4e-46  154.7   0.0     4   258   378   644   375   644 0.91 -
Q9LZM4               -            657 PK_Tyr_Ser-Thr       PF07714.23   258   6.2e-46  155.3   0.0   1   1   2.9e-46   9.8e-46  154.7   0.0     4   257   366   642   363   643 0.87 -
Q40541               -            690 PK_Tyr_Ser-Thr       PF07714.23   258   6.4e-46  155.3   0.0   1   1   2.7e-46   9.1e-46  154.8   0.0     4   256    83   338    80   339 0.92 -
Q8R9T6               -            625 PK_Tyr_Ser-Thr       PF07714.23   258   6.7e-46  155.2   0.0   1   1   3.8e-46   1.3e-45  154.3   0.0     2   250    11   258    10   266 0.91 -
O22187               -            834 PK_Tyr_Ser-Thr       PF07714.23   258   6.8e-46  155.2   0.0   1   1   4.4e-46   1.5e-45  154.1   0.0     6   256   493   756   488   758 0.83 -
Q55DD4               -           1678 PK_Tyr_Ser-Thr       PF07714.23   258   6.8e-46  155.2   0.1   1   1     2e-46   6.8e-46  155.2   0.1     3   255  1378  1642  1376  1644 0.91 -
Q9SGY7               -            718 PK_Tyr_Ser-Thr       PF07714.23   258   7.2e-46  155.1   0.0   1   1     3e-46     1e-45  154.6   0.0     7   258   376   643   372   643 0.88 -
Q9ZR08               -            852 PK_Tyr_Ser-Thr       PF07714.23   258   7.4e-46  155.1   0.0   1   1   3.2e-46   1.1e-45  154.5   0.0     4   255   535   800   532   803 0.92 -
Q9SFX0               -            381 PK_Tyr_Ser-Thr       PF07714.23   258   7.4e-46  155.1   0.0   1   1   4.6e-46   1.6e-45  154.0   0.0     5   255    79   345    75   348 0.87 -
P43298               -            942 PK_Tyr_Ser-Thr       PF07714.23   258   7.4e-46  155.1   0.0   1   1   7.6e-46   2.6e-45  153.3   0.0     4   229   591   817   588   865 0.81 -
Q9FIF1               -            674 PK_Tyr_Ser-Thr       PF07714.23   258   7.5e-46  155.1   0.0   1   1   3.3e-46   1.1e-45  154.5   0.0     4   258   358   624   355   624 0.93 -
P53104               -            897 PK_Tyr_Ser-Thr       PF07714.23   258   7.8e-46  155.0   0.0   1   1   3.8e-46   1.3e-45  154.3   0.0     3   254    26   319    24   322 0.90 -
D3ZHP7               -            472 PK_Tyr_Ser-Thr       PF07714.23   258   7.9e-46  155.0   0.0   1   1   3.2e-46   1.1e-45  154.5   0.0     3   254    16   264    14   267 0.90 -
Q9T020               -            878 PK_Tyr_Ser-Thr       PF07714.23   258   8.1e-46  154.9   0.0   1   1   3.4e-46   1.1e-45  154.5   0.0     3   251   528   788   526   795 0.80 -
C0LGU1               -            959 PK_Tyr_Ser-Thr       PF07714.23   258   8.3e-46  154.9   0.0   1   1   3.8e-46   1.3e-45  154.3   0.0     5   258   635   899   632   899 0.89 -
G5EEN4               -            596 PK_Tyr_Ser-Thr       PF07714.23   258   8.9e-46  154.8   0.0   1   1   3.8e-46   1.3e-45  154.3   0.0     2   255   109   381   108   383 0.85 -
Q0KHQ5               -           1039 PK_Tyr_Ser-Thr       PF07714.23   258   9.4e-46  154.7   0.0   1   2   2.8e-46   9.4e-46  154.7   0.0     5   255    31   275    27   277 0.90 -
Q0KHQ5               -           1039 PK_Tyr_Ser-Thr       PF07714.23   258   9.4e-46  154.7   0.0   2   2       6.4        22    2.8   0.7    28    71   555   597   545   647 0.81 -
Q9SNA3               -            889 PK_Tyr_Ser-Thr       PF07714.23   258   9.7e-46  154.7   0.0   1   1   5.4e-46   1.8e-45  153.8   0.0     3   257   587   854   585   855 0.87 -
Q54GY6               -           1311 PK_Tyr_Ser-Thr       PF07714.23   258   9.8e-46  154.7   0.5   1   2   7.9e-31   2.7e-30  104.1   0.0     2   155    19   167    18   182 0.92 -
Q54GY6               -           1311 PK_Tyr_Ser-Thr       PF07714.23   258   9.8e-46  154.7   0.5   2   2   1.6e-13   5.4e-13   47.4   0.0   168   257   219   312   204   313 0.81 -
Q8NFD2               -            765 PK_Tyr_Ser-Thr       PF07714.23   258   9.9e-46  154.7   0.0   1   1   5.4e-46   1.8e-45  153.8   0.0     7   254    28   281    25   284 0.87 -
Q94C95               -            626 PK_Tyr_Ser-Thr       PF07714.23   258   1.2e-45  154.4   0.0   1   1     6e-46     2e-45  153.6   0.0     5   256    14   264    10   266 0.88 -
Q9HGN1               -           1576 PK_Tyr_Ser-Thr       PF07714.23   258   1.3e-45  154.3   0.1   1   3   6.3e-13   2.1e-12   45.4   0.0    41   253   283   503   274   507 0.82 -
Q9HGN1               -           1576 PK_Tyr_Ser-Thr       PF07714.23   258   1.3e-45  154.3   0.1   2   3   4.7e-07   1.6e-06   26.2   0.0     5    86   560   637   556   669 0.85 -
Q9HGN1               -           1576 PK_Tyr_Ser-Thr       PF07714.23   258   1.3e-45  154.3   0.1   3   3   9.7e-23   3.3e-22   77.6   0.0    74   256   722   915   707   916 0.85 -
A9TXT1               -            640 PK_Tyr_Ser-Thr       PF07714.23   258   1.3e-45  154.2   0.0   1   2     2e-44   6.9e-44  148.6   0.0     2   205   331   525   330   549 0.91 -
A9TXT1               -            640 PK_Tyr_Ser-Thr       PF07714.23   258   1.3e-45  154.2   0.0   2   2       3.9        13    3.5   0.0   231   254   582   605   573   609 0.84 -
O60285               -            661 PK_Tyr_Ser-Thr       PF07714.23   258   1.3e-45  154.2   0.0   1   1   5.3e-46   1.8e-45  153.8   0.0     2   256    56   302    55   304 0.88 -
Q0UY20               -            972 PK_Tyr_Ser-Thr       PF07714.23   258   1.4e-45  154.2   0.0   1   1   8.4e-46   2.8e-45  153.2   0.0     3   252    32   334    30   339 0.90 -
Q55CE0               -            677 PK_Tyr_Ser-Thr       PF07714.23   258   1.5e-45  154.1   0.0   1   1   7.6e-46   2.6e-45  153.3   0.0     1   256   401   642   401   643 0.93 -
Q5Z6X0               -            514 PK_Tyr_Ser-Thr       PF07714.23   258   1.5e-45  154.0   0.0   1   1   6.1e-46   2.1e-45  153.6   0.0     5   256    25   277    21   278 0.89 -
F4HQ22               -            617 PK_Tyr_Ser-Thr       PF07714.23   258   1.5e-45  154.0   0.0   1   1   6.7e-46   2.3e-45  153.5   0.0     3   256   309   577   308   579 0.82 -
Q3ULB5               -            682 PK_Tyr_Ser-Thr       PF07714.23   258   1.7e-45  153.9   0.0   1   1   6.8e-46   2.3e-45  153.5   0.0     5   255   412   654   408   656 0.93 -
Q54R82               -            942 PK_Tyr_Ser-Thr       PF07714.23   258   1.7e-45  153.8   0.0   1   1   8.1e-46   2.7e-45  153.2   0.0     4   256   173   425   170   426 0.88 -
Q64702               -            925 PK_Tyr_Ser-Thr       PF07714.23   258   1.8e-45  153.8   0.1   1   1   1.1e-45   3.7e-45  152.8   0.0     2   255    13   260    12   262 0.91 -
Q9M0T3               -            560 PK_Tyr_Ser-Thr       PF07714.23   258   1.9e-45  153.8   0.0   1   1   1.2e-45   4.2e-45  152.6   0.0     5   256   307   553   304   554 0.90 -
Q8C0Q4               -            628 PK_Tyr_Ser-Thr       PF07714.23   258   2.2e-45  153.5   0.0   1   1   1.2e-45   4.2e-45  152.6   0.0     3   255    32   283    30   285 0.92 -
Q9FFW5               -            681 PK_Tyr_Ser-Thr       PF07714.23   258   2.3e-45  153.5   0.0   1   1   9.6e-46   3.3e-45  153.0   0.0     4   258   342   614   339   614 0.91 -
Q9C8I6               -            894 PK_Tyr_Ser-Thr       PF07714.23   258   2.5e-45  153.3   0.0   1   1   2.2e-45   7.4e-45  151.8   0.0     3   258   588   854   586   854 0.87 -
Q54WX4               -            384 PK_Tyr_Ser-Thr       PF07714.23   258   2.5e-45  153.3   0.0   1   1   9.8e-46   3.3e-45  152.9   0.0     3   256   112   356   110   357 0.92 -
Q8VZG8               -           1045 PK_Tyr_Ser-Thr       PF07714.23   258   2.5e-45  153.3   0.0   1   1     1e-45   3.5e-45  152.9   0.0     7   256   781  1042   776  1044 0.83 -
A0A0P0XII1           -            624 PK_Tyr_Ser-Thr       PF07714.23   258   2.6e-45  153.3   0.0   1   1   3.4e-45   1.2e-44  151.1   0.0     3   256   326   594   324   596 0.88 -
Q21029               -           1498 PK_Tyr_Ser-Thr       PF07714.23   258   2.8e-45  153.2   0.0   1   1   1.9e-45   6.6e-45  152.0   0.0     6   256   669   921   665   922 0.91 -
Q55CY9               -           1326 PK_Tyr_Ser-Thr       PF07714.23   258     3e-45  153.1   0.0   1   1   1.4e-45   4.6e-45  152.5   0.0    15   256  1052  1288  1048  1290 0.93 -
A2VDZ4               -            893 PK_Tyr_Ser-Thr       PF07714.23   258   3.1e-45  153.0   0.0   1   1   1.4e-45   4.8e-45  152.4   0.0     3   255    14   260    12   262 0.91 -
F1LP90               -           1336 PK_Tyr_Ser-Thr       PF07714.23   258   3.5e-45  152.8   0.0   1   1     2e-45   6.8e-45  151.9   0.0     2   255    26   284    25   286 0.89 -
O24585               -            901 PK_Tyr_Ser-Thr       PF07714.23   258   3.7e-45  152.8   0.0   1   1   1.6e-45   5.4e-45  152.2   0.0     4   257   508   777   505   778 0.94 -
Q8GZ99               -            953 PK_Tyr_Ser-Thr       PF07714.23   258   3.8e-45  152.8   0.0   1   1     2e-45   6.8e-45  151.9   0.0     5   256   635   899   631   901 0.81 -
Q9JM52               -           1308 PK_Tyr_Ser-Thr       PF07714.23   258   3.8e-45  152.7   0.7   1   1   1.9e-45   6.5e-45  152.0   0.0     2   255    26   284    25   286 0.89 -
Q1PDV6               -            513 PK_Tyr_Ser-Thr       PF07714.23   258   3.8e-45  152.7   0.0   1   1   1.8e-45   6.1e-45  152.1   0.0     6   206    88   288    84   357 0.91 -
Q7XV05               -            628 PK_Tyr_Ser-Thr       PF07714.23   258   3.8e-45  152.7   0.0   1   1   1.5e-45     5e-45  152.3   0.0     4   258   309   580   306   580 0.93 -
Q9FX99               -            663 PK_Tyr_Ser-Thr       PF07714.23   258   4.2e-45  152.6   0.0   1   1   2.3e-45   7.7e-45  151.7   0.0     3   256   329   596   328   598 0.86 -
D4A7V9               -           1649 PK_Tyr_Ser-Thr       PF07714.23   258   4.3e-45  152.6   0.0   1   3     7e-18   2.4e-17   61.6   0.1    42   199   337   493   324   536 0.84 -
D4A7V9               -           1649 PK_Tyr_Ser-Thr       PF07714.23   258   4.3e-45  152.6   0.0   2   3   2.9e-05   9.7e-05   20.3   0.0     5    73   594   658   590   664 0.90 -
D4A7V9               -           1649 PK_Tyr_Ser-Thr       PF07714.23   258   4.3e-45  152.6   0.0   3   3   2.4e-18   8.1e-18   63.2   0.0    74   255   795   996   785   999 0.75 -
F4KA50               -            624 PK_Tyr_Ser-Thr       PF07714.23   258   4.5e-45  152.5   0.0   1   1   1.9e-45   6.5e-45  152.0   0.0     3   256   319   582   318   584 0.93 -
P51954               -           1203 PK_Tyr_Ser-Thr       PF07714.23   258   4.6e-45  152.5   0.0   1   1   3.4e-45   1.1e-44  151.2   0.0     5   256     8   254     5   255 0.91 -
Q55FT4               -           2247 PK_Tyr_Ser-Thr       PF07714.23   258   4.7e-45  152.4   2.5   1   1   4.1e-45   1.4e-44  150.9   0.0     3   249     7   246     5   253 0.93 -
Q9LP24               -           1120 PK_Tyr_Ser-Thr       PF07714.23   258   4.9e-45  152.4   0.0   1   1   2.1e-45   7.1e-45  151.8   0.0     6   256   856  1117   852  1119 0.83 -
Q8C015               -            719 PK_Tyr_Ser-Thr       PF07714.23   258   5.1e-45  152.3   0.0   1   1   2.1e-45     7e-45  151.9   0.0     6   255   454   695   449   697 0.93 -
Q8CIP4               -            752 PK_Tyr_Ser-Thr       PF07714.23   258   5.2e-45  152.3   0.0   1   1   2.1e-45   7.1e-45  151.8   0.0     3   256    61   306    59   307 0.90 -
Q2ULU3               -            848 PK_Tyr_Ser-Thr       PF07714.23   258   5.3e-45  152.3   0.0   1   1   2.5e-45   8.5e-45  151.6   0.0     5   255   571   813   568   815 0.92 -
O00444               -            970 PK_Tyr_Ser-Thr       PF07714.23   258   5.3e-45  152.3   0.5   1   1   3.7e-45   1.3e-44  151.0   0.0     2   255    13   260    12   262 0.91 -
C0LGD6               -            852 PK_Tyr_Ser-Thr       PF07714.23   258   5.4e-45  152.2   0.0   1   1   2.6e-45   8.8e-45  151.6   0.0     3   255   572   836   570   839 0.84 -
Q8GX23               -            670 PK_Tyr_Ser-Thr       PF07714.23   258   5.4e-45  152.2   0.0   1   1   2.2e-45   7.5e-45  151.8   0.0     4   258   315   584   312   584 0.91 -
A8R7E6               -            617 PK_Tyr_Ser-Thr       PF07714.23   258   5.7e-45  152.2   0.0   1   1   2.7e-45     9e-45  151.5   0.0     4   257   325   589   322   590 0.90 -
Q05512               -            776 PK_Tyr_Ser-Thr       PF07714.23   258   5.7e-45  152.2   0.0   1   1   3.1e-45   1.1e-44  151.3   0.0     3   256    55   300    53   301 0.89 -
Q6R2J8               -            703 PK_Tyr_Ser-Thr       PF07714.23   258     6e-45  152.1   0.0   1   1   2.5e-45   8.5e-45  151.6   0.0     3   258   397   669   395   669 0.91 -
Q9LMB9               -            615 PK_Tyr_Ser-Thr       PF07714.23   258   6.2e-45  152.0   0.0   1   1   2.9e-45   9.8e-45  151.4   0.0     5   256   322   584   318   586 0.91 -
A0A075F7E9           -            813 PK_Tyr_Ser-Thr       PF07714.23   258   6.5e-45  152.0   0.0   1   1     5e-45   1.7e-44  150.6   0.0     3   256   525   791   524   793 0.83 -
C0LGR6               -            913 PK_Tyr_Ser-Thr       PF07714.23   258   6.6e-45  152.0   0.0   1   1   5.8e-45     2e-44  150.4   0.0     3   217   569   793   567   850 0.80 -
O22834               -            664 PK_Tyr_Ser-Thr       PF07714.23   258   6.9e-45  151.9   0.0   1   1   3.1e-45     1e-44  151.3   0.0     3   257   337   605   336   606 0.92 -
Q3UVC0               -            951 PK_Tyr_Ser-Thr       PF07714.23   258     7e-45  151.9   0.0   1   1   2.9e-45   9.9e-45  151.4   0.0     1   258   667   929   667   929 0.92 -
Q9LS95               -            700 PK_Tyr_Ser-Thr       PF07714.23   258   7.1e-45  151.8   0.0   1   1     3e-45     1e-44  151.3   0.0     4   258   340   609   337   609 0.92 -
Q3E9X6               -            690 PK_Tyr_Ser-Thr       PF07714.23   258   7.2e-45  151.8   0.0   1   1   5.4e-45   1.8e-44  150.5   0.0     3   257   365   634   363   635 0.87 -
Q6GPK9               -           1025 PK_Tyr_Ser-Thr       PF07714.23   258   7.8e-45  151.7   0.0   1   1   6.7e-45   2.3e-44  150.2   0.0     5   254    32   275    29   278 0.90 -
Q9SHI2               -           1101 PK_Tyr_Ser-Thr       PF07714.23   258   8.1e-45  151.7   0.0   1   1   4.4e-45   1.5e-44  150.8   0.0     6   256   804  1070   799  1072 0.81 -
Q8GUQ5               -           1207 PK_Tyr_Ser-Thr       PF07714.23   258   8.6e-45  151.6   0.0   1   1   3.9e-45   1.3e-44  151.0   0.0     4   255   891  1157   888  1160 0.90 -
P38991               -            367 PK_Tyr_Ser-Thr       PF07714.23   258   8.6e-45  151.6   0.0   1   1   3.3e-45   1.1e-44  151.2   0.0     2   254   105   349   104   352 0.91 -
Q942F3               -           1121 PK_Tyr_Ser-Thr       PF07714.23   258   9.2e-45  151.5   0.0   1   1   4.2e-45   1.4e-44  150.9   0.0     3   255   809  1077   807  1080 0.86 -
Q54DF2               -           1060 PK_Tyr_Ser-Thr       PF07714.23   258   9.2e-45  151.5   0.0   1   1   7.9e-45   2.7e-44  150.0   0.0     4   256   112   357   110   358 0.90 -
Q69JN6               -           1214 PK_Tyr_Ser-Thr       PF07714.23   258   9.5e-45  151.4   0.0   1   1   3.8e-45   1.3e-44  151.0   0.0     4   256   915  1182   912  1184 0.87 -
Q9C821               -            509 PK_Tyr_Ser-Thr       PF07714.23   258   9.7e-45  151.4   0.0   1   1   5.8e-45     2e-44  150.4   0.0     4   205   146   355   143   417 0.80 -
O81069               -            884 PK_Tyr_Ser-Thr       PF07714.23   258   9.8e-45  151.4   0.0   1   1   5.8e-45     2e-44  150.4   0.0     3   258   579   846   577   846 0.79 -
Q17850               -            572 PK_Tyr_Ser-Thr       PF07714.23   258   9.9e-45  151.4   0.1   1   1   6.6e-45   2.2e-44  150.2   0.0     4   255   298   541   295   543 0.90 -
O65238               -            872 PK_Tyr_Ser-Thr       PF07714.23   258   9.9e-45  151.4   0.0   1   1   1.6e-44   5.5e-44  148.9   0.0     3   255   517   800   516   803 0.85 -
Q9ZQQ7               -            886 PK_Tyr_Ser-Thr       PF07714.23   258     1e-44  151.3   0.0   1   1   5.4e-45   1.8e-44  150.5   0.0     4   258   584   849   582   849 0.88 -
D3ZGQ5               -            698 PK_Tyr_Ser-Thr       PF07714.23   258   1.4e-44  150.9   0.0   1   1   6.2e-45   2.1e-44  150.3   0.0     4   256     7   254     4   255 0.91 -
C0LGU5               -            614 PK_Tyr_Ser-Thr       PF07714.23   258   1.4e-44  150.9   0.0   1   1   5.8e-45     2e-44  150.4   0.0     5   257   304   571   300   572 0.93 -
Q9FID6               -            813 PK_Tyr_Ser-Thr       PF07714.23   258   1.4e-44  150.9   0.0   1   1   6.9e-45   2.3e-44  150.2   0.0     3   257   498   766   497   767 0.90 -
Q8VHF0               -            797 PK_Tyr_Ser-Thr       PF07714.23   258   1.5e-44  150.8   0.0   1   1   6.8e-45   2.3e-44  150.2   0.0     3   256    58   303    56   304 0.90 -
Q0PW40               -            673 PK_Tyr_Ser-Thr       PF07714.23   258   1.5e-44  150.8   0.0   1   1   7.5e-45   2.6e-44  150.0   0.0     3   258   360   627   358   627 0.84 -
F4IRW0               -            733 PK_Tyr_Ser-Thr       PF07714.23   258   1.6e-44  150.7   0.0   1   1   7.1e-45   2.4e-44  150.1   0.0     4   254    15   263    13   266 0.88 -
Q8TGI1               -            796 PK_Tyr_Ser-Thr       PF07714.23   258   1.6e-44  150.7   0.0   1   1   7.7e-45   2.6e-44  150.0   0.0     4   254    12   298     9   301 0.91 -
Q97IC2               -            657 PK_Tyr_Ser-Thr       PF07714.23   258   1.6e-44  150.7   0.0   1   1   6.2e-45   2.1e-44  150.3   0.0     2   250    11   257    10   266 0.90 -
Q6XHA7               -           3365 PK_Tyr_Ser-Thr       PF07714.23   258   1.6e-44  150.7   0.0   1   1     1e-44   3.4e-44  149.6   0.0     6   258  3013  3262  3010  3262 0.91 -
Q16W24               -            769 PK_Tyr_Ser-Thr       PF07714.23   258   1.7e-44  150.6   0.0   1   1   8.3e-45   2.8e-44  149.9   0.0     3   256    12   259    10   260 0.90 -
Q9FYK0               -            886 PK_Tyr_Ser-Thr       PF07714.23   258   1.7e-44  150.6   0.0   1   1   8.9e-45     3e-44  149.8   0.0     4   258   550   823   547   823 0.87 -
O75011               -            652 PK_Tyr_Ser-Thr       PF07714.23   258   1.7e-44  150.6   0.0   1   1   7.2e-45   2.5e-44  150.1   0.0     4   255    13   259    10   262 0.94 -
Q9LSE1               -            432 PK_Tyr_Ser-Thr       PF07714.23   258   1.9e-44  150.4   0.0   1   1   5.4e-44   1.8e-43  147.2   0.0     4   203    77   275    74   292 0.93 -
Q8RY67               -            708 PK_Tyr_Ser-Thr       PF07714.23   258   2.1e-44  150.3   0.0   1   1   7.8e-44   2.6e-43  146.7   0.0     4   199   351   543   348   566 0.90 -
Q9M345               -            677 PK_Tyr_Ser-Thr       PF07714.23   258   2.3e-44  150.2   0.0   1   1   2.2e-44   7.4e-44  148.5   0.0     4   257   350   618   347   619 0.82 -
Q8GYF5               -            622 PK_Tyr_Ser-Thr       PF07714.23   258   2.4e-44  150.1   0.0   1   1   1.8e-44     6e-44  148.8   0.0     4   258   317   590   314   590 0.83 -
Q9S9U1               -            686 PK_Tyr_Ser-Thr       PF07714.23   258   2.5e-44  150.1   0.0   1   1   1.2e-44     4e-44  149.4   0.0     4   257   350   619   347   620 0.86 -
O95819               -           1239 PK_Tyr_Ser-Thr       PF07714.23   258   2.5e-44  150.0   0.0   1   1   1.4e-44   4.7e-44  149.2   0.0     2   256    26   285    25   286 0.90 -
Q6ZQ29               -           1240 PK_Tyr_Ser-Thr       PF07714.23   258   2.5e-44  150.0   0.0   1   1   1.3e-44   4.6e-44  149.2   0.0     5   254    32   275    28   278 0.89 -
O64629               -            288 PK_Tyr_Ser-Thr       PF07714.23   258   2.8e-44  149.9   0.0   1   1     1e-44   3.4e-44  149.6   0.0     2   256    23   269    22   270 0.93 -
O65440               -            992 PK_Tyr_Ser-Thr       PF07714.23   258   2.9e-44  149.8   0.0   1   1   1.2e-44     4e-44  149.4   0.0     3   257   712   982   710   983 0.88 -
Q54JQ1               -            891 PK_Tyr_Ser-Thr       PF07714.23   258   3.1e-44  149.8   0.0   1   1   1.6e-44   5.5e-44  148.9   0.0     4   256   619   860   616   861 0.93 -
Q9M0G5               -            625 PK_Tyr_Ser-Thr       PF07714.23   258   3.4e-44  149.6   0.0   1   1   1.4e-44   4.9e-44  149.1   0.0     5   256   335   603   331   605 0.89 -
Q96PY6               -           1258 PK_Tyr_Ser-Thr       PF07714.23   258   4.2e-44  149.3   0.0   1   1   3.5e-44   1.2e-43  147.8   0.0     5   256     8   254     5   255 0.92 -
Q54MY9               -            860 PK_Tyr_Ser-Thr       PF07714.23   258   4.4e-44  149.3   0.1   1   1   2.7e-44   9.1e-44  148.2   0.1     2   256   586   832   585   833 0.87 -
Q9FNE1               -            651 PK_Tyr_Ser-Thr       PF07714.23   258   5.3e-44  149.0   0.0   1   1   3.6e-44   1.2e-43  147.8   0.0     3   257   317   587   315   588 0.82 -
Q6H7D2               -            674 PK_Tyr_Ser-Thr       PF07714.23   258   5.3e-44  149.0   0.0   1   1   2.1e-44   7.2e-44  148.6   0.0     5   257   361   626   357   627 0.89 -
Q1PDW3               -            636 PK_Tyr_Ser-Thr       PF07714.23   258   5.5e-44  148.9   0.0   1   1     5e-44   1.7e-43  147.3   0.0     4   218    77   292    74   349 0.84 -
Q7RAH3               -            535 PK_Tyr_Ser-Thr       PF07714.23   258   5.5e-44  148.9   0.4   1   1     4e-44   1.3e-43  147.7   0.1     5   253    61   317    58   321 0.86 -
Q9ZNQ8               -            633 PK_Tyr_Ser-Thr       PF07714.23   258   6.1e-44  148.8   0.0   1   1   2.7e-44   9.2e-44  148.2   0.0     5   257   288   555   284   556 0.84 -
Q755C4               -            367 PK_Tyr_Ser-Thr       PF07714.23   258   6.8e-44  148.6   0.0   1   1   2.6e-44   8.9e-44  148.3   0.0     2   256   110   356   109   357 0.91 -
Q9LSC2               -            361 PK_Tyr_Ser-Thr       PF07714.23   258   7.2e-44  148.5   0.0   1   1   4.3e-44   1.5e-43  147.6   0.0     3   258    41   311    39   311 0.88 -
O43353               -            540 PK_Tyr_Ser-Thr       PF07714.23   258   7.2e-44  148.5   0.0   1   1   3.1e-44     1e-43  148.0   0.0     5   256    22   288    18   290 0.83 -
Q9M342               -            639 PK_Tyr_Ser-Thr       PF07714.23   258   7.8e-44  148.4   0.0   1   1   3.6e-44   1.2e-43  147.8   0.0     4   252   357   626   354   632 0.85 -
C0LGJ1               -           1106 PK_Tyr_Ser-Thr       PF07714.23   258   7.9e-44  148.4   0.0   1   1   3.6e-44   1.2e-43  147.8   0.0     4   257   817  1084   814  1085 0.85 -
Q08942               -            431 PK_Tyr_Ser-Thr       PF07714.23   258   8.6e-44  148.3   0.0   1   1   3.5e-44   1.2e-43  147.9   0.0     7   255    26   274    21   276 0.91 -
O01427               -            305 PK_Tyr_Ser-Thr       PF07714.23   258   8.8e-44  148.3   0.0   1   1   3.1e-44   1.1e-43  148.0   0.0     2   256    31   276    30   278 0.92 -
Q9SR87               -            693 PK_Tyr_Ser-Thr       PF07714.23   258   8.8e-44  148.3   0.0   1   1   4.6e-44   1.6e-43  147.5   0.0     4   256   371   634   368   636 0.84 -
Q9FIJ6               -            751 PK_Tyr_Ser-Thr       PF07714.23   258   9.4e-44  148.2   0.0   1   1   4.5e-44   1.5e-43  147.5   0.0     6   258   448   729   443   729 0.81 -
P87248               -            675 PK_Tyr_Ser-Thr       PF07714.23   258   9.6e-44  148.1   0.0   1   1   6.8e-44   2.3e-43  146.9   0.0     4   254    28   322    25   325 0.90 -
Q8BTW9               -            593 PK_Tyr_Ser-Thr       PF07714.23   258   9.8e-44  148.1   0.0   1   1   3.8e-44   1.3e-43  147.7   0.0     6   256   328   570   323   571 0.93 -
Q9M3D7               -            667 PK_Tyr_Ser-Thr       PF07714.23   258     1e-43  148.0   0.0   1   1   4.7e-44   1.6e-43  147.4   0.0     5   257   354   617   350   618 0.80 -
D7UQM5               -            407 PK_Tyr_Ser-Thr       PF07714.23   258   1.1e-43  148.0   0.0   1   1     5e-44   1.7e-43  147.3   0.0     3   254   149   393   147   396 0.91 -
Q9R0A5               -            511 PK_Tyr_Ser-Thr       PF07714.23   258   1.1e-43  147.9   0.0   1   1   4.5e-44   1.5e-43  147.5   0.0     3   255     6   250     4   252 0.91 -
W0T9X4               -            836 PK_Tyr_Ser-Thr       PF07714.23   258   1.2e-43  147.9   0.0   1   1     5e-44   1.7e-43  147.3   0.0     3   254    23   315    21   318 0.91 -
O49445               -            681 PK_Tyr_Ser-Thr       PF07714.23   258   1.2e-43  147.9   0.0   1   1   4.7e-44   1.6e-43  147.4   0.0     5   258   353   619   349   619 0.89 -
P15442               -           1659 PK_Tyr_Ser-Thr       PF07714.23   258   1.3e-43  147.7   0.0   1   3   1.3e-08   4.3e-08   31.3   0.0    39   248   297   515   293   523 0.73 -
P15442               -           1659 PK_Tyr_Ser-Thr       PF07714.23   258   1.3e-43  147.7   0.0   2   3   1.6e-06   5.3e-06   24.4   0.0     5    74   603   666   599   684 0.88 -
P15442               -           1659 PK_Tyr_Ser-Thr       PF07714.23   258   1.3e-43  147.7   0.0   3   3   1.1e-25   3.6e-25   87.3   0.0    39   255   746   976   741   978 0.83 -
O01775               -            357 PK_Tyr_Ser-Thr       PF07714.23   258   1.4e-43  147.6   0.1   1   1   5.2e-44   1.8e-43  147.3   0.1     4   256     7   263     4   264 0.93 -
C0LGD9               -            871 PK_Tyr_Ser-Thr       PF07714.23   258   1.4e-43  147.6   0.0   1   1   8.3e-44   2.8e-43  146.6   0.0     2   257   571   835   570   836 0.84 -
Q9C660               -            762 PK_Tyr_Ser-Thr       PF07714.23   258   1.6e-43  147.4   0.0   1   1     1e-43   3.5e-43  146.3   0.0     5   257   434   702   430   703 0.85 -
Q1PE89               -            389 PK_Tyr_Ser-Thr       PF07714.23   258     2e-43  147.1   0.0   1   1   1.3e-43   4.5e-43  145.9   0.0     6   205    76   290    71   345 0.82 -
Q95ZQ4               -            626 PK_Tyr_Ser-Thr       PF07714.23   258     2e-43  147.1   0.0   1   1   9.3e-44   3.2e-43  146.4   0.0     3   255    89   334    87   336 0.91 -
Q54TA3               -            773 PK_Tyr_Ser-Thr       PF07714.23   258   2.1e-43  147.0   0.0   1   1   1.1e-43   3.9e-43  146.2   0.0     3   256    48   296    46   297 0.88 -
Q75CH3               -            972 PK_Tyr_Ser-Thr       PF07714.23   258   2.1e-43  147.0   0.0   1   1   1.2e-43   4.1e-43  146.1   0.0     3   254    20   313    18   316 0.89 -
Q6UD73               -            620 PK_Tyr_Ser-Thr       PF07714.23   258   2.2e-43  146.9   0.0   1   1   1.1e-43   3.8e-43  146.2   0.0     2   257   323   591   322   592 0.90 -
Q8LPS5               -            601 PK_Tyr_Ser-Thr       PF07714.23   258   2.3e-43  146.9   0.0   1   1   8.8e-44     3e-43  146.5   0.0     4   258   278   549   275   549 0.93 -
Q0JI49               -            502 PK_Tyr_Ser-Thr       PF07714.23   258   2.3e-43  146.9   0.0   1   1   9.6e-44   3.2e-43  146.4   0.0     3   255    14   262    12   264 0.92 -
C0LGD8               -            864 PK_Tyr_Ser-Thr       PF07714.23   258   2.6e-43  146.7   0.0   1   1   1.6e-43   5.4e-43  145.7   0.0     4   258   563   827   561   827 0.89 -
Q9LZF8               -            420 PK_Tyr_Ser-Thr       PF07714.23   258   2.7e-43  146.7   0.0   1   1   1.9e-43   6.3e-43  145.5   0.0     6   256    86   360    81   362 0.86 -
X5M5N0               -           1850 PK_Tyr_Ser-Thr       PF07714.23   258   2.7e-43  146.7   0.0   1   1   1.3e-43   4.5e-43  145.9   0.0     1   255   334   591   334   593 0.87 -
B4MXR8               -            787 PK_Tyr_Ser-Thr       PF07714.23   258   2.8e-43  146.6   0.1   1   1   1.3e-43   4.4e-43  146.0   0.1     3   256    16   264    14   265 0.90 -
Q9LT35               -            416 PK_Tyr_Ser-Thr       PF07714.23   258   2.8e-43  146.6   0.0   1   1   1.4e-43   4.7e-43  145.9   0.0     3   256     6   253     4   254 0.89 -
Q5UQ78               -            450 PK_Tyr_Ser-Thr       PF07714.23   258   3.1e-43  146.5   0.1   1   1   1.3e-43   4.2e-43  146.0   0.1     4   255    12   285    10   288 0.90 -
Q8TFN2               -            804 PK_Tyr_Ser-Thr       PF07714.23   258   3.2e-43  146.4   0.0   1   1   1.5e-43   4.9e-43  145.8   0.0     3   254    14   302    12   305 0.90 -
Q6R2K3               -            776 PK_Tyr_Ser-Thr       PF07714.23   258   3.4e-43  146.4   0.0   1   1   1.4e-43   4.9e-43  145.8   0.0     4   258   488   759   485   759 0.92 -
Q10407               -           1116 PK_Tyr_Ser-Thr       PF07714.23   258   3.6e-43  146.3   0.0   1   1   1.9e-43   6.3e-43  145.5   0.0     4   256   828  1090   826  1091 0.84 -
Q9FIZ3               -           1252 PK_Tyr_Ser-Thr       PF07714.23   258   3.9e-43  146.2   0.1   1   1   3.1e-43   1.1e-42  144.7   0.1     6   255   953  1229   948  1232 0.86 -
Q6FL58               -            942 PK_Tyr_Ser-Thr       PF07714.23   258   4.1e-43  146.1   0.0   1   1   2.1e-43   7.2e-43  145.3   0.0     3   254    13   306    11   309 0.89 -
P45894               -            589 PK_Tyr_Ser-Thr       PF07714.23   258   4.7e-43  145.9   0.0   1   1   2.2e-43   7.6e-43  145.2   0.0     3   256    26   272    24   273 0.92 -
Q8LPB4               -           1021 PK_Tyr_Ser-Thr       PF07714.23   258   4.8e-43  145.8   0.0   1   1   2.7e-43   9.2e-43  144.9   0.0     4   256   746  1012   743  1014 0.85 -
P0C8M8               -            626 PK_Tyr_Ser-Thr       PF07714.23   258   5.1e-43  145.8   0.0   1   1   2.2e-43   7.5e-43  145.2   0.0     4   256    39   287    36   288 0.90 -
A7SNN5               -            978 PK_Tyr_Ser-Thr       PF07714.23   258   5.7e-43  145.6   0.0   1   1   2.8e-43   9.5e-43  144.9   0.0     3   255    15   261    13   263 0.91 -
F4JY37               -           1366 PK_Tyr_Ser-Thr       PF07714.23   258     6e-43  145.5   0.0   1   1   2.9e-43   9.9e-43  144.8   0.0     3   254     6   247     4   250 0.93 -
Q9LFS4               -            638 PK_Tyr_Ser-Thr       PF07714.23   258   6.2e-43  145.5   0.0   1   1   4.5e-43   1.5e-42  144.2   0.0     4   258   315   583   312   583 0.92 -
Q9FLV4               -            872 PK_Tyr_Ser-Thr       PF07714.23   258   6.3e-43  145.5   0.0   1   1   2.8e-43   9.5e-43  144.9   0.0     3   257   532   800   531   801 0.91 -
Q5WA76               -            805 PK_Tyr_Ser-Thr       PF07714.23   258   6.7e-43  145.4   0.0   1   1   3.7e-43   1.2e-42  144.5   0.0     6   251   450   700   445   705 0.86 -
C0LGF4               -            591 PK_Tyr_Ser-Thr       PF07714.23   258   6.7e-43  145.4   0.0   1   1   2.8e-43   9.4e-43  144.9   0.0     4   257   309   572   306   573 0.88 -
I1RNG8               -            944 PK_Tyr_Ser-Thr       PF07714.23   258   6.8e-43  145.4   0.0   1   1   3.7e-43   1.3e-42  144.5   0.0     3   254    26   321    24   324 0.91 -
Q55BN8               -            418 PK_Tyr_Ser-Thr       PF07714.23   258   7.5e-43  145.2   1.2   1   1   2.7e-43   9.2e-43  144.9   0.0     5   255     8   259     4   261 0.87 -
Q94CU5               -            943 PK_Tyr_Ser-Thr       PF07714.23   258   7.6e-43  145.2   0.0   1   1   3.8e-43   1.3e-42  144.5   0.0     3   256    10   258     8   259 0.89 -
Q5A649               -            834 PK_Tyr_Ser-Thr       PF07714.23   258   7.7e-43  145.2   0.0   1   1   4.1e-43   1.4e-42  144.3   0.0     3   254    60   348    58   351 0.90 -
Q6H9I1               -            952 PK_Tyr_Ser-Thr       PF07714.23   258     8e-43  145.1   0.0   1   1     5e-43   1.7e-42  144.1   0.0     2   253    24   322    23   326 0.91 -
G5EDA5               -            550 PK_Tyr_Ser-Thr       PF07714.23   258   8.6e-43  145.0   0.0   1   1   4.5e-43   1.5e-42  144.2   0.0     3   257   250   525   248   526 0.81 -
Q8C0V7               -            499 PK_Tyr_Ser-Thr       PF07714.23   258   9.9e-43  144.8   0.0   1   1   4.2e-43   1.4e-42  144.3   0.0     6   256    19   258    14   259 0.90 -
C0LGT1               -            613 PK_Tyr_Ser-Thr       PF07714.23   258     1e-42  144.8   0.0   1   1   4.6e-43   1.5e-42  144.2   0.0     4   258   293   564   290   564 0.90 -
Q6H7U5               -            493 PK_Tyr_Ser-Thr       PF07714.23   258   1.1e-42  144.7   0.0   1   1   4.4e-43   1.5e-42  144.2   0.0     2   255    13   261    12   263 0.91 -
Q9FJ54               -            439 PK_Tyr_Ser-Thr       PF07714.23   258   1.1e-42  144.7   0.0   1   1   4.8e-43   1.6e-42  144.1   0.0     2   256    13   262    12   263 0.93 -
Q80XP9               -           1757 PK_Tyr_Ser-Thr       PF07714.23   258   1.6e-42  144.1   0.1   1   1   8.7e-43   2.9e-42  143.3   0.1     2   256   147   400   146   402 0.88 -
Q9BYP7               -           1800 PK_Tyr_Ser-Thr       PF07714.23   258   1.7e-42  144.0   0.0   1   1   1.2e-42   3.9e-42  142.9   0.0     2   256   148   401   147   403 0.88 -
P83097               -            791 PK_Tyr_Ser-Thr       PF07714.23   258   1.7e-42  144.0   0.0   1   1   7.9e-43   2.7e-42  143.4   0.0     2   254   494   750   493   753 0.92 -
P57078               -            832 PK_Tyr_Ser-Thr       PF07714.23   258   1.8e-42  144.0   0.0   1   1   7.8e-43   2.6e-42  143.4   0.0     5   252    26   277    22   279 0.89 -
Q6BS08               -            875 PK_Tyr_Ser-Thr       PF07714.23   258   1.9e-42  143.9   0.0   1   1   1.1e-42   3.7e-42  142.9   0.0     4   254    25   312    22   315 0.90 -
Q8VYT3               -            648 PK_Tyr_Ser-Thr       PF07714.23   258   1.9e-42  143.9   0.0   1   1   7.9e-43   2.7e-42  143.4   0.0     4   256   306   570   303   572 0.91 -
Q86I06               -           1123 PK_Tyr_Ser-Thr       PF07714.23   258     2e-42  143.9   0.0   1   1   1.1e-42   3.9e-42  142.9   0.0     4   256     7   260     4   261 0.91 -
Q9ZWC8               -           1166 PK_Tyr_Ser-Thr       PF07714.23   258     2e-42  143.8   0.0   1   1     1e-42   3.4e-42  143.1   0.0     4   255   862  1131   859  1134 0.81 -
Q5XF57               -            579 PK_Tyr_Ser-Thr       PF07714.23   258   2.1e-42  143.8   0.0   1   1   8.2e-43   2.8e-42  143.4   0.0     3   257   269   533   267   534 0.93 -
P50528               -            683 PK_Tyr_Ser-Thr       PF07714.23   258   2.3e-42  143.6   0.0   1   1   1.1e-42   3.7e-42  142.9   0.0     5   256    45   292    41   293 0.91 -
Q9NRH2               -            765 PK_Tyr_Ser-Thr       PF07714.23   258   2.4e-42  143.5   0.0   1   1     1e-42   3.5e-42  143.0   0.0     3   256    18   265    16   266 0.91 -
Q54TN4               -            715 PK_Tyr_Ser-Thr       PF07714.23   258   2.5e-42  143.5   0.3   1   1   7.4e-43   2.5e-42  143.5   0.3     9   256   435   679   431   680 0.89 -
C0LGP9               -            784 PK_Tyr_Ser-Thr       PF07714.23   258   2.5e-42  143.5   0.0   1   1   1.2e-42   4.1e-42  142.8   0.0     4   258   491   756   488   756 0.89 -
B0XXN8               -           1617 PK_Tyr_Ser-Thr       PF07714.23   258   2.7e-42  143.4   0.0   1   1   1.1e-42   3.9e-42  142.9   0.0     4   255  1326  1590  1323  1592 0.81 -
A7TIZ4               -            994 PK_Tyr_Ser-Thr       PF07714.23   258   2.7e-42  143.4   0.0   1   1   2.1e-42     7e-42  142.0   0.0     3   254     9   325     7   328 0.90 -
Q9LZV7               -            967 PK_Tyr_Ser-Thr       PF07714.23   258     3e-42  143.2   0.0   1   1   1.2e-42   4.1e-42  142.8   0.0     2   257   688   955   687   956 0.93 -
Q23356               -           1096 PK_Tyr_Ser-Thr       PF07714.23   258     3e-42  143.2   0.0   1   1   1.3e-42   4.3e-42  142.7   0.0     2   254    22   282    21   285 0.90 -
P54645               -            559 PK_Tyr_Ser-Thr       PF07714.23   258   3.1e-42  143.2   0.0   1   1   1.3e-42   4.3e-42  142.7   0.0     3   256    29   275    27   276 0.91 -
Q9JIH7               -           2126 PK_Tyr_Ser-Thr       PF07714.23   258   3.4e-42  143.1   0.1   1   1   1.6e-42   5.3e-42  142.4   0.1     2   256   222   475   221   477 0.88 -
Q9LSR8               -            766 PK_Tyr_Ser-Thr       PF07714.23   258   3.7e-42  142.9   0.0   1   1   1.9e-42   6.6e-42  142.1   0.0     4   255   347   609   344   612 0.80 -
Q8SSV3               -            652 PK_Tyr_Ser-Thr       PF07714.23   258   3.8e-42  142.9   1.3   1   1   1.2e-42     4e-42  142.8   0.0     9   256   377   622   374   623 0.91 -
Q9Y6R4               -           1608 PK_Tyr_Ser-Thr       PF07714.23   258   3.9e-42  142.9   0.1   1   1   3.2e-42   1.1e-41  141.4   0.0     4   255  1346  1596  1343  1598 0.92 -
Q8XJL8               -            685 PK_Tyr_Ser-Thr       PF07714.23   258     4e-42  142.8   0.0   1   1   1.7e-42   5.7e-42  142.3   0.0     3   250    12   257    10   266 0.90 -
Q9H4A3               -           2382 PK_Tyr_Ser-Thr       PF07714.23   258     4e-42  142.8   0.1   1   1   1.8e-42   6.2e-42  142.2   0.1     2   256   222   475   221   477 0.88 -
Q869W6               -            349 PK_Tyr_Ser-Thr       PF07714.23   258   4.2e-42  142.8   0.0   1   1   1.5e-42   5.2e-42  142.5   0.0     3   258    58   311    56   311 0.89 -
Q8GY82               -            351 PK_Tyr_Ser-Thr       PF07714.23   258   4.4e-42  142.7   0.0   1   1   1.9e-42   6.3e-42  142.2   0.0     3   255    39   304    38   307 0.86 -
Q9C562               -            479 PK_Tyr_Ser-Thr       PF07714.23   258   5.1e-42  142.5   0.0   1   1   2.2e-42   7.6e-42  141.9   0.0     4   256    15   262    12   263 0.91 -
Q8S8S7               -            801 PK_Tyr_Ser-Thr       PF07714.23   258   5.2e-42  142.5   0.0   1   1   1.9e-41   6.4e-41  138.9   0.0     4   252   445   698   442   703 0.87 -
M9PGC5               -           2462 PK_Tyr_Ser-Thr       PF07714.23   258   5.5e-42  142.4   0.0   1   1   1.6e-42   5.5e-42  142.4   0.0     2   256   472   725   471   726 0.90 -
Q8SWM6               -            472 PK_Tyr_Ser-Thr       PF07714.23   258   5.6e-42  142.4   0.0   1   1   2.2e-42   7.4e-42  142.0   0.0     3   256    26   275    24   277 0.88 -
Q8RWZ5               -            821 PK_Tyr_Ser-Thr       PF07714.23   258   5.6e-42  142.4   0.0   1   1   2.5e-42   8.6e-42  141.8   0.0     4   258   496   764   494   764 0.85 -
O35099               -           1380 PK_Tyr_Ser-Thr       PF07714.23   258   5.7e-42  142.3   0.0   1   1   2.9e-42   9.8e-42  141.6   0.0     6   254   692   939   690   942 0.90 -
Q1DN93               -            969 PK_Tyr_Ser-Thr       PF07714.23   258     6e-42  142.2   0.0   1   1   3.4e-42   1.1e-41  141.3   0.0     3   254    32   329    30   332 0.92 -
Q8CFH6               -            931 PK_Tyr_Ser-Thr       PF07714.23   258     6e-42  142.2   0.0   1   1   2.8e-42   9.6e-42  141.6   0.0     4   256    23   267    20   268 0.90 -
Q91819               -            408 PK_Tyr_Ser-Thr       PF07714.23   258   6.2e-42  142.2   0.0   1   1   2.4e-42     8e-42  141.8   0.0     2   255   141   385   140   387 0.89 -
A2AQW0               -           1331 PK_Tyr_Ser-Thr       PF07714.23   258   6.6e-42  142.1   0.0   1   1   3.2e-42   1.1e-41  141.4   0.0     6   256   661   908   658   909 0.93 -
Q8W4S5               -            614 PK_Tyr_Ser-Thr       PF07714.23   258   6.7e-42  142.1   0.0   1   1   2.8e-42   9.6e-42  141.6   0.0     5   258   293   562   289   562 0.93 -
I1Z695               -            986 PK_Tyr_Ser-Thr       PF07714.23   258   7.4e-42  142.0   0.0   1   1   2.9e-42   9.8e-42  141.6   0.0     6   258   658   920   653   920 0.91 -
Q6YY75               -            534 PK_Tyr_Ser-Thr       PF07714.23   258   7.5e-42  141.9   0.0   1   1   3.6e-42   1.2e-41  141.2   0.0     3   255     6   252     4   254 0.88 -
Q9FN37               -           1036 PK_Tyr_Ser-Thr       PF07714.23   258   7.8e-42  141.9   0.0   1   1   3.5e-42   1.2e-41  141.3   0.0     4   256   757  1023   754  1025 0.91 -
P05986               -            398 PK_Tyr_Ser-Thr       PF07714.23   258   7.9e-42  141.9   0.0   1   1   3.1e-42   1.1e-41  141.4   0.0     2   248    89   325    88   329 0.89 -
P92958               -            512 PK_Tyr_Ser-Thr       PF07714.23   258   9.1e-42  141.7   0.0   1   1   3.9e-42   1.3e-41  141.1   0.0     2   256    21   268    20   269 0.90 -
Q9LY03               -            964 PK_Tyr_Ser-Thr       PF07714.23   258   9.2e-42  141.7   0.0   1   1   3.7e-42   1.3e-41  141.2   0.0     3   213   680   888   678   948 0.90 -
P17801               -            817 PK_Tyr_Ser-Thr       PF07714.23   258   9.3e-42  141.6   0.0   1   1     7e-42   2.4e-41  140.3   0.0     3   258   536   812   534   812 0.89 -
Q8VYY5               -            565 PK_Tyr_Ser-Thr       PF07714.23   258   9.4e-42  141.6   0.0   1   1   5.7e-42   1.9e-41  140.6   0.0     4   258   213   492   210   492 0.87 -
P51955               -            445 PK_Tyr_Ser-Thr       PF07714.23   258   9.7e-42  141.6   0.1   1   1   6.7e-42   2.3e-41  140.4   0.0     5   256    12   267     8   268 0.87 -
Q9IA88               -            798 PK_Tyr_Ser-Thr       PF07714.23   258   9.7e-42  141.6   0.0   1   1   4.6e-42   1.6e-41  140.9   0.0     3   256    28   273    26   274 0.91 -
Q6P4S6               -           1369 PK_Tyr_Ser-Thr       PF07714.23   258     1e-41  141.5   0.0   1   1   6.4e-42   2.2e-41  140.4   0.0     2   256    67   313    66   314 0.90 -
Q9Y2K2               -           1321 PK_Tyr_Ser-Thr       PF07714.23   258   1.1e-41  141.5   0.0   1   1   6.8e-42   2.3e-41  140.3   0.0     2   256    67   313    66   314 0.89 -
Q9LY50               -            814 PK_Tyr_Ser-Thr       PF07714.23   258   1.1e-41  141.5   0.0   1   1   7.4e-42   2.5e-41  140.2   0.0     2   256   497   788   496   790 0.80 -
Q9R0G8               -           1455 PK_Tyr_Ser-Thr       PF07714.23   258   1.2e-41  141.3   0.1   1   1   1.9e-40   6.6e-40  135.6   0.1     3   251    27   304    25   310 0.81 -
C0LGF5               -           1072 PK_Tyr_Ser-Thr       PF07714.23   258   1.2e-41  141.3   0.0   1   1   5.8e-42     2e-41  140.6   0.0     4   257   775  1048   772  1049 0.83 -
P10741               -            349 PK_Tyr_Ser-Thr       PF07714.23   258   1.2e-41  141.3   0.0   1   1   4.2e-42   1.4e-41  141.0   0.0     3   257    66   341    64   342 0.87 -
Q9D2Y4               -            472 PK_Tyr_Ser-Thr       PF07714.23   258   1.3e-41  141.2   0.0   1   1   9.3e-42   3.1e-41  139.9   0.0     7   251   198   446   195   448 0.88 -
Q8IVH8               -            894 PK_Tyr_Ser-Thr       PF07714.23   258   1.6e-41  140.9   0.0   1   1   6.8e-42   2.3e-41  140.3   0.0     2   256    17   269    16   270 0.91 -
A8WWX1               -            545 PK_Tyr_Ser-Thr       PF07714.23   258   1.6e-41  140.8   0.0   1   1   6.6e-42   2.2e-41  140.4   0.0     5   256    57   303    54   305 0.89 -
Q6FV07               -            358 PK_Tyr_Ser-Thr       PF07714.23   258   1.6e-41  140.8   0.0   1   1   5.9e-42     2e-41  140.5   0.0     2   254   101   345   100   348 0.92 -
Q81WH6               -            657 PK_Tyr_Ser-Thr       PF07714.23   258   1.7e-41  140.7   0.0   1   1   7.6e-42   2.6e-41  140.2   0.0     2   250    12   258    11   265 0.90 -
F4I3V3               -            636 PK_Tyr_Ser-Thr       PF07714.23   258   1.8e-41  140.7   0.0   1   2   2.8e-40   9.4e-40  135.1   0.0     4   207   327   545   324   567 0.81 -
F4I3V3               -            636 PK_Tyr_Ser-Thr       PF07714.23   258   1.8e-41  140.7   0.0   2   2       3.8        13    3.5   0.0   232   258   593   619   589   619 0.90 -
Q9C7T7               -            977 PK_Tyr_Ser-Thr       PF07714.23   258   1.8e-41  140.7   0.0   1   1   7.3e-42   2.5e-41  140.2   0.0     4   258   686   958   683   958 0.87 -
Q8IY84               -            436 PK_Tyr_Ser-Thr       PF07714.23   258   1.9e-41  140.6   0.0   1   1   7.4e-42   2.5e-41  140.2   0.0     4   255    77   320    74   322 0.88 -
Q9Y7T4               -            830 PK_Tyr_Ser-Thr       PF07714.23   258     2e-41  140.6   0.0   1   1   9.1e-42   3.1e-41  139.9   0.0     3   251    16   298    14   305 0.91 -
Q8C0X8               -            640 PK_Tyr_Ser-Thr       PF07714.23   258     2e-41  140.5   0.0   1   1   9.5e-42   3.2e-41  139.9   0.0     3   255    26   266    24   268 0.89 -
Q9ZPS9               -           1143 PK_Tyr_Ser-Thr       PF07714.23   258   2.1e-41  140.5   0.0   1   1   1.6e-41   5.4e-41  139.1   0.0     4   207   841  1045   838  1126 0.87 -
O64774               -            749 PK_Tyr_Ser-Thr       PF07714.23   258   2.1e-41  140.5   0.0   1   1     9e-42     3e-41  140.0   0.0     2   257   455   706   454   707 0.86 -
P13185               -           1064 PK_Tyr_Ser-Thr       PF07714.23   258   2.2e-41  140.4   0.4   1   1   4.9e-40   1.6e-39  134.3   0.4    29   256   172   394   120   395 0.85 -
P84199               -            981 PK_Tyr_Ser-Thr       PF07714.23   258   2.5e-41  140.3   0.1   1   1   1.2e-41   3.9e-41  139.6   0.1     3   253   455   712   453   716 0.83 -
Q8SRL5               -            272 PK_Tyr_Ser-Thr       PF07714.23   258   2.5e-41  140.2   0.0   1   1   8.7e-42     3e-41  140.0   0.0     2   253    11   256    10   260 0.89 -
A1A5Q6               -            654 PK_Tyr_Ser-Thr       PF07714.23   258   2.5e-41  140.2   0.0   1   1   1.2e-41   3.9e-41  139.6   0.0     4   256    27   267    24   268 0.90 -
Q94CG0               -            416 PK_Tyr_Ser-Thr       PF07714.23   258   2.5e-41  140.2   0.0   1   1   1.1e-41   3.7e-41  139.7   0.0     2   255    13   258    12   260 0.88 -
Q9CEF5               -            627 PK_Tyr_Ser-Thr       PF07714.23   258   2.5e-41  140.2   0.0   1   1   1.1e-41   3.9e-41  139.6   0.0     3   249    14   259    12   268 0.89 -
Q86AD7               -            392 PK_Tyr_Ser-Thr       PF07714.23   258   2.6e-41  140.2   0.0   1   1   1.1e-41   3.6e-41  139.7   0.0     3   256    22   274    20   275 0.87 -
Q9LHP4               -           1141 PK_Tyr_Ser-Thr       PF07714.23   258   2.6e-41  140.2   0.0   1   1     1e-41   3.5e-41  139.7   0.0     5   257   790  1062   786  1063 0.84 -
U4PR86               -            706 PK_Tyr_Ser-Thr       PF07714.23   258   2.6e-41  140.2   0.0   1   1   1.4e-41   4.7e-41  139.3   0.0     3   256    13   261    11   262 0.92 -
Q05652               -            501 PK_Tyr_Ser-Thr       PF07714.23   258   2.6e-41  140.2   0.0   1   1   2.1e-41   7.2e-41  138.7   0.0     5   257   217   494   214   495 0.76 -
Q6C7U0               -            710 PK_Tyr_Ser-Thr       PF07714.23   258   2.7e-41  140.1   0.0   1   1   1.2e-41   4.2e-41  139.5   0.0     3   254     9   293     7   296 0.90 -
A2QIL5               -           1007 PK_Tyr_Ser-Thr       PF07714.23   258     3e-41  140.0   0.0   1   1   1.6e-41   5.3e-41  139.2   0.0     4   252    33   328    30   333 0.91 -
Q9ZUI0               -            980 PK_Tyr_Ser-Thr       PF07714.23   258   3.1e-41  139.9   0.0   1   1   1.5e-41     5e-41  139.3   0.0     4   257   664   952   661   953 0.83 -
Q9FHX3               -            691 PK_Tyr_Ser-Thr       PF07714.23   258   3.1e-41  139.9   0.0   1   1   1.2e-41   4.1e-41  139.5   0.0     5   256   370   642   366   644 0.88 -
Q9FRS6               -           1029 PK_Tyr_Ser-Thr       PF07714.23   258   3.5e-41  139.7   0.0   1   1   1.6e-41   5.6e-41  139.1   0.0     3   257   716   999   714  1000 0.81 -
Q9C823               -            552 PK_Tyr_Ser-Thr       PF07714.23   258   3.5e-41  139.7   0.0   1   1     2e-41   6.8e-41  138.8   0.0    24   258   286   542   270   542 0.92 -
Q551H4               -           1028 PK_Tyr_Ser-Thr       PF07714.23   258   3.6e-41  139.7   0.0   1   1   1.9e-41   6.5e-41  138.9   0.0     2   255    72   325    71   327 0.90 -
Q54YF2               -            727 PK_Tyr_Ser-Thr       PF07714.23   258   4.2e-41  139.5   0.0   1   1   1.9e-41   6.3e-41  138.9   0.0     3   256    33   280    31   281 0.89 -
Q92918               -            833 PK_Tyr_Ser-Thr       PF07714.23   258   4.5e-41  139.4   0.0   1   1   1.9e-41   6.5e-41  138.9   0.0     3   255    19   269    17   272 0.91 -
Q9SLI2               -            612 PK_Tyr_Ser-Thr       PF07714.23   258   4.6e-41  139.4   0.0   1   1   1.9e-41   6.6e-41  138.9   0.0     2   256     5   254     4   255 0.90 -
Q76P07               -            833 PK_Tyr_Ser-Thr       PF07714.23   258   4.6e-41  139.4   0.0   1   1   2.4e-41     8e-41  138.6   0.0     3   256    11   258     9   259 0.89 -
P93050               -            617 PK_Tyr_Ser-Thr       PF07714.23   258   4.7e-41  139.3   0.0   1   1   1.9e-41   6.4e-41  138.9   0.0     4   258   286   557   283   557 0.92 -
P85193               -            242 PK_Tyr_Ser-Thr       PF07714.23   258   4.8e-41  139.3   0.0   1   1   1.6e-41   5.5e-41  139.1   0.0     4   193    52   242    49   242 0.91 -
Q60DG4               -            943 PK_Tyr_Ser-Thr       PF07714.23   258   4.9e-41  139.3   0.0   1   1   2.2e-41   7.3e-41  138.7   0.0     2   256     9   258     8   259 0.88 -
Q9FGL5               -            966 PK_Tyr_Ser-Thr       PF07714.23   258   5.4e-41  139.1   0.0   1   1   2.5e-41   8.4e-41  138.5   0.0     5   257   660   932   656   933 0.83 -
Q6NSM8               -           1187 PK_Tyr_Ser-Thr       PF07714.23   258   5.5e-41  139.1   0.0   1   1   3.1e-41   1.1e-40  138.2   0.0     2   256    60   306    59   307 0.90 -
Q9FII5               -           1041 PK_Tyr_Ser-Thr       PF07714.23   258   5.6e-41  139.1   0.0   1   1   2.6e-41   8.7e-41  138.5   0.0     3   255   721   994   719   997 0.83 -
Q9M6A7               -            987 PK_Tyr_Ser-Thr       PF07714.23   258   5.7e-41  139.0   0.0   1   1   3.7e-41   1.3e-40  137.9   0.0     3   255   698   968   696   971 0.84 -
Q54SJ5               -            312 PK_Tyr_Ser-Thr       PF07714.23   258   7.4e-41  138.7   0.0   1   1   2.6e-41   8.9e-41  138.4   0.0     3   255    40   285    38   287 0.93 -
P0DL10               -            996 PK_Tyr_Ser-Thr       PF07714.23   258   7.4e-41  138.7   0.0   1   1   2.9e-41   9.7e-41  138.3   0.0     3   258   705   977   703   977 0.91 -
O15865               -            513 PK_Tyr_Ser-Thr       PF07714.23   258   7.6e-41  138.7   0.0   1   1   3.6e-41   1.2e-40  138.0   0.0     3   254    74   320    72   323 0.89 -
Q96J92               -           1243 PK_Tyr_Ser-Thr       PF07714.23   258   7.7e-41  138.6   0.0   1   1   5.8e-41     2e-40  137.3   0.0     2   255   175   427   174   430 0.88 -
Q8BZN4               -            639 PK_Tyr_Ser-Thr       PF07714.23   258   7.7e-41  138.6   0.0   1   1     4e-41   1.3e-40  137.8   0.0     2   255    58   310    57   312 0.85 -
Q9Y572               -            518 PK_Tyr_Ser-Thr       PF07714.23   258   7.8e-41  138.6   0.0   1   1   3.3e-41   1.1e-40  138.1   0.0     2   255    22   280    21   283 0.81 -
Q54QD5               -            485 PK_Tyr_Ser-Thr       PF07714.23   258   7.8e-41  138.6   0.0   1   1   3.6e-41   1.2e-40  138.0   0.0     4   257    15   280    13   281 0.90 -
Q69ZM6               -           1316 PK_Tyr_Ser-Thr       PF07714.23   258   7.9e-41  138.6   0.0   1   1   4.1e-41   1.4e-40  137.8   0.0     3   254     6   248     4   251 0.90 -
Q9URY1               -            672 PK_Tyr_Ser-Thr       PF07714.23   258   8.3e-41  138.5   0.0   1   1   3.5e-41   1.2e-40  138.0   0.0     3   256    33   275    31   276 0.90 -
Q8GUH1               -            834 PK_Tyr_Ser-Thr       PF07714.23   258   8.3e-41  138.5   0.0   1   1     4e-40   1.4e-39  134.5   0.0     6   251   486   732   481   737 0.85 -
Q61084               -            626 PK_Tyr_Ser-Thr       PF07714.23   258   8.6e-41  138.5   0.0   1   1   3.9e-41   1.3e-40  137.9   0.0     4   255   365   617   362   619 0.82 -
O08874               -            985 PK_Tyr_Ser-Thr       PF07714.23   258   9.1e-41  138.4   0.0   1   1   4.1e-41   1.4e-40  137.8   0.0     5   249   662   901   658   905 0.89 -
Q28GW8               -            652 PK_Tyr_Ser-Thr       PF07714.23   258     1e-40  138.2   0.0   1   1   4.5e-41   1.5e-40  137.7   0.0     2   256    14   261    13   262 0.92 -
Q7Z2Y5               -           1582 PK_Tyr_Ser-Thr       PF07714.23   258   1.1e-40  138.2   0.0   1   1   2.9e-40     1e-39  135.0   0.0     3   255    27   308    25   310 0.83 -
Q93VD3               -            482 PK_Tyr_Ser-Thr       PF07714.23   258   1.1e-40  138.2   0.0   1   1   4.4e-41   1.5e-40  137.7   0.0     2   256    32   282    31   283 0.91 -
A0A5K1K8H0           -            568 PK_Tyr_Ser-Thr       PF07714.23   258   1.2e-40  138.0   0.1   1   1   5.8e-41   1.9e-40  137.3   0.1     6   256   130   375   126   376 0.89 -
Q55CL6               -            660 PK_Tyr_Ser-Thr       PF07714.23   258   1.2e-40  138.0   0.0   1   2   6.9e-38   2.3e-37  127.2   0.0     1   230   292   514   292   530 0.91 -
Q55CL6               -            660 PK_Tyr_Ser-Thr       PF07714.23   258   1.2e-40  138.0   0.0   2   2      0.11      0.37    8.6   0.0   220   256   601   637   580   638 0.85 -
P13677               -            700 PK_Tyr_Ser-Thr       PF07714.23   258   1.2e-40  137.9   0.0   1   1   5.7e-41   1.9e-40  137.3   0.0     2   249   372   613   371   619 0.89 -
P34101               -            595 PK_Tyr_Ser-Thr       PF07714.23   258   1.3e-40  137.9   0.0   1   1     6e-41     2e-40  137.3   0.0     3   253   220   472   218   476 0.87 -
Q19469               -            914 PK_Tyr_Ser-Thr       PF07714.23   258   1.6e-40  137.6   0.0   1   1   7.5e-41   2.5e-40  136.9   0.0     2   255    48   293    47   295 0.91 -
Q02111               -            707 PK_Tyr_Ser-Thr       PF07714.23   258   1.6e-40  137.6   0.0   1   1     2e-40   6.8e-40  135.5   0.0     3   249   382   622   380   628 0.90 -
P54739               -            543 PK_Tyr_Ser-Thr       PF07714.23   258   1.8e-40  137.4   0.0   1   1   7.1e-41   2.4e-40  137.0   0.0     4   256    11   271     9   273 0.91 -
Q9ZRF9               -            540 PK_Tyr_Ser-Thr       PF07714.23   258   1.8e-40  137.4   0.0   1   1   7.3e-41   2.5e-40  137.0   0.0     5   256   265   530   261   532 0.89 -
Q558U1               -           2258 PK_Tyr_Ser-Thr       PF07714.23   258   1.9e-40  137.3   2.8   1   4   1.2e-11     4e-11   41.2   0.6    23   139   393   510   385   537 0.84 -
Q558U1               -           2258 PK_Tyr_Ser-Thr       PF07714.23   258   1.9e-40  137.3   2.8   2   4   0.00021    0.0007   17.5   0.0     4    72   897   966   894   972 0.76 -
Q558U1               -           2258 PK_Tyr_Ser-Thr       PF07714.23   258   1.9e-40  137.3   2.8   3   4   3.8e-15   1.3e-14   52.7   0.0    73   152  1260  1338  1251  1360 0.87 -
Q558U1               -           2258 PK_Tyr_Ser-Thr       PF07714.23   258   1.9e-40  137.3   2.8   4   4   9.5e-06   3.2e-05   21.9   0.0   162   256  1384  1478  1373  1479 0.84 -
Q8H1D6               -            467 PK_Tyr_Ser-Thr       PF07714.23   258     2e-40  137.3   0.0   1   1   9.5e-41   3.2e-40  136.6   0.0     4   257   156   420   153   421 0.81 -
P32562               -            705 PK_Tyr_Ser-Thr       PF07714.23   258     2e-40  137.2   0.0   1   1     1e-40   3.4e-40  136.5   0.0     5   256    86   333    82   335 0.88 -
Q8SRF5               -            265 PK_Tyr_Ser-Thr       PF07714.23   258   2.1e-40  137.2   0.0   1   1   7.8e-41   2.6e-40  136.9   0.0     5   258     8   258     5   258 0.86 -
O23304               -            487 PK_Tyr_Ser-Thr       PF07714.23   258   2.1e-40  137.2   0.0   1   1   1.7e-40   5.7e-40  135.8   0.0     3   256    17   289    15   290 0.83 -
P57058               -            714 PK_Tyr_Ser-Thr       PF07714.23   258   2.2e-40  137.1   0.0   1   1   9.2e-41   3.1e-40  136.6   0.0     4   253    65   313    62   317 0.92 -
O49318               -           1124 PK_Tyr_Ser-Thr       PF07714.23   258   2.4e-40  137.0   0.0   1   1   1.5e-40   5.1e-40  135.9   0.0     7   256   825  1097   820  1099 0.83 -
Q8RXC8               -            460 PK_Tyr_Ser-Thr       PF07714.23   258   2.5e-40  137.0   0.0   1   1   1.1e-40   3.8e-40  136.3   0.0     5   255   147   406   143   409 0.81 -
Q9LRT1               -           1016 PK_Tyr_Ser-Thr       PF07714.23   258   2.6e-40  136.9   0.0   1   1   1.1e-40   3.6e-40  136.4   0.0     3   258   728  1001   726  1001 0.84 -
Q9S7I6               -           1151 PK_Tyr_Ser-Thr       PF07714.23   258   2.6e-40  136.9   0.0   1   1   1.1e-40   3.7e-40  136.4   0.0     4   258   877  1143   874  1143 0.91 -
Q9LJM4               -            991 PK_Tyr_Ser-Thr       PF07714.23   258   2.6e-40  136.9   0.0   1   1   1.2e-40     4e-40  136.3   0.0     2   258   672   963   671   963 0.90 -
F1QGZ6               -            676 PK_Tyr_Ser-Thr       PF07714.23   258   2.8e-40  136.8   0.0   1   1   1.3e-40   4.4e-40  136.1   0.0     3   255    15   260    13   262 0.92 -
O34507               -            648 PK_Tyr_Ser-Thr       PF07714.23   258     3e-40  136.7   0.0   1   1   1.3e-40   4.5e-40  136.1   0.0     3   250    13   258    11   265 0.89 -
Q9M0G7               -           1013 PK_Tyr_Ser-Thr       PF07714.23   258   3.1e-40  136.7   0.0   1   1   1.5e-40   5.1e-40  135.9   0.0     3   258   701   976   699   976 0.80 -
Q6Z8C8               -            459 PK_Tyr_Ser-Thr       PF07714.23   258   3.2e-40  136.6   0.5   1   1   2.3e-40   7.6e-40  135.4   0.5     2   201     5   196     4   280 0.83 -
Q32MK0               -            819 PK_Tyr_Ser-Thr       PF07714.23   258   3.2e-40  136.6   0.0   1   1   1.3e-40   4.4e-40  136.2   0.0     3   219   517   726   515   767 0.86 -
Q2QRN7               -            948 PK_Tyr_Ser-Thr       PF07714.23   258   3.3e-40  136.5   0.0   1   1   1.6e-40   5.4e-40  135.8   0.0     4   254   663   944   660   948 0.85 -
Q0WPH8               -            956 PK_Tyr_Ser-Thr       PF07714.23   258   3.5e-40  136.5   0.0   1   1   3.8e-40   1.3e-39  134.6   0.0     2   256     9   258     8   259 0.89 -
Q8K1R7               -            984 PK_Tyr_Ser-Thr       PF07714.23   258   3.6e-40  136.4   0.0   1   1   1.7e-40   5.7e-40  135.8   0.0     5   254    56   302    53   305 0.90 -
Q2H6X2               -            943 PK_Tyr_Ser-Thr       PF07714.23   258   3.7e-40  136.4   0.0   1   1   2.3e-40   7.8e-40  135.3   0.0     3   254    24   321    22   324 0.90 -
C0HKC8               -            504 PK_Tyr_Ser-Thr       PF07714.23   258   4.2e-40  136.2   0.0   1   1   1.7e-40   5.7e-40  135.8   0.0     3   255    30   271    28   273 0.91 -
Q8IWQ3               -            736 PK_Tyr_Ser-Thr       PF07714.23   258   4.4e-40  136.2   0.0   1   1   1.7e-40   5.7e-40  135.8   0.0     3   257    21   267    19   268 0.91 -
Q21307               -            347 PK_Tyr_Ser-Thr       PF07714.23   258   4.5e-40  136.1   0.0   1   1   1.8e-40     6e-40  135.7   0.0     1   255    72   320    72   322 0.92 -
C0LGX3               -            993 PK_Tyr_Ser-Thr       PF07714.23   258   4.6e-40  136.1   0.0   1   1   4.1e-40   1.4e-39  134.5   0.0     4   255   689   983   686   986 0.76 -
Q3UH66               -           2149 PK_Tyr_Ser-Thr       PF07714.23   258   4.7e-40  136.1   0.0   1   1   1.9e-40   6.5e-40  135.6   0.0     2   256   196   449   195   451 0.89 -
Q9SCT4               -            836 PK_Tyr_Ser-Thr       PF07714.23   258   4.7e-40  136.1   0.0   1   1   1.8e-40   6.2e-40  135.7   0.0     5   258   541   805   537   805 0.91 -
Q3UIZ8               -            795 PK_Tyr_Ser-Thr       PF07714.23   258   4.7e-40  136.0   0.1   1   1   4.9e-40   1.7e-39  134.2   0.0     2   219   492   702   491   743 0.85 -
O74536               -            576 PK_Tyr_Ser-Thr       PF07714.23   258     5e-40  136.0   0.0   1   1   2.6e-40   8.7e-40  135.2   0.0     3   256    36   281    34   282 0.88 -
Q9Y3S1               -           2297 PK_Tyr_Ser-Thr       PF07714.23   258   5.1e-40  135.9   0.0   1   1   2.1e-40   7.1e-40  135.5   0.0     2   256   196   449   195   451 0.89 -
Q9S7U9               -            363 PK_Tyr_Ser-Thr       PF07714.23   258   6.1e-40  135.7   0.0   1   1   2.3e-40   7.9e-40  135.3   0.0     2   256    71   326    70   327 0.88 -
P00537               -            376 PK_Tyr_Ser-Thr       PF07714.23   258   6.2e-40  135.7   0.0   1   1   2.2e-40   7.5e-40  135.4   0.0     3   257    96   365    94   366 0.85 -
P62345               -            528 PK_Tyr_Ser-Thr       PF07714.23   258   6.4e-40  135.6   0.1   1   1   2.6e-40   8.9e-40  135.1   0.1     5   253    74   321    70   325 0.87 -
O22932               -            435 PK_Tyr_Ser-Thr       PF07714.23   258   8.9e-40  135.1   0.0   1   1   3.7e-40   1.2e-39  134.7   0.0     2   256    22   273    21   274 0.89 -
Q4P0K0               -            990 PK_Tyr_Ser-Thr       PF07714.23   258   9.2e-40  135.1   0.0   1   1   6.9e-40   2.3e-39  133.8   0.0     3   222    17   269    15   330 0.93 -
Q54VU5               -           1192 PK_Tyr_Ser-Thr       PF07714.23   258   9.3e-40  135.1   0.0   1   1   5.5e-40   1.9e-39  134.1   0.0     6   257   526   777   522   778 0.87 -
P12965               -            359 PK_Tyr_Ser-Thr       PF07714.23   258   9.4e-40  135.1   0.0   1   1   3.3e-40   1.1e-39  134.8   0.0     4   258    66   331    63   331 0.84 -
O14299               -           1401 PK_Tyr_Ser-Thr       PF07714.23   258   9.4e-40  135.1   0.0   1   1   5.8e-40     2e-39  134.0   0.0     7   255  1043  1301  1038  1303 0.80 -
Q9C8M9               -            719 PK_Tyr_Ser-Thr       PF07714.23   258   9.5e-40  135.1   0.0   1   1   4.3e-40   1.5e-39  134.4   0.0     3   258   418   687   416   687 0.89 -
Q6ZWH5               -           1172 PK_Tyr_Ser-Thr       PF07714.23   258   9.6e-40  135.0   0.0   1   1   4.7e-40   1.6e-39  134.3   0.0     4   256   522   781   519   783 0.83 -
A2XW02               -            361 PK_Tyr_Ser-Thr       PF07714.23   258     1e-39  135.0   0.0   1   1   4.3e-40   1.5e-39  134.4   0.0     5   258    71   340    69   340 0.89 -
Q54PK9               -            908 PK_Tyr_Ser-Thr       PF07714.23   258     1e-39  135.0   0.0   1   1   8.2e-40   2.8e-39  133.5   0.0     3   256   273   523   271   524 0.89 -
P22517               -            447 PK_Tyr_Ser-Thr       PF07714.23   258     1e-39  135.0   0.0   1   1   4.7e-40   1.6e-39  134.3   0.0     3   255    49   304    47   306 0.84 -
Q61161               -            821 PK_Tyr_Ser-Thr       PF07714.23   258     1e-39  134.9   0.0   1   1   4.3e-40   1.5e-39  134.4   0.0     2   256    17   269    16   270 0.90 -
Q9LP77               -            655 PK_Tyr_Ser-Thr       PF07714.23   258   1.1e-39  134.9   0.0   1   1   6.2e-40   2.1e-39  133.9   0.0     5   258   375   639   372   639 0.91 -
Q6R2K2               -            687 PK_Tyr_Ser-Thr       PF07714.23   258   1.1e-39  134.8   0.0   1   1   6.1e-40   2.1e-39  133.9   0.0     5   254   419   679   415   683 0.79 -
Q9STF0               -            337 PK_Tyr_Ser-Thr       PF07714.23   258   1.3e-39  134.6   0.0   1   1     1e-39   3.5e-39  133.2   0.0     5   258    54   310    50   310 0.82 -
A4IFM7               -            623 PK_Tyr_Ser-Thr       PF07714.23   258   1.4e-39  134.5   0.0   1   1   5.4e-40   1.8e-39  134.1   0.0     2   254   313   561   312   564 0.86 -
P53350               -            603 PK_Tyr_Ser-Thr       PF07714.23   258   1.4e-39  134.5   0.0   1   1   6.5e-40   2.2e-39  133.9   0.0     5   256    57   301    54   302 0.90 -
A6QGC0               -            664 PK_Tyr_Ser-Thr       PF07714.23   258   1.5e-39  134.4   0.0   1   1   6.7e-40   2.3e-39  133.8   0.0     3   250    12   258    10   267 0.90 -
Q01919               -            800 PK_Tyr_Ser-Thr       PF07714.23   258   1.5e-39  134.4   0.0   1   1   6.4e-40   2.2e-39  133.9   0.0     4   256    49   309    46   311 0.84 -
Q39203               -            797 PK_Tyr_Ser-Thr       PF07714.23   258   1.7e-39  134.2   0.0   1   1   8.4e-40   2.8e-39  133.5   0.0     4   255   464   735   462   738 0.81 -
A0AUV4               -            508 PK_Tyr_Ser-Thr       PF07714.23   258   1.7e-39  134.2   0.0   1   1   7.5e-40   2.5e-39  133.7   0.0     3   256    30   272    28   273 0.92 -
Q9GRT1               -            350 PK_Tyr_Ser-Thr       PF07714.23   258   1.9e-39  134.1   0.0   1   1   7.1e-40   2.4e-39  133.7   0.0     2   255    74   326    73   329 0.87 -
P13186               -           1147 PK_Tyr_Ser-Thr       PF07714.23   258   1.9e-39  134.1   0.3   1   1   1.3e-38   4.4e-38  129.6   0.3    38   256   162   373    99   374 0.90 -
G5EDF7               -            336 PK_Tyr_Ser-Thr       PF07714.23   258   2.1e-39  133.9   0.0   1   1   7.7e-40   2.6e-39  133.6   0.0     3   255    52   306    50   308 0.89 -
Q54G28               -            352 PK_Tyr_Ser-Thr       PF07714.23   258   2.2e-39  133.9   0.0   1   1     8e-40   2.7e-39  133.6   0.0     3   255    53   323    51   326 0.88 -
Q9VKN7               -            329 PK_Tyr_Ser-Thr       PF07714.23   258   2.2e-39  133.8   0.0   1   1   8.7e-40   2.9e-39  133.4   0.0     2   255    54   300    53   302 0.91 -
B5X4Z9               -            617 PK_Tyr_Ser-Thr       PF07714.23   258   2.3e-39  133.8   0.0   1   1   1.2e-39     4e-39  133.0   0.0     3   256   279   543   277   545 0.88 -
Q0D4B2               -            525 PK_Tyr_Ser-Thr       PF07714.23   258   2.3e-39  133.8   0.0   1   1     9e-40   3.1e-39  133.4   0.0     2   254    88   336    87   339 0.89 -
Q52EB3               -            982 PK_Tyr_Ser-Thr       PF07714.23   258   2.3e-39  133.8   0.0   1   1   1.4e-39   4.7e-39  132.8   0.0     3   254    21   318    19   321 0.91 -
O80397               -            366 PK_Tyr_Ser-Thr       PF07714.23   258   2.4e-39  133.8   0.0   1   1     9e-40   3.1e-39  133.4   0.0     4   256    82   330    79   331 0.89 -
B2DD29               -            778 PK_Tyr_Ser-Thr       PF07714.23   258   2.4e-39  133.7   0.0   1   1   9.5e-40   3.2e-39  133.3   0.0     3   256    36   281    34   282 0.91 -
Q7F8Q9               -           1413 PK_Tyr_Ser-Thr       PF07714.23   258   2.4e-39  133.7   0.0   1   1     1e-38   3.5e-38  129.9   0.0     5   207  1111  1312  1108  1326 0.91 -
O80963               -            776 PK_Tyr_Ser-Thr       PF07714.23   258   2.5e-39  133.7   0.0   1   2   5.4e-36   1.8e-35  121.0   0.0     5   159   523   676   519   680 0.91 -
O80963               -            776 PK_Tyr_Ser-Thr       PF07714.23   258   2.5e-39  133.7   0.0   2   2     0.011     0.039   11.8   0.0   182   256   677   764   669   766 0.90 -
Q4R7T5               -            570 PK_Tyr_Ser-Thr       PF07714.23   258   2.8e-39  133.5   0.1   1   1   6.7e-39   2.3e-38  130.5   0.1     7   255    10   282     5   284 0.84 -
P52304               -            576 PK_Tyr_Ser-Thr       PF07714.23   258   3.7e-39  133.1   0.0   1   1   1.7e-39   5.9e-39  132.5   0.0     5   255    29   272    25   274 0.88 -
O64477               -            828 PK_Tyr_Ser-Thr       PF07714.23   258   3.8e-39  133.1   0.0   1   1   4.3e-39   1.5e-38  131.2   0.0     3   213   495   703   494   766 0.86 -
O61267               -            476 PK_Tyr_Ser-Thr       PF07714.23   258   3.9e-39  133.0   0.0   1   1   1.6e-39   5.3e-39  132.6   0.0     4   256   177   437   174   438 0.83 -
Q5S006               -           2527 PK_Tyr_Ser-Thr       PF07714.23   258   3.9e-39  133.0   0.0   1   1   2.3e-39   7.8e-39  132.0   0.0     7   255  1885  2129  1882  2132 0.88 -
Q6R2K1               -            699 PK_Tyr_Ser-Thr       PF07714.23   258   3.9e-39  133.0   0.0   1   1   1.7e-39   5.7e-39  132.5   0.0     5   258   408   672   404   672 0.91 -
Q552Z2               -           1321 PK_Tyr_Ser-Thr       PF07714.23   258     4e-39  133.0   5.0   1   2   8.2e-11   2.8e-10   38.5   0.2    63   199   403   542   369   589 0.72 -
Q552Z2               -           1321 PK_Tyr_Ser-Thr       PF07714.23   258     4e-39  133.0   5.0   2   2   8.3e-28   2.8e-27   94.2   0.7     3   255   862  1110   860  1113 0.86 -
P32490               -            508 PK_Tyr_Ser-Thr       PF07714.23   258     4e-39  133.0   0.0   1   1   1.8e-39   6.2e-39  132.4   0.0     5   256   225   484   221   485 0.82 -
Q8W1D5               -            488 PK_Tyr_Ser-Thr       PF07714.23   258     4e-39  133.0   0.0   1   1   1.8e-39   6.1e-39  132.4   0.0     2   255    44   292    43   294 0.90 -
Q84SN3               -            433 PK_Tyr_Ser-Thr       PF07714.23   258   4.7e-39  132.8   0.0   1   1   3.9e-39   1.3e-38  131.3   0.0     3   201     6   196     4   219 0.92 -
Q8RX66               -            568 PK_Tyr_Ser-Thr       PF07714.23   258   4.8e-39  132.8   0.0   1   1   1.9e-39   6.5e-39  132.3   0.0     3   256     6   254     4   255 0.91 -
Q13233               -           1512 PK_Tyr_Ser-Thr       PF07714.23   258     5e-39  132.7   0.0   1   1   3.2e-39   1.1e-38  131.6   0.0     4   256  1246  1504  1244  1505 0.85 -
Q6SA08               -            328 PK_Tyr_Ser-Thr       PF07714.23   258   5.2e-39  132.6   0.0   1   1   4.1e-39   1.4e-38  131.2   0.0     3   255    27   288    25   290 0.86 -
Q04J43               -            659 PK_Tyr_Ser-Thr       PF07714.23   258   5.3e-39  132.6   0.0   1   1   2.5e-39   8.6e-39  131.9   0.0     3   248    14   258    12   268 0.89 -
O04086               -            625 PK_Tyr_Ser-Thr       PF07714.23   258   5.4e-39  132.6   0.0   1   1   2.1e-39   7.1e-39  132.2   0.0     4   251   298   572   295   579 0.81 -
Q8MYF1               -            456 PK_Tyr_Ser-Thr       PF07714.23   258   5.6e-39  132.5   0.1   1   1   2.3e-39   7.8e-39  132.1   0.1     3   249   130   369   128   375 0.87 -
A1Z7T0               -           1190 PK_Tyr_Ser-Thr       PF07714.23   258   6.1e-39  132.4   0.0   1   1   3.6e-39   1.2e-38  131.4   0.0     3   249   865  1106   863  1110 0.88 -
Q05655               -            676 PK_Tyr_Ser-Thr       PF07714.23   258   6.1e-39  132.4   0.0   1   1   3.8e-39   1.3e-38  131.3   0.0     3   249   351   591   349   597 0.89 -
P36583               -           1016 PK_Tyr_Ser-Thr       PF07714.23   258   6.2e-39  132.4   0.0   1   1     5e-39   1.7e-38  130.9   0.0     2   248   684   925   683   927 0.84 -
Q9FL28               -           1173 PK_Tyr_Ser-Thr       PF07714.23   258   6.5e-39  132.3   0.0   1   1   6.6e-39   2.2e-38  130.5   0.0     5   258   874  1153   870  1153 0.80 -
O80902               -            431 PK_Tyr_Ser-Thr       PF07714.23   258   6.6e-39  132.3   0.0   1   1   2.7e-39   9.3e-39  131.8   0.0     3   256    30   278    28   279 0.90 -
Q01577               -            613 PK_Tyr_Ser-Thr       PF07714.23   258   6.7e-39  132.3   0.0   1   1   3.1e-39     1e-38  131.6   0.0     3   256    19   265    17   267 0.89 -
Q12152               -            901 PK_Tyr_Ser-Thr       PF07714.23   258   6.9e-39  132.2   0.0   1   1   3.1e-39   1.1e-38  131.6   0.0     2   256    42   283    41   284 0.92 -
Q8RXT4               -            555 PK_Tyr_Ser-Thr       PF07714.23   258   7.2e-39  132.2   0.0   1   1     3e-39     1e-38  131.7   0.0     3   256     6   254     4   255 0.90 -
Q9LU47               -            819 PK_Tyr_Ser-Thr       PF07714.23   258   7.3e-39  132.1   0.0   1   1   3.9e-39   1.3e-38  131.3   0.0     6   252   465   721   460   726 0.85 -
Q2RA93               -            439 PK_Tyr_Ser-Thr       PF07714.23   258     8e-39  132.0   0.2   1   1     3e-39     1e-38  131.7   0.2     3   248    37   281    35   290 0.82 -
Q69Q47               -            453 PK_Tyr_Ser-Thr       PF07714.23   258     8e-39  132.0   0.0   1   1   3.4e-39   1.2e-38  131.5   0.0     3   256    20   267    18   269 0.91 -
Q5R4L1               -            685 PK_Tyr_Ser-Thr       PF07714.23   258     8e-39  132.0   0.0   1   1   4.1e-39   1.4e-38  131.2   0.0     4   256    85   330    83   331 0.89 -
Q67X31               -            616 PK_Tyr_Ser-Thr       PF07714.23   258   8.4e-39  131.9   0.0   1   1   7.2e-39   2.4e-38  130.4   0.0     4   205   292   509   289   569 0.81 -
G4NEB8               -            415 PK_Tyr_Ser-Thr       PF07714.23   258   9.1e-39  131.8   0.0   1   1   3.8e-39   1.3e-38  131.3   0.0     2   255    62   320    61   322 0.87 -
Q9WTR2               -           1291 PK_Tyr_Ser-Thr       PF07714.23   258   9.5e-39  131.8   0.0   1   1   4.5e-39   1.5e-38  131.1   0.0     6   255   654   902   651   904 0.90 -
Q86YV6               -            388 PK_Tyr_Ser-Thr       PF07714.23   258     1e-38  131.7   0.0   1   1   3.8e-39   1.3e-38  131.4   0.0     3   218   108   317   106   358 0.85 -
Q9SV05               -            362 PK_Tyr_Ser-Thr       PF07714.23   258   1.1e-38  131.6   0.0   1   1   5.8e-39     2e-38  130.7   0.0     3   254    61   325    59   329 0.83 -
A8X6H4               -            356 PK_Tyr_Ser-Thr       PF07714.23   258   1.1e-38  131.6   0.0   1   1   5.3e-39   1.8e-38  130.9   0.0     3   252    24   270    22   275 0.89 -
Q5JLS2               -            540 PK_Tyr_Ser-Thr       PF07714.23   258   1.1e-38  131.5   0.0   1   1   4.6e-39   1.6e-38  131.1   0.0     2   256    47   296    46   297 0.91 -
Q09170               -            460 PK_Tyr_Ser-Thr       PF07714.23   258   1.2e-38  131.5   0.0   1   1   4.8e-39   1.6e-38  131.0   0.0     2   251   168   424   167   430 0.88 -
P23647               -            805 PK_Tyr_Ser-Thr       PF07714.23   258   1.3e-38  131.3   0.7   1   1   5.3e-39   1.8e-38  130.9   0.0     5   255     8   249     4   251 0.91 -
Q9FHK7               -            640 PK_Tyr_Ser-Thr       PF07714.23   258   1.3e-38  131.3   0.0   1   1   7.6e-39   2.6e-38  130.3   0.0     5   256   351   611   348   613 0.91 -
A9S5R3               -            346 PK_Tyr_Ser-Thr       PF07714.23   258   1.4e-38  131.2   0.0   1   1   5.3e-39   1.8e-38  130.9   0.0     2   256    71   328    70   329 0.90 -
P25323               -            295 PK_Tyr_Ser-Thr       PF07714.23   258   1.4e-38  131.2   0.0   1   1   5.1e-39   1.7e-38  130.9   0.0     2   224     9   227     8   260 0.87 -
Q8BLF2               -            595 PK_Tyr_Ser-Thr       PF07714.23   258   1.4e-38  131.2   0.0   1   1   2.4e-38   8.1e-38  128.7   0.0     5   216     8   212     4   283 0.83 -
O55222               -            452 PK_Tyr_Ser-Thr       PF07714.23   258   1.4e-38  131.2   0.0   1   1   6.4e-39   2.2e-38  130.6   0.0     2   256   194   444   193   446 0.87 -
Q20347               -            363 PK_Tyr_Ser-Thr       PF07714.23   258   1.5e-38  131.1   0.0   1   1   5.5e-39   1.9e-38  130.8   0.0     6   255    71   325    66   327 0.82 -
P46549               -            982 PK_Tyr_Ser-Thr       PF07714.23   258   1.6e-38  131.0   1.1   1   1   2.2e-38   7.5e-38  128.8   0.0     5   255    34   284    30   286 0.84 -
Q21017               -            822 PK_Tyr_Ser-Thr       PF07714.23   258   1.6e-38  131.0   0.0   1   1   7.1e-39   2.4e-38  130.5   0.0     3   255    18   262    16   264 0.88 -
Q8BPM2               -            847 PK_Tyr_Ser-Thr       PF07714.23   258   1.7e-38  130.9   0.0   1   1   8.6e-39   2.9e-38  130.2   0.0     3   255    22   272    20   275 0.90 -
P70268               -            946 PK_Tyr_Ser-Thr       PF07714.23   258   1.8e-38  130.9   0.0   1   1   7.8e-39   2.6e-38  130.3   0.0     2   249   620   862   619   866 0.90 -
Q10GB1               -            599 PK_Tyr_Ser-Thr       PF07714.23   258     2e-38  130.7   0.0   1   1   8.6e-39   2.9e-38  130.2   0.0     3   256     6   254     4   255 0.90 -
Q9XIW0               -            429 PK_Tyr_Ser-Thr       PF07714.23   258   2.1e-38  130.7   0.0   1   1   2.1e-38   7.2e-38  128.9   0.0     2   255    26   275    25   277 0.89 -
Q54UZ1               -            411 PK_Tyr_Ser-Thr       PF07714.23   258   2.1e-38  130.6   0.0   1   1   8.6e-39   2.9e-38  130.2   0.0     4   249    89   334    86   338 0.90 -
Q9LP51               -            520 PK_Tyr_Ser-Thr       PF07714.23   258   2.2e-38  130.6   0.0   1   1   9.8e-39   3.3e-38  130.0   0.0     2   256    75   324    74   325 0.91 -
Q9NJU9               -            562 PK_Tyr_Ser-Thr       PF07714.23   258   2.2e-38  130.5   0.0   1   1   1.4e-38   4.7e-38  129.5   0.0     4   253   121   366   119   370 0.87 -
P83099               -            671 PK_Tyr_Ser-Thr       PF07714.23   258   2.7e-38  130.3   0.0   1   1   1.1e-38   3.7e-38  129.8   0.0     2   219   344   556   343   586 0.87 -
P27466               -            446 PK_Tyr_Ser-Thr       PF07714.23   258   2.9e-38  130.2   0.0   1   1   1.4e-38   4.7e-38  129.5   0.0     3   256    39   295    37   296 0.88 -
G5ECP4               -            485 PK_Tyr_Ser-Thr       PF07714.23   258   3.1e-38  130.1   0.0   1   1   2.7e-38   9.2e-38  128.5   0.0     3   228   187   424   185   430 0.82 -
P06782               -            633 PK_Tyr_Ser-Thr       PF07714.23   258   3.2e-38  130.1   0.0   1   1   1.6e-38   5.3e-38  129.3   0.0     2   256    56   302    55   303 0.85 -
Q9S7D9               -            775 PK_Tyr_Ser-Thr       PF07714.23   258   3.2e-38  130.1   0.0   1   2   9.2e-33   3.1e-32  110.4   0.0     5   154   524   672   520   676 0.92 -
Q9S7D9               -            775 PK_Tyr_Ser-Thr       PF07714.23   258   3.2e-38  130.1   0.0   2   2   8.6e-05   0.00029   18.8   0.0   177   256   671   763   668   765 0.85 -
F4I1N8               -            408 PK_Tyr_Ser-Thr       PF07714.23   258   3.3e-38  130.0   0.0   1   1   1.4e-38   4.7e-38  129.5   0.0    12   233    18   234     8   245 0.86 -
Q13163               -            448 PK_Tyr_Ser-Thr       PF07714.23   258   3.5e-38  129.9   0.0   1   1   1.4e-38   4.7e-38  129.5   0.0     2   255   167   414   166   416 0.89 -
G1X456               -            519 PK_Tyr_Ser-Thr       PF07714.23   258   3.5e-38  129.9   0.0   1   1   1.4e-38   4.9e-38  129.4   0.0     2   248   209   446   208   448 0.88 -
P93194               -           1109 PK_Tyr_Ser-Thr       PF07714.23   258   3.5e-38  129.9   0.0   1   1   1.8e-38   6.1e-38  129.1   0.0     6   258   821  1092   816  1092 0.91 -
C0LGT6               -           1031 PK_Tyr_Ser-Thr       PF07714.23   258   3.5e-38  129.9   0.0   1   1   1.4e-38   4.6e-38  129.5   0.0     5   207   716   933   712   993 0.81 -
Q0V7T5               -            427 PK_Tyr_Ser-Thr       PF07714.23   258   3.8e-38  129.8   0.0   1   1   1.8e-38   6.2e-38  129.1   0.0     5   207   153   360   149   412 0.77 -
Q2R2D5               -           1037 PK_Tyr_Ser-Thr       PF07714.23   258   3.8e-38  129.8   0.0   1   1   1.8e-38   5.9e-38  129.2   0.0     5   207   724   937   721   955 0.89 -
P0DP15               -            698 PK_Tyr_Ser-Thr       PF07714.23   258   3.9e-38  129.8   0.0   1   1   2.3e-38   7.7e-38  128.8   0.0     3   255    64   308    62   310 0.89 -
Q6GPL3               -            368 PK_Tyr_Ser-Thr       PF07714.23   258     4e-38  129.7   0.0   1   1   1.5e-38     5e-38  129.4   0.0     3   255   102   345   100   347 0.90 -
O88351               -            757 PK_Tyr_Ser-Thr       PF07714.23   258   4.4e-38  129.6   0.0   1   1   4.5e-38   1.5e-37  127.8   0.0     2   221    16   239    15   247 0.88 -
A0A0P0VIP0           -            695 PK_Tyr_Ser-Thr       PF07714.23   258   4.4e-38  129.6   0.0   1   1   1.8e-38   6.3e-38  129.1   0.0    10   257   399   653   390   654 0.81 -
Q8CE90               -            535 PK_Tyr_Ser-Thr       PF07714.23   258   5.1e-38  129.4   0.0   1   1     2e-38   6.7e-38  129.0   0.0     5   256   140   392   136   394 0.87 -
Q9GRC0               -            351 PK_Tyr_Ser-Thr       PF07714.23   258   5.8e-38  129.2   0.0   1   1     2e-38   6.9e-38  129.0   0.0     3   255    73   327    71   330 0.87 -
Q07192               -            446 PK_Tyr_Ser-Thr       PF07714.23   258   6.2e-38  129.1   0.0   1   1   2.5e-38   8.5e-38  128.7   0.0     6   256   154   410   149   411 0.84 -
P32491               -            506 PK_Tyr_Ser-Thr       PF07714.23   258   6.3e-38  129.1   0.0   1   1   3.9e-38   1.3e-37  128.0   0.0     5   255   218   476   214   478 0.84 -
Q23977               -           1178 PK_Tyr_Ser-Thr       PF07714.23   258   6.4e-38  129.1   0.0   1   1   2.9e-38   9.7e-38  128.5   0.0     5   255   201   451   197   453 0.88 -
P47735               -            999 PK_Tyr_Ser-Thr       PF07714.23   258   6.5e-38  129.0   0.0   1   1   2.8e-38   9.3e-38  128.5   0.0     4   217   686   911   683   964 0.76 -
P33886               -            605 PK_Tyr_Ser-Thr       PF07714.23   258   6.6e-38  129.0   0.0   1   1   2.6e-38     9e-38  128.6   0.0     4   256   323   575   320   576 0.91 -
Q16975               -            743 PK_Tyr_Ser-Thr       PF07714.23   258   7.1e-38  128.9   0.0   1   1   3.3e-38   1.1e-37  128.2   0.0     2   249   404   645   403   650 0.89 -
Q03002               -            865 PK_Tyr_Ser-Thr       PF07714.23   258   7.1e-38  128.9   0.0   1   1   3.8e-38   1.3e-37  128.1   0.0     3   256    43   309    41   310 0.83 -
Q9FKG5               -            796 PK_Tyr_Ser-Thr       PF07714.23   258   7.4e-38  128.8   0.0   1   1     7e-38   2.4e-37  127.2   0.0     6   251   434   692   430   698 0.83 -
Q2QXC6               -            417 PK_Tyr_Ser-Thr       PF07714.23   258   7.9e-38  128.8   1.5   1   1   3.3e-38   1.1e-37  128.3   1.5     3   254    34   283    32   286 0.83 -
A8C984               -            715 PK_Tyr_Ser-Thr       PF07714.23   258   9.6e-38  128.5   0.0   1   1   4.9e-38   1.7e-37  127.7   0.0     4   241   407   640   404   656 0.86 -
Q621J7               -            709 PK_Tyr_Ser-Thr       PF07714.23   258   9.8e-38  128.4   0.0   1   1   5.3e-38   1.8e-37  127.6   0.0     4   215    16   218    13   248 0.88 -
Q9R011               -            647 PK_Tyr_Ser-Thr       PF07714.23   258     1e-37  128.4   0.0   1   1   4.7e-38   1.6e-37  127.8   0.0     5   256    66   310    63   311 0.89 -
Q9M9C5               -            670 PK_Tyr_Ser-Thr       PF07714.23   258   1.1e-37  128.3   0.0   1   1   4.5e-38   1.5e-37  127.8   0.0     5   256   366   631   363   633 0.88 -
O14098               -            593 PK_Tyr_Ser-Thr       PF07714.23   258   1.1e-37  128.3   0.0   1   1   4.5e-38   1.5e-37  127.8   0.0     4   227   280   498   277   531 0.85 -
Q54PB4               -            481 PK_Tyr_Ser-Thr       PF07714.23   258   1.1e-37  128.2   0.0   1   1   6.3e-38   2.1e-37  127.3   0.0     3   253    15   262    13   266 0.90 -
Q8INB9               -            611 PK_Tyr_Ser-Thr       PF07714.23   258   1.1e-37  128.2   0.0   1   1   4.8e-38   1.6e-37  127.7   0.0     2   248   267   506   266   508 0.90 -
P0CP70               -            988 PK_Tyr_Ser-Thr       PF07714.23   258   1.1e-37  128.2   0.0   1   1   5.6e-38   1.9e-37  127.5   0.0     4   221    30   286    27   335 0.91 -
P06784               -            515 PK_Tyr_Ser-Thr       PF07714.23   258   1.2e-37  128.2   0.0   1   1   4.5e-38   1.5e-37  127.8   0.0     5   256   195   462   191   465 0.87 -
Q9BXA7               -            367 PK_Tyr_Ser-Thr       PF07714.23   258   1.2e-37  128.2   0.0   1   1   4.5e-38   1.5e-37  127.8   0.0     6   256    17   268    13   270 0.89 -
P36894               -            532 PK_Tyr_Ser-Thr       PF07714.23   258   1.3e-37  128.1   0.0   1   1   5.4e-38   1.8e-37  127.6   0.0     1   257   234   520   234   521 0.83 -
P34331               -            648 PK_Tyr_Ser-Thr       PF07714.23   258   1.3e-37  128.0   0.0   1   1   5.6e-38   1.9e-37  127.5   0.0     4   256    41   285    38   286 0.89 -
O22808               -            664 PK_Tyr_Ser-Thr       PF07714.23   258   1.4e-37  128.0   0.0   1   1   1.8e-37   5.9e-37  125.9   0.0    13   257   380   639   378   640 0.86 -
Q9UPZ9               -            632 PK_Tyr_Ser-Thr       PF07714.23   258   1.4e-37  127.9   0.1   1   1   1.3e-37   4.5e-37  126.3   0.1     3   252     6   276     4   281 0.83 -
Q7JP68               -            398 PK_Tyr_Ser-Thr       PF07714.23   258   1.4e-37  127.9   0.0   1   1   5.7e-38   1.9e-37  127.5   0.0     5   249    94   328    90   332 0.90 -
Q94C25               -            452 PK_Tyr_Ser-Thr       PF07714.23   258   1.6e-37  127.8   0.0   1   1     1e-37   3.4e-37  126.7   0.0     5   257   107   387   104   388 0.85 -
O48788               -            658 PK_Tyr_Ser-Thr       PF07714.23   258   1.6e-37  127.8   0.0   1   1   7.4e-38   2.5e-37  127.1   0.0     5   256   355   614   352   616 0.88 -
C0LGP4               -           1010 PK_Tyr_Ser-Thr       PF07714.23   258   1.8e-37  127.6   0.0   1   1   7.5e-38   2.5e-37  127.1   0.0     4   208   705   924   702   994 0.85 -
Q9SGP2               -            996 PK_Tyr_Ser-Thr       PF07714.23   258   1.9e-37  127.5   0.0   1   1   1.2e-37   4.1e-37  126.4   0.0     4   257   679   958   676   959 0.75 -
P22216               -            821 PK_Tyr_Ser-Thr       PF07714.23   258     2e-37  127.4   0.0   1   1   1.8e-37   6.2e-37  125.8   0.0     4   253   201   459   199   463 0.90 -
Q59W62               -           1349 PK_Tyr_Ser-Thr       PF07714.23   258   2.2e-37  127.3   0.0   1   1   1.1e-37   3.6e-37  126.6   0.0     2   256    29   284    28   285 0.88 -
P54644               -            444 PK_Tyr_Ser-Thr       PF07714.23   258   2.3e-37  127.3   0.0   1   1   8.4e-38   2.8e-37  126.9   0.0     3   249   122   362   120   370 0.89 -
B3WFY8               -            489 PK_Tyr_Ser-Thr       PF07714.23   258   2.3e-37  127.2   0.2   1   1   2.3e-37   7.9e-37  125.5   0.2     4   205    14   235    12   287 0.80 -
P23573               -            314 PK_Tyr_Ser-Thr       PF07714.23   258   2.4e-37  127.2   0.0   1   1   1.1e-37   3.7e-37  126.6   0.0     3   200    10   202     8   284 0.84 -
Q9FMY3               -            341 PK_Tyr_Ser-Thr       PF07714.23   258   2.6e-37  127.1   0.0   1   1   5.5e-37   1.9e-36  124.3   0.0     5   256    20   294    16   296 0.81 -
P55205               -           1100 PK_Tyr_Ser-Thr       PF07714.23   258   2.6e-37  127.1   0.0   1   1   1.2e-37   3.9e-37  126.5   0.0    29   258   580   826   542   826 0.85 -
S8GI44               -           1598 PK_Tyr_Ser-Thr       PF07714.23   258   2.7e-37  127.0   0.0   1   1   1.1e-37   3.7e-37  126.6   0.0     3   254   108   374   106   377 0.86 -
Q39030               -            471 PK_Tyr_Ser-Thr       PF07714.23   258   2.8e-37  127.0   0.1   1   1   1.1e-37   3.7e-37  126.6   0.1     2   248   141   378   140   381 0.86 -
P05130               -            679 PK_Tyr_Ser-Thr       PF07714.23   258   2.8e-37  127.0   0.0   1   1   1.4e-37   4.6e-37  126.3   0.0     2   248   351   591   350   595 0.89 -
P34556               -            332 PK_Tyr_Ser-Thr       PF07714.23   258   2.9e-37  126.9   0.0   1   1   1.1e-37   3.7e-37  126.6   0.0     3   202    24   218    22   234 0.91 -
Q9LZW4               -            442 PK_Tyr_Ser-Thr       PF07714.23   258   2.9e-37  126.9   0.0   1   1   1.2e-37     4e-37  126.5   0.0     3   256    24   272    22   273 0.90 -
Q5ZJB4               -            759 PK_Tyr_Ser-Thr       PF07714.23   258     3e-37  126.9   0.0   1   1   1.8e-37     6e-37  125.9   0.0     3   220    31   251    29   290 0.86 -
Q5QNM6               -            511 PK_Tyr_Ser-Thr       PF07714.23   258     3e-37  126.8   0.0   1   1   1.1e-37   3.9e-37  126.5   0.0     2   256    26   275    25   276 0.90 -
P22987               -            891 PK_Tyr_Ser-Thr       PF07714.23   258   3.1e-37  126.8   0.1   1   1     4e-37   1.4e-36  124.7   0.1     3   256   127   391   125   392 0.83 -
A8XQD5               -           1191 PK_Tyr_Ser-Thr       PF07714.23   258   3.1e-37  126.8   0.0   1   1   1.5e-37   5.2e-37  126.1   0.0     4   253   894  1140   891  1145 0.85 -
Q5AG71               -           1462 PK_Tyr_Ser-Thr       PF07714.23   258   3.2e-37  126.8   0.0   1   1     2e-37   6.7e-37  125.7   0.0     2   255    66   325    65   327 0.83 -
P34722               -            704 PK_Tyr_Ser-Thr       PF07714.23   258   3.2e-37  126.8   0.0   1   1   1.7e-37   5.9e-37  125.9   0.0     2   253   376   622   375   625 0.86 -
Q4FZD7               -            595 PK_Tyr_Ser-Thr       PF07714.23   258   3.3e-37  126.7   0.0   1   1   1.3e-37   4.4e-37  126.3   0.0     4   256    30   275    27   276 0.92 -
O64825               -            612 PK_Tyr_Ser-Thr       PF07714.23   258   3.5e-37  126.6   0.0   1   1   1.6e-37   5.4e-37  126.0   0.0    47   255   384   594   370   597 0.88 -
Q944Q0               -            563 PK_Tyr_Ser-Thr       PF07714.23   258   3.6e-37  126.6   0.0   1   1   1.5e-37   5.1e-37  126.1   0.0     2   254    30   280    29   283 0.84 -
Q20845               -            615 PK_Tyr_Ser-Thr       PF07714.23   258   3.8e-37  126.5   0.0   1   1   1.8e-37   6.2e-37  125.8   0.0     5   254    39   280    35   283 0.89 -
Q9P7I2               -            335 PK_Tyr_Ser-Thr       PF07714.23   258     4e-37  126.5   0.0   1   1   1.5e-37   4.9e-37  126.2   0.0     3   252    33   283    31   288 0.90 -
P20794               -            623 PK_Tyr_Ser-Thr       PF07714.23   258     4e-37  126.4   0.2   1   1     1e-36   3.4e-36  123.4   0.2     3   253     6   277     4   281 0.87 -
Q8S8Y8               -            567 PK_Tyr_Ser-Thr       PF07714.23   258   4.3e-37  126.4   0.0   1   1   1.9e-37   6.3e-37  125.8   0.0     2   249    29   274    28   282 0.83 -
Q54C71               -           1125 PK_Tyr_Ser-Thr       PF07714.23   258   4.6e-37  126.3   0.0   1   1   2.2e-37   7.4e-37  125.6   0.0     1   258   848  1113   848  1113 0.87 -
Q03043               -           1088 PK_Tyr_Ser-Thr       PF07714.23   258   4.7e-37  126.2   0.0   1   1   2.9e-37   9.9e-37  125.2   0.0     2   249   778  1020   777  1024 0.92 -
Q54WW7               -            695 PK_Tyr_Ser-Thr       PF07714.23   258   4.9e-37  126.2   0.0   1   1   2.8e-37   9.4e-37  125.2   0.0     3   256   203   458   201   459 0.82 -
Q6TJY3               -            527 PK_Tyr_Ser-Thr       PF07714.23   258   5.2e-37  126.1   0.0   1   1     2e-37   6.8e-37  125.7   0.0     2   248    92   335    91   338 0.88 -
P34885               -            707 PK_Tyr_Ser-Thr       PF07714.23   258   5.3e-37  126.0   0.0   1   1   2.5e-37   8.4e-37  125.4   0.0     2   248   379   619   378   622 0.89 -
Q24324               -            396 PK_Tyr_Ser-Thr       PF07714.23   258     6e-37  125.9   0.0   1   1   8.6e-37   2.9e-36  123.6   0.0     4   254    90   358    87   361 0.82 -
Q9Y884               -            363 PK_Tyr_Ser-Thr       PF07714.23   258   6.1e-37  125.8   0.0   1   1   2.8e-37   9.4e-37  125.2   0.0     4   250    82   333    79   340 0.80 -
A0A509ALV6           -           1482 PK_Tyr_Ser-Thr       PF07714.23   258   6.7e-37  125.7   0.5   1   1     2e-37   6.7e-37  125.7   0.5     2   253  1044  1288  1043  1292 0.87 -
Q9FX43               -            310 PK_Tyr_Ser-Thr       PF07714.23   258   6.7e-37  125.7   0.0   1   1   2.6e-37   8.7e-37  125.3   0.0     2   254    48   300    47   303 0.87 -
F4I2N7               -            977 PK_Tyr_Ser-Thr       PF07714.23   258   6.8e-37  125.7   0.0   1   1   5.4e-37   1.8e-36  124.3   0.0     4   257   669   951   666   952 0.82 -
P80203               -            504 PK_Tyr_Ser-Thr       PF07714.23   258   7.7e-37  125.5   0.0   1   1   4.1e-37   1.4e-36  124.7   0.0     3   257   205   489   203   490 0.78 -
Q9SSL9               -           1123 PK_Tyr_Ser-Thr       PF07714.23   258   8.4e-37  125.4   0.0   1   1     9e-37   3.1e-36  123.6   0.0     4   256   830  1105   827  1107 0.89 -
Q925K9               -            273 PK_Tyr_Ser-Thr       PF07714.23   258   8.7e-37  125.3   0.0   1   1     3e-37     1e-36  125.1   0.0     2   255    13   262    12   264 0.91 -
Q940A2               -            658 PK_Tyr_Ser-Thr       PF07714.23   258   8.9e-37  125.3   0.0   1   1   2.3e-36   7.7e-36  122.2   0.0     3   256    32   309    30   311 0.83 -
Q6BRY2               -            330 PK_Tyr_Ser-Thr       PF07714.23   258   9.7e-37  125.2   0.0   1   1   4.2e-37   1.4e-36  124.7   0.0     2   214     9   216     8   235 0.91 -
Q38SD2               -           2015 PK_Tyr_Ser-Thr       PF07714.23   258     1e-36  125.1   0.0   1   1   6.3e-37   2.1e-36  124.1   0.0    22   257  1264  1519  1244  1520 0.82 -
Q9SKB2               -            641 PK_Tyr_Ser-Thr       PF07714.23   258     1e-36  125.1   0.0   1   1   6.6e-37   2.3e-36  124.0   0.0     4   209   350   577   347   636 0.75 -
O45818               -           1070 PK_Tyr_Ser-Thr       PF07714.23   258   1.1e-36  125.0   0.0   1   1   5.2e-37   1.8e-36  124.3   0.0     4   254   773  1020   770  1024 0.86 -
O43293               -            454 PK_Tyr_Ser-Thr       PF07714.23   258   1.2e-36  124.9   0.0   1   1   6.5e-37   2.2e-36  124.0   0.0     2   253    14   268    13   272 0.85 -
Q65X23               -            621 PK_Tyr_Ser-Thr       PF07714.23   258   1.4e-36  124.7   0.0   1   1   9.9e-37   3.3e-36  123.4   0.0     4   254    31   280    29   283 0.87 -
Q15746               -           1914 PK_Tyr_Ser-Thr       PF07714.23   258   1.4e-36  124.7   0.0   1   1   6.3e-37   2.1e-36  124.1   0.0     3   255  1466  1714  1464  1716 0.87 -
P43057               -           1097 PK_Tyr_Ser-Thr       PF07714.23   258   1.5e-36  124.6   0.1   1   1   1.1e-36   3.6e-36  123.3   0.0     2   248   771  1012   770  1015 0.88 -
Q54TW2               -            686 PK_Tyr_Ser-Thr       PF07714.23   258   1.5e-36  124.6   0.1   1   2     1e-28   3.4e-28   97.2   0.2     3   163    71   228    69   240 0.84 -
Q54TW2               -            686 PK_Tyr_Ser-Thr       PF07714.23   258   1.5e-36  124.6   0.1   2   2     1e-06   3.4e-06   25.1   0.0   167   248   351   430   334   435 0.87 -
Q0GGW5               -            440 PK_Tyr_Ser-Thr       PF07714.23   258   1.6e-36  124.5   0.0   1   1   6.8e-37   2.3e-36  124.0   0.0     5   256    53   305    50   306 0.89 -
Q9C9Y8               -            640 PK_Tyr_Ser-Thr       PF07714.23   258   1.6e-36  124.5   0.1   1   1   6.8e-37   2.3e-36  124.0   0.1     5   257   345   610   342   611 0.91 -
Q8SQW2               -            329 PK_Tyr_Ser-Thr       PF07714.23   258   1.6e-36  124.5   0.0   1   1   6.7e-37   2.3e-36  124.0   0.0     4   211    25   220    22   237 0.88 -
Q99078               -            435 PK_Tyr_Ser-Thr       PF07714.23   258   1.7e-36  124.4   0.0   1   2   4.8e-35   1.6e-34  117.9   0.0     2   210   110   309   109   325 0.90 -
Q99078               -            435 PK_Tyr_Ser-Thr       PF07714.23   258   1.7e-36  124.4   0.0   2   2       1.9       6.6    4.5   0.0   212   255   368   412   357   414 0.75 -
P28178               -            479 PK_Tyr_Ser-Thr       PF07714.23   258   1.8e-36  124.3   0.0   1   1   8.3e-37   2.8e-36  123.7   0.0     2   248   154   392   153   396 0.89 -
Q00771               -            414 PK_Tyr_Ser-Thr       PF07714.23   258   1.8e-36  124.3   0.0   1   1   8.5e-37   2.9e-36  123.7   0.0     3   253    25   271    23   275 0.92 -
Q9LVM0               -            654 PK_Tyr_Ser-Thr       PF07714.23   258   1.8e-36  124.3   0.3   1   1   1.6e-36   5.6e-36  122.7   0.0     5   257   362   625   359   626 0.90 -
O61847               -            368 PK_Tyr_Ser-Thr       PF07714.23   258   1.9e-36  124.2   0.0   1   1   7.9e-37   2.7e-36  123.8   0.0     5   200    49   242    45   258 0.91 -
Q86UE8               -            772 PK_Tyr_Ser-Thr       PF07714.23   258     2e-36  124.2   0.0   1   1   2.6e-36   8.9e-36  122.0   0.0     5   255   466   736   463   738 0.80 -
Q54WJ0               -            586 PK_Tyr_Ser-Thr       PF07714.23   258   2.1e-36  124.1   0.0   1   1   8.7e-37     3e-36  123.6   0.0     3   256    42   297    40   298 0.91 -
P08018               -            668 PK_Tyr_Ser-Thr       PF07714.23   258   2.1e-36  124.1   0.0   1   1   9.7e-37   3.3e-36  123.4   0.0     1   256   360   619   360   620 0.88 -
Q03957               -            528 PK_Tyr_Ser-Thr       PF07714.23   258   2.3e-36  124.0   0.0   1   1   9.9e-37   3.4e-36  123.4   0.0     6   202   188   379   184   409 0.87 -
Q2QMI0               -            454 PK_Tyr_Ser-Thr       PF07714.23   258   2.3e-36  124.0   0.0   1   1   8.5e-37   2.9e-36  123.6   0.0     2   254    26   277    25   280 0.86 -
P37172               -            509 PK_Tyr_Ser-Thr       PF07714.23   258   2.3e-36  123.9   0.0   1   1   1.1e-36   3.8e-36  123.2   0.0     2   257   209   494   208   495 0.78 -
Q5MAI5               -            379 PK_Tyr_Ser-Thr       PF07714.23   258   2.5e-36  123.8   0.0   1   2     2e-35   6.8e-35  119.1   0.0     5   211     8   207     4   227 0.88 -
Q5MAI5               -            379 PK_Tyr_Ser-Thr       PF07714.23   258   2.5e-36  123.8   0.0   2   2       7.6        26    2.5   0.0   233   256   259   282   242   283 0.83 -
Q9VP22               -           1157 PK_Tyr_Ser-Thr       PF07714.23   258   2.5e-36  123.8   0.0   1   1   1.3e-36   4.3e-36  123.1   0.0     2   252   805  1061   804  1066 0.88 -
P24583               -           1151 PK_Tyr_Ser-Thr       PF07714.23   258   2.6e-36  123.8   0.0   1   1   1.6e-36   5.3e-36  122.8   0.0     3   248   826  1066   824  1069 0.88 -
P11799               -           1906 PK_Tyr_Ser-Thr       PF07714.23   258   2.7e-36  123.7   0.0   1   1   1.4e-36   4.6e-36  123.0   0.0     3   255  1455  1703  1453  1705 0.87 -
Q54VU4               -           1505 PK_Tyr_Ser-Thr       PF07714.23   258   2.8e-36  123.7   0.0   1   1   8.3e-37   2.8e-36  123.7   0.0     2   254   543   799   542   802 0.92 -
Q59S66               -            528 PK_Tyr_Ser-Thr       PF07714.23   258   2.8e-36  123.7   0.5   1   1   1.6e-35   5.4e-35  119.5   0.5     2   256   243   511   242   512 0.86 -
O14757               -            476 PK_Tyr_Ser-Thr       PF07714.23   258     3e-36  123.6   0.0   1   1   1.3e-36   4.2e-36  123.1   0.0     3   255    11   260     9   262 0.92 -
P10506               -            340 PK_Tyr_Ser-Thr       PF07714.23   258   3.1e-36  123.5   0.0   1   1   2.7e-36     9e-36  122.0   0.0     2   254    67   314    66   317 0.91 -
Q9DGE0               -            361 PK_Tyr_Ser-Thr       PF07714.23   258   3.2e-36  123.5   0.0   1   1   1.3e-36   4.3e-36  123.1   0.0     3   256    82   337    80   338 0.86 -
P11837               -            699 PK_Tyr_Ser-Thr       PF07714.23   258   3.3e-36  123.4   0.0   1   2     5e-09   1.7e-08   32.6   0.0     3    98    13   107    11   137 0.79 -
P11837               -            699 PK_Tyr_Ser-Thr       PF07714.23   258   3.3e-36  123.4   0.0   2   2   4.1e-26   1.4e-25   88.6   0.0   120   255   159   290   152   292 0.92 -
P25389               -           1037 PK_Tyr_Ser-Thr       PF07714.23   258   4.1e-36  123.1   0.0   1   1   2.4e-36   8.2e-36  122.2   0.0     2   256    22   281    21   282 0.86 -
P49673               -            337 PK_Tyr_Ser-Thr       PF07714.23   258   4.1e-36  123.1   0.0   1   1   1.5e-36   5.1e-36  122.8   0.0     5   220    33   239    29   269 0.88 -
P39009               -            513 PK_Tyr_Ser-Thr       PF07714.23   258   4.3e-36  123.1   0.0   1   1     2e-36   6.6e-36  122.5   0.0     4   253   203   473   201   477 0.86 -
P54737               -            380 PK_Tyr_Ser-Thr       PF07714.23   258   4.3e-36  123.1   0.0   1   1   2.2e-36   7.5e-36  122.3   0.0     3   249    11   368     9   378 0.92 -
O13945               -            532 PK_Tyr_Ser-Thr       PF07714.23   258   4.6e-36  123.0   0.1   1   1   2.8e-36   9.4e-36  122.0   0.0     4   256    26   270    24   271 0.89 -
Q9FKG6               -            845 PK_Tyr_Ser-Thr       PF07714.23   258   4.7e-36  122.9   0.0   1   1   3.3e-36   1.1e-35  121.7   0.0     6   252   495   747   490   753 0.82 -
Q4VSN4               -            931 PK_Tyr_Ser-Thr       PF07714.23   258     5e-36  122.9   0.0   1   1   2.5e-36   8.5e-36  122.1   0.0     3   252   656   902   655   908 0.84 -
Q26671               -            298 PK_Tyr_Ser-Thr       PF07714.23   258   5.2e-36  122.8   0.0   1   1     2e-36   6.9e-36  122.4   0.0     3   219     6   215     4   230 0.90 -
Q9STK6               -            516 PK_Tyr_Ser-Thr       PF07714.23   258   5.4e-36  122.7   0.0   1   1   2.8e-36   9.4e-36  122.0   0.0     4   255    25   275    23   277 0.87 -
Q86HN7               -            978 PK_Tyr_Ser-Thr       PF07714.23   258   5.6e-36  122.7   0.1   1   1   1.6e-36   5.6e-36  122.7   0.1     4   256   166   412   163   413 0.87 -
Q8C1R0               -            372 PK_Tyr_Ser-Thr       PF07714.23   258   5.7e-36  122.7   0.0   1   1   2.1e-36   7.1e-36  122.4   0.0     4   255    30   297    27   300 0.88 -
P36582               -            988 PK_Tyr_Ser-Thr       PF07714.23   258   6.4e-36  122.5   0.0   1   1   5.7e-36   1.9e-35  120.9   0.0     2   248   665   906   664   908 0.87 -
Q6PDN3               -           1941 PK_Tyr_Ser-Thr       PF07714.23   258   6.5e-36  122.5   0.0   1   1     3e-36     1e-35  121.9   0.0     3   255  1488  1736  1486  1738 0.88 -
O42632               -           1174 PK_Tyr_Ser-Thr       PF07714.23   258   6.8e-36  122.4   0.0   1   1   3.5e-36   1.2e-35  121.6   0.0     3   248   851  1091   849  1094 0.85 -
Q54VI1               -            712 PK_Tyr_Ser-Thr       PF07714.23   258   6.9e-36  122.4   0.0   1   1   3.2e-36   1.1e-35  121.8   0.0     4   256   148   407   146   408 0.85 -
Q60EY8               -            466 PK_Tyr_Ser-Thr       PF07714.23   258   7.1e-36  122.4   0.0   1   1     3e-36     1e-35  121.8   0.0     2   256    13   272    12   273 0.91 -
Q1ECX4               -            697 PK_Tyr_Ser-Thr       PF07714.23   258   7.3e-36  122.3   0.0   1   1   5.6e-36   1.9e-35  121.0   0.0     5   256   392   662   389   663 0.81 -
P32866               -            714 PK_Tyr_Ser-Thr       PF07714.23   258   7.4e-36  122.3   0.0   1   1   3.1e-36   1.1e-35  121.8   0.0     2   234   310   537   309   560 0.81 -
P97377               -            346 PK_Tyr_Ser-Thr       PF07714.23   258   8.1e-36  122.2   0.0   1   1   3.9e-36   1.3e-35  121.5   0.0     3   207     6   206     4   215 0.90 -
O35831               -            523 PK_Tyr_Ser-Thr       PF07714.23   258   9.7e-36  121.9   0.0   1   1   6.4e-36   2.2e-35  120.8   0.0     4   213   195   397   193   415 0.90 -
P23298               -            683 PK_Tyr_Ser-Thr       PF07714.23   258     1e-35  121.9   0.0   1   1   4.4e-36   1.5e-35  121.3   0.0     2   248   356   596   355   600 0.89 -
E2RTQ7               -            311 PK_Tyr_Ser-Thr       PF07714.23   258     1e-35  121.8   0.0   1   1   4.7e-36   1.6e-35  121.2   0.0     2   256    21   296    20   297 0.89 -
O13839               -            722 PK_Tyr_Ser-Thr       PF07714.23   258     1e-35  121.8   0.1   1   2   3.1e-11   1.1e-10   39.9   0.1     3   111     6   116     4   121 0.84 -
O13839               -            722 PK_Tyr_Ser-Thr       PF07714.23   258     1e-35  121.8   0.1   2   2   2.7e-23     9e-23   79.4   0.0   120   255   144   276   141   278 0.93 -
Q5JLQ9               -            476 PK_Tyr_Ser-Thr       PF07714.23   258   1.1e-35  121.7   0.0   1   1   4.5e-36   1.5e-35  121.3   0.0     2   256    18   268    17   269 0.89 -
Q8K4B2               -            609 PK_Tyr_Ser-Thr       PF07714.23   258   1.1e-35  121.7   0.0   1   1   5.4e-36   1.8e-35  121.0   0.0     6   258   183   456   178   456 0.83 -
Q9M8T0               -            627 PK_Tyr_Ser-Thr       PF07714.23   258   1.1e-35  121.7   0.0   1   1   5.1e-36   1.7e-35  121.1   0.0     5   256   349   610   346   612 0.85 -
Q2LGB3               -            718 PK_Tyr_Ser-Thr       PF07714.23   258   1.1e-35  121.7   0.0   1   1   1.8e-35     6e-35  119.3   0.0     6   258   217   518   212   518 0.86 -
Q9SGN7               -            470 PK_Tyr_Ser-Thr       PF07714.23   258   1.2e-35  121.6   0.0   1   1   6.7e-36   2.3e-35  120.7   0.0     4   258    55   330    52   330 0.84 -
O62305               -            720 PK_Tyr_Ser-Thr       PF07714.23   258   1.2e-35  121.6   0.0   1   1   5.4e-36   1.8e-35  121.0   0.0     3   253    14   262    12   266 0.88 -
A8XNJ6               -            464 PK_Tyr_Ser-Thr       PF07714.23   258   1.2e-35  121.6   0.0   1   1   4.7e-36   1.6e-35  121.2   0.0     3   248   138   377   136   390 0.81 -
Q9U2H1               -            353 PK_Tyr_Ser-Thr       PF07714.23   258   1.3e-35  121.5   0.0   1   1     2e-35   6.9e-35  119.1   0.0     5   216     8   212     5   224 0.89 -
A8XWC4               -            760 PK_Tyr_Ser-Thr       PF07714.23   258   1.3e-35  121.5   0.0   1   1     6e-36     2e-35  120.9   0.0     4   256   467   721   464   722 0.86 -
Q54CY9               -            313 PK_Tyr_Ser-Thr       PF07714.23   258   1.3e-35  121.5   0.0   1   1   4.6e-36   1.6e-35  121.2   0.0     2   253     7   257     6   261 0.87 -
Q80YE7               -           1442 PK_Tyr_Ser-Thr       PF07714.23   258   1.3e-35  121.5   0.0   1   1   7.4e-36   2.5e-35  120.6   0.0     3   253    15   268    13   272 0.85 -
Q9TZC4               -            466 PK_Tyr_Ser-Thr       PF07714.23   258   1.4e-35  121.4   0.0   1   1   6.4e-36   2.2e-35  120.8   0.0     2   256   211   459   210   461 0.87 -
E1BB52               -           1512 PK_Tyr_Ser-Thr       PF07714.23   258   1.4e-35  121.4   0.0   1   1   8.2e-36   2.8e-35  120.4   0.0     6   248   711   958   706   967 0.86 -
P87253               -           1142 PK_Tyr_Ser-Thr       PF07714.23   258   1.4e-35  121.4   0.0   1   1   7.8e-36   2.7e-35  120.5   0.0     3   248   819  1059   817  1062 0.87 -
P9WI81               -            626 PK_Tyr_Ser-Thr       PF07714.23   258   1.4e-35  121.4   0.0   1   1   5.1e-36   1.7e-35  121.1   0.0     3   250    13   264    11   273 0.87 -
P34099               -            648 PK_Tyr_Ser-Thr       PF07714.23   258   1.4e-35  121.3   0.0   1   1   4.3e-36   1.4e-35  121.3   0.0     2   248   337   573   336   576 0.88 -
P53599               -           1579 PK_Tyr_Ser-Thr       PF07714.23   258   1.5e-35  121.3   0.2   1   2   2.1e-26     7e-26   89.6   0.1     5   158  1270  1421  1266  1431 0.83 -
P53599               -           1579 PK_Tyr_Ser-Thr       PF07714.23   258   1.5e-35  121.3   0.2   2   2   4.5e-08   1.5e-07   29.5   0.0   167   254  1460  1552  1437  1555 0.77 -
Q91VB2               -            477 PK_Tyr_Ser-Thr       PF07714.23   258   1.7e-35  121.1   0.0   1   1   6.6e-36   2.3e-35  120.7   0.0     3   253    25   270    23   274 0.88 -
Q8S9D1               -            831 PK_Tyr_Ser-Thr       PF07714.23   258   1.7e-35  121.1   0.0   1   1   1.1e-35   3.6e-35  120.0   0.0     3   257    15   265    13   266 0.92 -
O80396               -            520 PK_Tyr_Ser-Thr       PF07714.23   258   1.7e-35  121.1   0.0   1   1   6.7e-36   2.3e-35  120.7   0.0     6   256    88   335    83   336 0.91 -
A8X0C4               -            649 PK_Tyr_Ser-Thr       PF07714.23   258   1.9e-35  120.9   0.0   1   1   8.8e-36     3e-35  120.3   0.0     7   256   203   456   199   457 0.91 -
Q9LQM8               -            305 PK_Tyr_Ser-Thr       PF07714.23   258     2e-35  120.9   0.0   1   1   7.6e-36   2.6e-35  120.5   0.0     3   256    50   298    48   299 0.88 -
P31748               -            501 PK_Tyr_Ser-Thr       PF07714.23   258     2e-35  120.9   0.0   1   1   8.9e-36     3e-35  120.3   0.0     3   248   173   412   171   414 0.87 -
Q8BWQ5               -            790 PK_Tyr_Ser-Thr       PF07714.23   258   2.1e-35  120.8   0.0   1   1   8.4e-36   2.8e-35  120.4   0.0     5   256   518   767   514   768 0.87 -
Q9FJV0               -            356 PK_Tyr_Ser-Thr       PF07714.23   258   2.3e-35  120.7   0.0   1   1   8.4e-36   2.8e-35  120.4   0.0     2   253    71   324    70   328 0.88 -
P25390               -           1331 PK_Tyr_Ser-Thr       PF07714.23   258   2.4e-35  120.6   0.0   1   1     2e-35   6.7e-35  119.2   0.0     5   254  1038  1304  1034  1307 0.77 -
Q13237               -            762 PK_Tyr_Ser-Thr       PF07714.23   258   2.4e-35  120.6   0.0   1   2       1.4       4.7    5.0   0.0    38   140   270   377   249   384 0.74 -
Q13237               -            762 PK_Tyr_Ser-Thr       PF07714.23   258   2.4e-35  120.6   0.0   2   2   1.4e-33   4.6e-33  113.1   0.0     2   248   454   694   453   699 0.92 -
Q54P26               -            593 PK_Tyr_Ser-Thr       PF07714.23   258   2.5e-35  120.5   0.0   1   1   1.2e-35   4.1e-35  119.8   0.0     2   255   187   433   186   435 0.89 -
P19525               -            551 PK_Tyr_Ser-Thr       PF07714.23   258   2.8e-35  120.4   0.8   1   2   0.00011   0.00036   18.4   0.1     4    69   270   326   267   331 0.86 -
P19525               -            551 PK_Tyr_Ser-Thr       PF07714.23   258   2.8e-35  120.4   0.8   2   2   1.6e-29   5.3e-29   99.8   0.0    73   258   359   536   353   536 0.90 -
Q8QZV4               -            488 PK_Tyr_Ser-Thr       PF07714.23   258   2.9e-35  120.4   0.1   1   1   1.1e-35   3.8e-35  120.0   0.1     2   250    95   343    94   350 0.87 -
Q00168               -            530 PK_Tyr_Ser-Thr       PF07714.23   258     3e-35  120.3   0.0   1   1   1.2e-35   4.2e-35  119.8   0.0     3   253    16   265    14   269 0.89 -
P48479               -            858 PK_Tyr_Ser-Thr       PF07714.23   258   3.1e-35  120.3   0.0   1   1   1.1e-34   3.8e-34  116.7   0.0     2   255     8   285     7   287 0.89 -
B5X564               -            644 PK_Tyr_Ser-Thr       PF07714.23   258   3.3e-35  120.2   0.0   1   1   1.9e-35   6.3e-35  119.3   0.0     3   217   107   318   105   332 0.87 -
O94768               -            372 PK_Tyr_Ser-Thr       PF07714.23   258   3.3e-35  120.2   0.0   1   1   1.2e-35   4.2e-35  119.8   0.0     3   254    35   287    33   290 0.89 -
Q9HFF4               -           1023 PK_Tyr_Ser-Thr       PF07714.23   258   3.4e-35  120.1   0.0   1   1   4.5e-35   1.5e-34  118.0   0.0     3   256   494   770   492   772 0.83 -
P11801               -            424 PK_Tyr_Ser-Thr       PF07714.23   258   3.6e-35  120.0   0.0   1   1   1.4e-35   4.9e-35  119.6   0.0     4   224   101   316    98   352 0.88 -
Q6EU49               -            612 PK_Tyr_Ser-Thr       PF07714.23   258   3.6e-35  120.0   0.1   1   1   1.5e-35     5e-35  119.6   0.1     2   254    26   276    25   279 0.82 -
O70150               -            343 PK_Tyr_Ser-Thr       PF07714.23   258   3.7e-35  120.0   0.0   1   1   1.3e-35   4.5e-35  119.7   0.0     2   257    16   267    15   268 0.91 -
Q6RET6               -            527 PK_Tyr_Ser-Thr       PF07714.23   258     5e-35  119.6   0.0   1   2     0.022     0.075   10.9   0.3     3    41    14    62    12    82 0.86 -
Q6RET6               -            527 PK_Tyr_Ser-Thr       PF07714.23   258     5e-35  119.6   0.0   2   2   1.6e-31   5.3e-31  106.4   0.0    26   256    74   310    67   311 0.85 -
Q17941               -            541 PK_Tyr_Ser-Thr       PF07714.23   258   5.1e-35  119.5   0.0   1   1   2.3e-35   7.7e-35  119.0   0.0     3   248   195   433   193   435 0.91 -
Q9SD62               -           1025 PK_Tyr_Ser-Thr       PF07714.23   258   5.2e-35  119.5   0.0   1   1   2.2e-35   7.6e-35  119.0   0.0     5   205   723   953   719  1012 0.80 -
Q54XI9               -           1936 PK_Tyr_Ser-Thr       PF07714.23   258   5.3e-35  119.5   0.0   1   1   3.2e-35   1.1e-34  118.5   0.0     1   257   961  1235   961  1236 0.90 -
Q8S8Y9               -            568 PK_Tyr_Ser-Thr       PF07714.23   258   5.6e-35  119.4   0.0   1   1   2.9e-35   9.8e-35  118.6   0.0     4   243    27   265    25   278 0.85 -
Q9GT24               -            706 PK_Tyr_Ser-Thr       PF07714.23   258   5.9e-35  119.3   0.0   1   1   3.1e-35     1e-34  118.5   0.0     4   208    16   212    13   257 0.84 -
Q6DHU8               -            339 PK_Tyr_Ser-Thr       PF07714.23   258   6.1e-35  119.3   0.0   1   1   4.6e-35   1.6e-34  118.0   0.0     3   258    38   322    37   322 0.89 -
Q03963               -            515 PK_Tyr_Ser-Thr       PF07714.23   258   6.1e-35  119.3   0.0   1   1   3.5e-35   1.2e-34  118.4   0.0     4   258   245   500   242   500 0.87 -
C0LGE4               -            882 PK_Tyr_Ser-Thr       PF07714.23   258   6.2e-35  119.3   0.0   1   1     3e-35     1e-34  118.5   0.0     3   258   595   873   593   873 0.86 -
P38147               -            527 PK_Tyr_Ser-Thr       PF07714.23   258   6.3e-35  119.3   0.0   1   1   2.5e-35   8.6e-35  118.8   0.0     3   254    17   275    15   278 0.87 -
Q09537               -            642 PK_Tyr_Ser-Thr       PF07714.23   258   6.4e-35  119.2   0.0   1   1   2.9e-35   9.8e-35  118.6   0.0     2   229   204   426   203   450 0.87 -
P48609               -            294 PK_Tyr_Ser-Thr       PF07714.23   258   7.1e-35  119.1   0.0   1   1   2.6e-35   8.8e-35  118.8   0.0     4   209     7   207     4   227 0.88 -
A8WVU9               -           1194 PK_Tyr_Ser-Thr       PF07714.23   258   7.6e-35  119.0   0.0   1   1   5.8e-35     2e-34  117.6   0.0     3   246    70   314    68   319 0.84 -
Q0D541               -            327 PK_Tyr_Ser-Thr       PF07714.23   258   7.7e-35  119.0   0.0   1   1   2.9e-35   9.7e-35  118.6   0.0     5   256    59   310    56   311 0.86 -
P34102               -            910 PK_Tyr_Ser-Thr       PF07714.23   258   7.9e-35  118.9   0.0   1   1   3.8e-35   1.3e-34  118.2   0.0     2   249   499   748   498   757 0.82 -
O61661               -            512 PK_Tyr_Ser-Thr       PF07714.23   258   8.2e-35  118.9   0.0   1   1   3.4e-35   1.1e-34  118.4   0.0     3   252    24   271    22   276 0.88 -
Q7XUF4               -            710 PK_Tyr_Ser-Thr       PF07714.23   258   8.4e-35  118.8   0.0   1   1   3.8e-35   1.3e-34  118.2   0.0     4   204   368   563   365   588 0.89 -
O43077               -            559 PK_Tyr_Ser-Thr       PF07714.23   258   8.4e-35  118.8   0.0   1   1   8.3e-35   2.8e-34  117.1   0.0     4   200    24   229    22   248 0.90 -
O76039               -            960 PK_Tyr_Ser-Thr       PF07714.23   258   8.6e-35  118.8   0.0   1   1   4.3e-35   1.5e-34  118.1   0.0     4   204    16   210    13   228 0.90 -
P43294               -            443 PK_Tyr_Ser-Thr       PF07714.23   258   8.7e-35  118.8   0.1   1   1   3.8e-35   1.3e-34  118.2   0.1     2   200    13   203    12   287 0.90 -
Q6ERS4               -            456 PK_Tyr_Ser-Thr       PF07714.23   258   8.8e-35  118.8   0.0   1   1   3.3e-35   1.1e-34  118.4   0.0     2   256    23   273    22   274 0.87 -
O64639               -            683 PK_Tyr_Ser-Thr       PF07714.23   258     9e-35  118.7   0.0   1   2   2.7e-25   9.3e-25   85.9   0.0     4   155    95   251    92   264 0.90 -
O64639               -            683 PK_Tyr_Ser-Thr       PF07714.23   258     9e-35  118.7   0.0   2   2   3.6e-08   1.2e-07   29.8   0.0   145   258   520   653   518   653 0.74 -
Q55FJ6               -            507 PK_Tyr_Ser-Thr       PF07714.23   258     9e-35  118.7   0.0   1   1   6.1e-35   2.1e-34  117.6   0.0     2   200     5   195     4   213 0.93 -
P51817               -            358 PK_Tyr_Ser-Thr       PF07714.23   258   9.2e-35  118.7   0.0   1   1   3.4e-35   1.1e-34  118.4   0.0     5   248    53   286    49   291 0.88 -
Q9XTR1               -            406 PK_Tyr_Ser-Thr       PF07714.23   258   9.5e-35  118.7   0.6   1   1   9.6e-35   3.3e-34  116.9   0.2     5   205   106   333   102   384 0.79 -
Q4WVG0               -           1106 PK_Tyr_Ser-Thr       PF07714.23   258   9.5e-35  118.7   0.0   1   1   4.8e-35   1.6e-34  117.9   0.0     3   248   783  1023   781  1025 0.83 -
Q9SJQ1               -            672 PK_Tyr_Ser-Thr       PF07714.23   258   9.8e-35  118.6   0.0   1   1   9.8e-35   3.3e-34  116.9   0.0     5   256   361   640   358   642 0.84 -
Q06309               -            301 PK_Tyr_Ser-Thr       PF07714.23   258     1e-34  118.6   0.0   1   1   3.8e-35   1.3e-34  118.2   0.0     3   208     7   206     5   229 0.90 -
Q54MV2               -            715 PK_Tyr_Ser-Thr       PF07714.23   258     1e-34  118.5   0.0   1   1     6e-35     2e-34  117.6   0.0     4   256    68   316    66   318 0.89 -
O59697               -            423 PK_Tyr_Ser-Thr       PF07714.23   258   1.1e-34  118.5   0.0   1   1   4.1e-35   1.4e-34  118.1   0.0     3   254    55   299    53   302 0.89 -
Q9UEE5               -            414 PK_Tyr_Ser-Thr       PF07714.23   258   1.1e-34  118.5   0.0   1   1   4.3e-35   1.5e-34  118.1   0.0     4   256    64   317    61   318 0.87 -
C0LGS2               -           1136 PK_Tyr_Ser-Thr       PF07714.23   258   1.1e-34  118.5   0.0   1   1   6.8e-35   2.3e-34  117.4   0.0     9   222   849  1061   842  1114 0.82 -
P16912               -            583 PK_Tyr_Ser-Thr       PF07714.23   258   1.1e-34  118.4   0.0   1   1   4.5e-35   1.5e-34  118.0   0.0     2   239   275   502   274   514 0.86 -
O80888               -            372 PK_Tyr_Ser-Thr       PF07714.23   258   1.2e-34  118.4   0.0   1   1   4.7e-35   1.6e-34  117.9   0.0     4   256     6   255     3   256 0.86 -
Q54L81               -            462 PK_Tyr_Ser-Thr       PF07714.23   258   1.2e-34  118.3   0.4   1   1   5.7e-33   1.9e-32  111.1   0.4     2   214    65   293    64   305 0.81 -
P21137               -            404 PK_Tyr_Ser-Thr       PF07714.23   258   1.3e-34  118.3   0.0   1   1   4.9e-35   1.7e-34  117.9   0.0     4   248    84   318    81   322 0.91 -
Q96PN8               -            268 PK_Tyr_Ser-Thr       PF07714.23   258   1.3e-34  118.3   0.0   1   1   4.3e-35   1.5e-34  118.1   0.0     2   254    11   259    10   262 0.92 -
Q9UU87               -            354 PK_Tyr_Ser-Thr       PF07714.23   258   1.3e-34  118.3   0.0   1   2       3.6        12    3.6   0.0     3    48    42    82    40   116 0.81 -
Q9UU87               -            354 PK_Tyr_Ser-Thr       PF07714.23   258   1.3e-34  118.3   0.0   2   2   1.7e-33   5.6e-33  112.9   0.0    45   256   115   327   101   328 0.86 -
Q8C078               -            588 PK_Tyr_Ser-Thr       PF07714.23   258   1.3e-34  118.2   0.0   1   2       1.7       5.7    4.7   0.0     2    39   166   199   165   206 0.78 -
Q8C078               -            588 PK_Tyr_Ser-Thr       PF07714.23   258   1.3e-34  118.2   0.0   2   2   4.6e-33   1.5e-32  111.4   0.0    46   254   231   440   225   443 0.89 -
Q5A6T5               -            589 PK_Tyr_Ser-Thr       PF07714.23   258   1.4e-34  118.1   0.0   1   1   6.2e-35   2.1e-34  117.5   0.0     4   199   252   444   249   457 0.90 -
Q10664               -            387 PK_Tyr_Ser-Thr       PF07714.23   258   1.5e-34  118.0   0.0   1   1   7.8e-34   2.6e-33  113.9   0.0     2   254    74   354    73   358 0.83 -
Q54FR9               -            967 PK_Tyr_Ser-Thr       PF07714.23   258   1.6e-34  117.9   0.7   1   1   7.7e-35   2.6e-34  117.2   0.0    31   258   365   606   349   606 0.85 -
Q9SUQ3               -            638 PK_Tyr_Ser-Thr       PF07714.23   258   1.7e-34  117.8   0.0   1   1   1.8e-34     6e-34  116.0   0.0     5   256   341   603   338   605 0.88 -
Q9XA16               -            673 PK_Tyr_Ser-Thr       PF07714.23   258   1.7e-34  117.8   0.0   1   1   7.8e-35   2.6e-34  117.2   0.0     4   248    14   262    11   269 0.84 -
P34244               -           1518 PK_Tyr_Ser-Thr       PF07714.23   258   1.8e-34  117.8   0.0   1   1     1e-33   3.5e-33  113.6   0.0    42   256   155   365    81   366 0.89 -
D2H526               -           1491 PK_Tyr_Ser-Thr       PF07714.23   258   1.8e-34  117.7   0.0   1   1   8.6e-35   2.9e-34  117.1   0.0     6   245   733   977   728   990 0.84 -
Q9FL51               -            872 PK_Tyr_Ser-Thr       PF07714.23   258   1.8e-34  117.7   0.1   1   1   8.5e-35   2.9e-34  117.1   0.1    30   256   613   858   602   860 0.86 -
Q63932               -            401 PK_Tyr_Ser-Thr       PF07714.23   258   1.9e-34  117.7   0.0   1   1   7.1e-34   2.4e-33  114.1   0.0     4   212    75   274    72   281 0.91 -
Q9ASS4               -            620 PK_Tyr_Ser-Thr       PF07714.23   258     2e-34  117.6   0.0   1   1   8.8e-35     3e-34  117.0   0.0     3   212   305   517   303   546 0.87 -
Q00534               -            326 PK_Tyr_Ser-Thr       PF07714.23   258     2e-34  117.6   0.0   1   1   9.9e-35   3.3e-34  116.9   0.0     4   199    16   214    13   295 0.87 -
Q49HM9               -            549 PK_Tyr_Ser-Thr       PF07714.23   258   2.1e-34  117.6   0.2   1   1   9.6e-35   3.3e-34  116.9   0.2     5   249   190   436   187   440 0.84 -
Q8W490               -            470 PK_Tyr_Ser-Thr       PF07714.23   258   2.1e-34  117.5   0.0   1   1   7.9e-35   2.7e-34  117.2   0.0     3   254   109   349   107   352 0.86 -
Q9TZM3               -           2393 PK_Tyr_Ser-Thr       PF07714.23   258   2.2e-34  117.5   0.0   1   2     0.099      0.33    8.7   0.0     2    37  1695  1729  1694  1734 0.90 -
Q9TZM3               -           2393 PK_Tyr_Ser-Thr       PF07714.23   258   2.2e-34  117.5   0.0   2   2   1.8e-31   6.2e-31  106.2   0.0    49   255  1768  1984  1753  1986 0.88 -
Q753D9               -            726 PK_Tyr_Ser-Thr       PF07714.23   258   2.3e-34  117.4   0.0   1   1   9.7e-35   3.3e-34  116.9   0.0     3   256    12   267    10   268 0.83 -
Q5UNT1               -            545 PK_Tyr_Ser-Thr       PF07714.23   258   2.4e-34  117.4   0.1   1   1   1.8e-34   6.1e-34  116.0   0.0     2   221   265   477   264   494 0.92 -
Q9ZW09               -            627 PK_Tyr_Ser-Thr       PF07714.23   258   2.5e-34  117.3   0.0   1   1   2.8e-34   9.5e-34  115.4   0.0     4   256   356   609   353   611 0.82 -
Q63651               -            564 PK_Tyr_Ser-Thr       PF07714.23   258   2.6e-34  117.2   0.0   1   1   1.1e-34   3.8e-34  116.7   0.0     5   252   194   442   192   446 0.87 -
Q96Q40               -            435 PK_Tyr_Ser-Thr       PF07714.23   258   2.8e-34  117.1   0.0   1   1   1.2e-34   3.9e-34  116.6   0.0     5   210   107   305   104   323 0.90 -
O55173               -            559 PK_Tyr_Ser-Thr       PF07714.23   258   2.8e-34  117.1   0.0   1   1   1.1e-34   3.8e-34  116.7   0.0     2   236    86   315    85   334 0.86 -
C0LGK9               -            853 PK_Tyr_Ser-Thr       PF07714.23   258   3.1e-34  117.0   0.0   1   1   1.4e-34   4.9e-34  116.3   0.0     5   256   550   842   546   844 0.89 -
P39745               -            444 PK_Tyr_Ser-Thr       PF07714.23   258   3.3e-34  116.9   0.0   1   1   1.4e-34   4.8e-34  116.3   0.0     6   200   101   295    97   310 0.91 -
Q84UI5               -            398 PK_Tyr_Ser-Thr       PF07714.23   258   3.3e-34  116.9   0.0   1   1   1.3e-34   4.3e-34  116.5   0.0     7   199    73   263    70   344 0.86 -
Q95YH0               -            380 PK_Tyr_Ser-Thr       PF07714.23   258   3.3e-34  116.9   0.0   1   1   1.5e-34   5.1e-34  116.3   0.0     3   203    46   252    44   277 0.85 -
Q5A1D3               -            421 PK_Tyr_Ser-Thr       PF07714.23   258   3.5e-34  116.8   0.0   1   1     1e-34   3.5e-34  116.8   0.0     3   208    72   276    70   305 0.89 -
P40376               -            512 PK_Tyr_Ser-Thr       PF07714.23   258   3.6e-34  116.8   0.0   1   1   1.5e-34   5.1e-34  116.3   0.0     2   238   202   429   201   440 0.86 -
F4J6F6               -           1296 PK_Tyr_Ser-Thr       PF07714.23   258   3.8e-34  116.7   0.0   1   2   2.9e-26   9.7e-26   89.1   0.0     2   151   883  1029   882  1040 0.91 -
F4J6F6               -           1296 PK_Tyr_Ser-Thr       PF07714.23   258   3.8e-34  116.7   0.0   2   2   8.9e-07     3e-06   25.3   0.0   157   249  1064  1157  1054  1164 0.86 -
Q8SR86               -            296 PK_Tyr_Ser-Thr       PF07714.23   258     4e-34  116.6   0.0   1   1   1.4e-34   4.8e-34  116.4   0.0     3   199     7   201     5   281 0.87 -
Q11179               -            470 PK_Tyr_Ser-Thr       PF07714.23   258   4.4e-34  116.5   0.0   1   1   2.7e-34   9.1e-34  115.5   0.0     2   219    14   235    13   264 0.87 -
Q9CAV6               -            700 PK_Tyr_Ser-Thr       PF07714.23   258   5.3e-34  116.2   0.0   1   1   2.4e-34   8.2e-34  115.6   0.0     4   243    27   265    25   278 0.86 -
O74426               -            338 PK_Tyr_Ser-Thr       PF07714.23   258   5.6e-34  116.1   0.1   1   1   2.2e-34   7.5e-34  115.7   0.1     2   206    31   232    30   258 0.86 -
Q9SND6               -            342 PK_Tyr_Ser-Thr       PF07714.23   258   5.9e-34  116.1   0.0   1   1   2.4e-34   8.2e-34  115.6   0.0     4   255     6   263     4   265 0.86 -
Q5A3P6               -            947 PK_Tyr_Ser-Thr       PF07714.23   258     6e-34  116.1   0.0   1   1   2.9e-34   9.7e-34  115.4   0.0     2   256   241   498   240   500 0.87 -
Q12263               -           1142 PK_Tyr_Ser-Thr       PF07714.23   258   6.4e-34  116.0   0.0   1   1   6.4e-34   2.2e-33  114.2   0.0     3   256    21   285    19   286 0.82 -
C0LGR3               -           1091 PK_Tyr_Ser-Thr       PF07714.23   258   6.4e-34  115.9   0.0   1   1   2.8e-34   9.5e-34  115.4   0.0     3   257   762  1037   760  1038 0.79 -
Q96WV9               -            591 PK_Tyr_Ser-Thr       PF07714.23   258   6.8e-34  115.9   0.0   1   1   3.4e-34   1.1e-33  115.1   0.0     2   209    37   259    36   282 0.83 -
Q9NI63               -            533 PK_Tyr_Ser-Thr       PF07714.23   258   7.1e-34  115.8   0.0   1   1     3e-34     1e-33  115.3   0.0     4   256   105   347   102   348 0.90 -
P34100               -            714 PK_Tyr_Ser-Thr       PF07714.23   258   7.6e-34  115.7   0.3   1   1     5e-34   1.7e-33  114.6   0.0     3   249   336   575   334   583 0.88 -
Q54W86               -            928 PK_Tyr_Ser-Thr       PF07714.23   258   7.9e-34  115.6   0.3   1   2   4.4e-26   1.5e-25   88.5   0.8     4   159   569   734   566   744 0.91 -
Q54W86               -            928 PK_Tyr_Ser-Thr       PF07714.23   258   7.9e-34  115.6   0.3   2   2   1.9e-06   6.5e-06   24.2   0.0   169   254   774   862   770   865 0.86 -
Q9GRU1               -            363 PK_Tyr_Ser-Thr       PF07714.23   258   9.7e-34  115.4   0.0   1   1   4.1e-34   1.4e-33  114.9   0.0     3   201    32   230    30   245 0.88 -
P46551               -            730 PK_Tyr_Ser-Thr       PF07714.23   258   1.1e-33  115.2   0.0   1   1   5.7e-34   1.9e-33  114.4   0.0     3   253   313   598   311   602 0.86 -
Q9LE81               -           1168 PK_Tyr_Ser-Thr       PF07714.23   258   1.1e-33  115.1   0.0   1   2   2.1e-26   7.3e-26   89.5   0.0     2   152   755   902   754   917 0.90 -
Q9LE81               -           1168 PK_Tyr_Ser-Thr       PF07714.23   258   1.1e-33  115.1   0.0   2   2   3.5e-06   1.2e-05   23.3   0.0   156   249   935  1029   923  1033 0.84 -
Q2L6W9               -            476 PK_Tyr_Ser-Thr       PF07714.23   258   1.1e-33  115.1   0.5   1   2   2.5e-25   8.5e-25   86.1   0.0     4   156    90   239    87   271 0.84 -
Q2L6W9               -            476 PK_Tyr_Ser-Thr       PF07714.23   258   1.1e-33  115.1   0.5   2   2   1.9e-07   6.6e-07   27.4   0.1   168   233   284   349   266   365 0.81 -
Q8R4V0               -            496 PK_Tyr_Ser-Thr       PF07714.23   258   1.2e-33  115.1   0.0   1   1   4.9e-34   1.6e-33  114.6   0.0     3   248   164   403   162   415 0.82 -
Q6Z9F4               -            451 PK_Tyr_Ser-Thr       PF07714.23   258   1.3e-33  114.9   0.0   1   1     5e-34   1.7e-33  114.6   0.0     2   256    24   274    23   275 0.90 -
Q39238               -            688 PK_Tyr_Ser-Thr       PF07714.23   258   1.4e-33  114.9   0.0   1   1   7.4e-34   2.5e-33  114.0   0.0     4   255   412   678   409   680 0.79 -
P50526               -            652 PK_Tyr_Ser-Thr       PF07714.23   258   1.5e-33  114.8   0.0   1   1   5.8e-34     2e-33  114.4   0.0     2   254   136   403   135   406 0.87 -
Q54MH0               -            749 PK_Tyr_Ser-Thr       PF07714.23   258   1.5e-33  114.7   0.1   1   1   9.8e-34   3.3e-33  113.6   0.0     4   251   202   463   199   469 0.85 -
Q54C77               -           1186 PK_Tyr_Ser-Thr       PF07714.23   258   1.5e-33  114.7   0.0   1   1   1.1e-33   3.6e-33  113.5   0.0    10   256   180   433   178   434 0.81 -
Q62101               -            918 PK_Tyr_Ser-Thr       PF07714.23   258   1.6e-33  114.6   0.0   1   1     7e-34   2.4e-33  114.1   0.0     4   252   592   837   589   842 0.86 -
Q54QB1               -            369 PK_Tyr_Ser-Thr       PF07714.23   258   1.6e-33  114.6   0.1   1   1   7.2e-34   2.4e-33  114.1   0.1     3   199    16   214    14   256 0.86 -
Q8C0N0               -            497 PK_Tyr_Ser-Thr       PF07714.23   258   1.7e-33  114.6   0.0   1   1   7.4e-34   2.5e-33  114.0   0.0    24   256    47   271    29   272 0.90 -
Q8I7M8               -            667 PK_Tyr_Ser-Thr       PF07714.23   258   1.9e-33  114.4   0.0   1   1   9.4e-34   3.2e-33  113.7   0.0     4   227   331   547   328   555 0.89 -
Q501Q9               -            586 PK_Tyr_Ser-Thr       PF07714.23   258   1.9e-33  114.4   0.0   1   1   1.1e-33   3.8e-33  113.4   0.0     3   218    16   232    14   301 0.89 -
Q9NIV1               -           1162 PK_Tyr_Ser-Thr       PF07714.23   258   1.9e-33  114.4   0.0   1   2   2.9e-07   9.9e-07   26.8   0.0     2    72   643   709   642   715 0.91 -
Q9NIV1               -           1162 PK_Tyr_Ser-Thr       PF07714.23   258   1.9e-33  114.4   0.0   2   2   5.8e-25     2e-24   84.9   0.0    73   258   926  1121   914  1121 0.85 -
J9W0G9               -            575 PK_Tyr_Ser-Thr       PF07714.23   258     2e-33  114.3   0.0   1   1   7.8e-34   2.7e-33  113.9   0.0     2   249   246   486   245   493 0.90 -
Q9U1Y5               -            476 PK_Tyr_Ser-Thr       PF07714.23   258   2.1e-33  114.3   0.0   1   1   9.3e-34   3.1e-33  113.7   0.0     4   255   173   431   171   433 0.82 -
Q8SSH1               -            516 PK_Tyr_Ser-Thr       PF07714.23   258   2.3e-33  114.1   0.2   1   1     2e-33   6.8e-33  112.6   0.2     2   200     5   187     4   208 0.91 -
A0A194VNL2           -            532 PK_Tyr_Ser-Thr       PF07714.23   258   2.3e-33  114.1   0.0   1   1   1.1e-33   3.8e-33  113.4   0.0     6   204   240   435   235   500 0.82 -
Q9Z265               -            546 PK_Tyr_Ser-Thr       PF07714.23   258   2.3e-33  114.1   0.0   1   1   9.5e-34   3.2e-33  113.6   0.0     3   253   226   483   224   487 0.83 -
Q9NAH6               -            550 PK_Tyr_Ser-Thr       PF07714.23   258   2.4e-33  114.1   0.0   1   1     1e-33   3.4e-33  113.6   0.0     2   248    84   327    83   330 0.87 -
Q9TVL3               -            478 PK_Tyr_Ser-Thr       PF07714.23   258   2.4e-33  114.1   0.0   1   1     1e-33   3.4e-33  113.6   0.0     4   214    88   307    85   341 0.83 -
O35495               -            469 PK_Tyr_Ser-Thr       PF07714.23   258   2.5e-33  114.0   0.0   1   1   1.1e-33   3.7e-33  113.5   0.0     3   210   137   337   135   346 0.91 -
Q9ZUZ2               -            595 PK_Tyr_Ser-Thr       PF07714.23   258   2.6e-33  114.0   0.0   1   1   1.3e-33   4.3e-33  113.2   0.0     2   251   144   396   143   402 0.88 -
A4QXX4               -            499 PK_Tyr_Ser-Thr       PF07714.23   258   2.9e-33  113.8   0.0   1   1   1.2e-33   4.1e-33  113.3   0.0     7   238    67   305    61   312 0.87 -
P43637               -            560 PK_Tyr_Ser-Thr       PF07714.23   258   2.9e-33  113.8   0.0   1   1   1.6e-33   5.4e-33  112.9   0.0     3   218    52   289    50   341 0.74 -
Q9FG24               -            735 PK_Tyr_Ser-Thr       PF07714.23   258   3.1e-33  113.7   0.0   1   1   1.3e-33   4.4e-33  113.2   0.0     4   258   418   691   415   691 0.85 -
Q9FX86               -            606 PK_Tyr_Ser-Thr       PF07714.23   258   3.2e-33  113.6   0.0   1   1   1.2e-33   4.2e-33  113.3   0.0     1   250   150   402   150   409 0.86 -
Q4X1A8               -            637 PK_Tyr_Ser-Thr       PF07714.23   258   3.3e-33  113.6   0.0   1   1   1.4e-33   4.6e-33  113.1   0.0     3   249   296   537   294   543 0.90 -
P54736               -            830 PK_Tyr_Ser-Thr       PF07714.23   258   3.5e-33  113.5   0.0   1   1   1.7e-33   5.7e-33  112.8   0.0     3   250    15   267    13   274 0.86 -
P54738               -            710 PK_Tyr_Ser-Thr       PF07714.23   258   3.7e-33  113.4   0.0   1   1   1.5e-33     5e-33  113.0   0.0     2   249     7   266     6   276 0.86 -
P07527               -            877 PK_Tyr_Ser-Thr       PF07714.23   258   3.8e-33  113.4   0.0   1   1   1.7e-33   5.6e-33  112.9   0.0     5   204   570   766   566   836 0.87 -
Q9U9Y8               -            634 PK_Tyr_Ser-Thr       PF07714.23   258   3.9e-33  113.4   0.1   1   1   1.3e-32   4.5e-32  109.9   0.0     5   200   244   439   241   528 0.84 -
Q7FK82               -            669 PK_Tyr_Ser-Thr       PF07714.23   258     4e-33  113.3   0.0   1   1   7.5e-32   2.6e-31  107.4   0.0     5   256   355   601   351   603 0.89 -
Q02595               -            510 PK_Tyr_Ser-Thr       PF07714.23   258   4.4e-33  113.2   0.0   1   1   2.7e-33     9e-33  112.2   0.0     3   250   113   354   111   361 0.86 -
Q04770               -            291 PK_Tyr_Ser-Thr       PF07714.23   258   4.5e-33  113.2   0.0   1   1   1.8e-33   6.1e-33  112.7   0.0     3   199     6   196     4   219 0.89 -
P25341               -            720 PK_Tyr_Ser-Thr       PF07714.23   258     5e-33  113.0   0.1   1   1   9.2e-33   3.1e-32  110.4   0.1     3   249   326   587   324   591 0.82 -
O94806               -            890 PK_Tyr_Ser-Thr       PF07714.23   258   5.4e-33  112.9   0.0   1   1   2.5e-33   8.6e-33  112.2   0.0     4   250   579   822   576   828 0.84 -
P54743               -            437 PK_Tyr_Ser-Thr       PF07714.23   258   5.6e-33  112.9   0.0   1   1   2.5e-33   8.5e-33  112.3   0.0     3   248    15   260    13   266 0.91 -
Q94C77               -            757 PK_Tyr_Ser-Thr       PF07714.23   258   5.6e-33  112.9   0.0   1   1     3e-33     1e-32  112.0   0.0     7   258   477   750   473   750 0.89 -
P54740               -            417 PK_Tyr_Ser-Thr       PF07714.23   258   5.6e-33  112.9   0.0   1   1     2e-33   6.7e-33  112.6   0.0     3   258    11   266     9   266 0.94 -
P97756               -            505 PK_Tyr_Ser-Thr       PF07714.23   258   5.7e-33  112.8   0.0   1   2      0.75       2.5    5.8   0.0     2    39   129   162   128   169 0.75 -
P97756               -            505 PK_Tyr_Ser-Thr       PF07714.23   258   5.7e-33  112.8   0.0   2   2   4.4e-31   1.5e-30  104.9   0.0    46   254   194   403   187   406 0.88 -
J9VH94               -           1230 PK_Tyr_Ser-Thr       PF07714.23   258   5.9e-33  112.8   0.0   1   1   6.9e-33   2.3e-32  110.8   0.0    50   255   590   796   575   798 0.89 -
Q4V862               -            376 PK_Tyr_Ser-Thr       PF07714.23   258     6e-33  112.8   0.0   1   1   2.4e-33   8.1e-33  112.3   0.0     4   208    22   235    19   271 0.83 -
P38070               -            525 PK_Tyr_Ser-Thr       PF07714.23   258   6.4e-33  112.7   0.0   1   1   2.5e-32   8.6e-32  109.0   0.0    43   251   194   409   187   414 0.89 -
Q84MA9               -            652 PK_Tyr_Ser-Thr       PF07714.23   258   6.7e-33  112.6   0.0   1   1   2.8e-33   9.6e-33  112.1   0.0     5   256   354   613   351   615 0.87 -
P33981               -            857 PK_Tyr_Ser-Thr       PF07714.23   258   6.8e-33  112.6   0.1   1   1   3.5e-33   1.2e-32  111.8   0.1     3   255   527   786   525   788 0.91 -
P05129               -            697 PK_Tyr_Ser-Thr       PF07714.23   258   7.2e-33  112.5   0.0   1   1   3.5e-33   1.2e-32  111.8   0.0     3   248   353   597   351   599 0.82 -
B1WAR9               -            890 PK_Tyr_Ser-Thr       PF07714.23   258   7.5e-33  112.4   0.1   1   2   4.9e-27   1.7e-26   91.6   0.3     3   154    35   183    33   195 0.90 -
B1WAR9               -            890 PK_Tyr_Ser-Thr       PF07714.23   258   7.5e-33  112.4   0.1   2   2   0.00012   0.00041   18.3   0.0   168   248   753   834   735   843 0.74 -
Q1ZXC8               -            691 PK_Tyr_Ser-Thr       PF07714.23   258   7.5e-33  112.4   0.0   1   1   4.3e-33   1.5e-32  111.5   0.0     3   210    20   219    18   260 0.86 -
G5EDT6               -            435 PK_Tyr_Ser-Thr       PF07714.23   258   7.8e-33  112.4   0.0   1   1   3.1e-33     1e-32  112.0   0.0     2   256   123   381   122   382 0.78 -
P16911               -            354 PK_Tyr_Ser-Thr       PF07714.23   258   7.8e-33  112.4   0.0   1   1   3.5e-33   1.2e-32  111.8   0.0     5   248    49   284    46   288 0.88 -
F4HPN2               -           1042 PK_Tyr_Ser-Thr       PF07714.23   258   7.8e-33  112.4   0.1   1   2   6.5e-25   2.2e-24   84.7   0.0     2   151   671   817   670   834 0.89 -
F4HPN2               -           1042 PK_Tyr_Ser-Thr       PF07714.23   258   7.8e-33  112.4   0.1   2   2   1.5e-06   5.2e-06   24.5   0.0   154   249   845   941   839   946 0.88 -
Q2TBL8               -            361 PK_Tyr_Ser-Thr       PF07714.23   258   7.9e-33  112.4   0.0   1   1   3.5e-33   1.2e-32  111.8   0.0     4   199    40   232    37   257 0.88 -
Q8RWX4               -            611 PK_Tyr_Ser-Thr       PF07714.23   258   7.9e-33  112.4   0.0   1   1     3e-33     1e-32  112.0   0.0     1   255    39   300    39   303 0.90 -
Q9Y7J6               -            551 PK_Tyr_Ser-Thr       PF07714.23   258   7.9e-33  112.4   0.0   1   1   3.2e-33   1.1e-32  111.9   0.0     3   256    57   311    55   312 0.85 -
Q0D598               -            704 PK_Tyr_Ser-Thr       PF07714.23   258   9.7e-33  112.1   0.1   1   1   5.2e-33   1.8e-32  111.2   0.1     4   255    30   279    28   281 0.86 -
Q55GS4               -            366 PK_Tyr_Ser-Thr       PF07714.23   258   9.8e-33  112.1   0.0   1   1     6e-33     2e-32  111.0   0.0     4   199    10   203     7   231 0.89 -
P07334               -            593 PK_Tyr_Ser-Thr       PF07714.23   258   1.1e-32  111.9   0.0   1   1   4.7e-33   1.6e-32  111.4   0.0     3   254    14   252    12   255 0.90 -
A2CI35               -            953 PK_Tyr_Ser-Thr       PF07714.23   258   1.1e-32  111.9   0.0   1   1   6.8e-33   2.3e-32  110.8   0.0     3   258   667   921   666   921 0.85 -
Q7Y0B9               -            371 PK_Tyr_Ser-Thr       PF07714.23   258   1.2e-32  111.8   0.0   1   1   5.2e-33   1.8e-32  111.2   0.0     3   256    35   285    33   286 0.85 -
Q6C842               -            706 PK_Tyr_Ser-Thr       PF07714.23   258   1.4e-32  111.6   0.0   1   1   5.8e-33     2e-32  111.1   0.0     6   200    43   250    39   277 0.86 -
O76360               -            780 PK_Tyr_Ser-Thr       PF07714.23   258   1.5e-32  111.5   0.0   1   1   2.6e-32   8.8e-32  108.9   0.0     3   246   471   710   469   714 0.84 -
Q9KIG4               -            641 PK_Tyr_Ser-Thr       PF07714.23   258   1.5e-32  111.5   0.0   1   1   6.3e-33   2.1e-32  111.0   0.0     6   249    23   263    18   267 0.86 -
Q0PKV7               -            525 PK_Tyr_Ser-Thr       PF07714.23   258   1.5e-32  111.4   0.0   1   1   6.4e-33   2.2e-32  110.9   0.0     7   256    65   313    60   314 0.86 -
Q6L5D4               -            700 PK_Tyr_Ser-Thr       PF07714.23   258   1.5e-32  111.4   0.0   1   1   8.3e-33   2.8e-32  110.6   0.0     3   209   109   317   107   394 0.82 -
P34947               -            590 PK_Tyr_Ser-Thr       PF07714.23   258   1.5e-32  111.4   0.0   1   1     7e-33   2.4e-32  110.8   0.0     3   248   188   431   186   436 0.82 -
Q9STJ8               -            651 PK_Tyr_Ser-Thr       PF07714.23   258   1.6e-32  111.4   0.0   1   2   2.3e-26   7.9e-26   89.4   0.0     4   154   102   252    99   263 0.90 -
Q9STJ8               -            651 PK_Tyr_Ser-Thr       PF07714.23   258   1.6e-32  111.4   0.0   2   2   5.3e-05   0.00018   19.4   0.0   163   254   511   620   496   624 0.60 -
Q6CRA9               -            645 PK_Tyr_Ser-Thr       PF07714.23   258   1.7e-32  111.3   0.0   1   2   1.1e-09   3.7e-09   34.8   0.0     4    75    58   126    55   128 0.88 -
Q6CRA9               -            645 PK_Tyr_Ser-Thr       PF07714.23   258   1.7e-32  111.3   0.0   2   2     1e-21   3.5e-21   74.2   0.0    71   202   154   292   139   314 0.83 -
D2I3C6               -            784 PK_Tyr_Ser-Thr       PF07714.23   258   1.8e-32  111.2   0.0   1   1   7.9e-33   2.7e-32  110.6   0.0     2   255   412   663   411   665 0.87 -
P21127               -            795 PK_Tyr_Ser-Thr       PF07714.23   258   1.8e-32  111.2   0.4   1   1   2.2e-32   7.4e-32  109.2   0.0     4   216   441   649   438   691 0.88 -
Q9SH71               -            587 PK_Tyr_Ser-Thr       PF07714.23   258   1.9e-32  111.1   0.0   1   1   8.8e-33     3e-32  110.5   0.0     5   256   311   576   308   578 0.93 -
Q9FGW5               -            612 PK_Tyr_Ser-Thr       PF07714.23   258   1.9e-32  111.1   0.0   1   1   9.7e-33   3.3e-32  110.3   0.0     3   203   299   499   297   518 0.85 -
Q8G4G1               -            757 PK_Tyr_Ser-Thr       PF07714.23   258     2e-32  111.0   0.0   1   1   8.6e-33   2.9e-32  110.5   0.0     3   249    16   263    14   267 0.82 -
Q9WVS4               -            420 PK_Tyr_Ser-Thr       PF07714.23   258     2e-32  111.0   0.0   1   1   1.1e-32   3.7e-32  110.2   0.0     5   217     8   214     4   230 0.88 -
Q6DGS3               -            554 PK_Tyr_Ser-Thr       PF07714.23   258     2e-32  111.0   0.0   1   1   1.5e-32   4.9e-32  109.8   0.0     3   252    15   263    13   267 0.88 -
Q0JA29               -           1183 PK_Tyr_Ser-Thr       PF07714.23   258   2.1e-32  111.0   0.0   1   1   1.3e-32   4.4e-32  109.9   0.0     4   256   879  1171   876  1173 0.79 -
Q4WTN5               -            580 PK_Tyr_Ser-Thr       PF07714.23   258   2.1e-32  111.0   0.0   1   1   9.1e-33   3.1e-32  110.4   0.0     3   204    27   241    25   267 0.84 -
Q90ZY4               -            385 PK_Tyr_Ser-Thr       PF07714.23   258   2.2e-32  110.9   0.0   1   1   7.8e-33   2.6e-32  110.7   0.0     3   256    34   290    32   292 0.80 -
P23293               -            657 PK_Tyr_Ser-Thr       PF07714.23   258   2.2e-32  110.9   0.0   1   1   1.1e-32   3.6e-32  110.2   0.0     4   202    63   279    60   297 0.86 -
Q5UNT4               -            539 PK_Tyr_Ser-Thr       PF07714.23   258   2.3e-32  110.9   0.0   1   1     1e-32   3.4e-32  110.3   0.0     2   199   259   447   258   514 0.85 -
Q54BF0               -            593 PK_Tyr_Ser-Thr       PF07714.23   258   2.4e-32  110.8   0.0   1   1   1.1e-31   3.7e-31  106.9   0.0     3   253   182   465   180   469 0.83 -
Q75D46               -            753 PK_Tyr_Ser-Thr       PF07714.23   258   2.5e-32  110.7   0.1   1   1   1.4e-31   4.9e-31  106.5   0.1     4   199    59   284    56   301 0.86 -
Q5KQF5               -            451 PK_Tyr_Ser-Thr       PF07714.23   258   2.6e-32  110.7   0.0   1   1   6.1e-32   2.1e-31  107.7   0.0     2   255    27   296    26   298 0.83 -
P36896               -            505 PK_Tyr_Ser-Thr       PF07714.23   258   2.7e-32  110.6   0.0   1   1   1.1e-32   3.9e-32  110.1   0.0     2   257   208   493   207   494 0.77 -
Q54E34               -            352 PK_Tyr_Ser-Thr       PF07714.23   258   2.7e-32  110.6   0.0   1   1   1.1e-32   3.7e-32  110.2   0.0     3   255    79   326    77   328 0.88 -
Q13554               -            666 PK_Tyr_Ser-Thr       PF07714.23   258   2.8e-32  110.6   0.0   1   1   1.5e-32   5.2e-32  109.7   0.0     2   253    15   265    14   269 0.87 -
Q23357               -            668 PK_Tyr_Ser-Thr       PF07714.23   258   2.8e-32  110.6   0.4   1   1   1.3e-32   4.3e-32  110.0   0.4     4   214   307   523   304   544 0.82 -
Q6P5Z2               -            889 PK_Tyr_Ser-Thr       PF07714.23   258   3.1e-32  110.4   0.0   1   1   1.6e-32   5.3e-32  109.7   0.0     5   221   563   775   559   804 0.84 -
Q9LHI7               -            571 PK_Tyr_Ser-Thr       PF07714.23   258   3.2e-32  110.4   0.1   1   1   1.6e-32   5.3e-32  109.7   0.1    27   256    41   269    23   270 0.86 -
P21901               -            351 PK_Tyr_Ser-Thr       PF07714.23   258   3.4e-32  110.3   0.0   1   1   1.3e-32   4.4e-32  109.9   0.0     2   248    43   281    42   286 0.92 -
P9WI65               -           1110 PK_Tyr_Ser-Thr       PF07714.23   258   3.4e-32  110.3   0.0   1   1   1.6e-32   5.3e-32  109.7   0.0     4   250    29   273    26   280 0.92 -
Q9Y7W4               -            745 PK_Tyr_Ser-Thr       PF07714.23   258   3.6e-32  110.2   0.0   1   1   2.2e-32   7.4e-32  109.2   0.0     3   204    46   265    44   282 0.86 -
F4I114               -            714 PK_Tyr_Ser-Thr       PF07714.23   258   3.7e-32  110.2   0.0   1   1   2.8e-32   9.4e-32  108.8   0.0     3   217   165   376   163   391 0.88 -
G5EFV5               -            330 PK_Tyr_Ser-Thr       PF07714.23   258   3.7e-32  110.2   0.0   1   1     2e-32   6.8e-32  109.3   0.0     4   253     8   282     5   286 0.84 -
Q13164               -            816 PK_Tyr_Ser-Thr       PF07714.23   258   4.1e-32  110.0   0.0   1   1   1.7e-32   5.7e-32  109.6   0.0     2   200    56   258    55   277 0.87 -
Q54RB2               -            358 PK_Tyr_Ser-Thr       PF07714.23   258   4.1e-32  110.0   0.0   1   1   1.9e-32   6.3e-32  109.4   0.0     6   200    57   248    52   278 0.90 -
B7XHR6               -            595 PK_Tyr_Ser-Thr       PF07714.23   258   4.5e-32  109.9   0.0   1   1   1.9e-32   6.6e-32  109.4   0.0     2   240    68   297    67   313 0.87 -
P87050               -            775 PK_Tyr_Ser-Thr       PF07714.23   258   4.5e-32  109.9   0.0   1   1     2e-32   6.7e-32  109.3   0.0    29   256    34   258    16   259 0.88 -
Q17446               -            377 PK_Tyr_Ser-Thr       PF07714.23   258   4.6e-32  109.9   0.0   1   1   3.8e-32   1.3e-31  108.4   0.0     6   253    40   312    36   316 0.80 -
P54119               -            324 PK_Tyr_Ser-Thr       PF07714.23   258   4.6e-32  109.9   0.0   1   1   1.8e-32     6e-32  109.5   0.0     3   200     6   220     4   236 0.91 -
Q93Y06               -            669 PK_Tyr_Ser-Thr       PF07714.23   258   4.6e-32  109.9   0.0   1   1   1.9e-32   6.6e-32  109.4   0.0     5   257   397   652   394   653 0.88 -
Q12706               -            436 PK_Tyr_Ser-Thr       PF07714.23   258   4.6e-32  109.9   0.0   1   1   1.8e-32   6.1e-32  109.5   0.0     5   249    95   332    91   335 0.88 -
P34314               -            965 PK_Tyr_Ser-Thr       PF07714.23   258   4.7e-32  109.8   0.0   1   1   1.4e-32   4.7e-32  109.8   0.0     5   255   655   923   652   925 0.79 -
Q12236               -           1081 PK_Tyr_Ser-Thr       PF07714.23   258   4.7e-32  109.8   0.0   1   1   2.4e-32     8e-32  109.1   0.0     2   256   180   439   179   441 0.85 -
Q54VV7               -           1126 PK_Tyr_Ser-Thr       PF07714.23   258   4.8e-32  109.8   0.1   1   1   1.4e-32   4.8e-32  109.8   0.1     2   258    17   285    16   285 0.85 -
Q9FK10               -            601 PK_Tyr_Ser-Thr       PF07714.23   258   5.7e-32  109.6   0.0   1   1   2.5e-32   8.4e-32  109.0   0.0     5   256   312   564   309   566 0.89 -
Q8MMZ7               -            994 PK_Tyr_Ser-Thr       PF07714.23   258   6.5e-32  109.4   0.0   1   1   4.2e-32   1.4e-31  108.3   0.0     2   239   685   915   684   927 0.82 -
G5ECN5               -            388 PK_Tyr_Ser-Thr       PF07714.23   258   6.7e-32  109.3   0.0   1   1   3.3e-31   1.1e-30  105.3   0.0     5   255    56   330    53   332 0.90 -
Q03042               -            768 PK_Tyr_Ser-Thr       PF07714.23   258   7.2e-32  109.2   0.1   1   1   4.1e-31   1.4e-30  105.0   0.0     2   249   458   701   457   705 0.90 -
Q336M2               -            475 PK_Tyr_Ser-Thr       PF07714.23   258   7.3e-32  109.2   0.0   1   1   3.5e-32   1.2e-31  108.5   0.0     3   200    21   236    19   257 0.85 -
Q8MMZ8               -           1003 PK_Tyr_Ser-Thr       PF07714.23   258   7.3e-32  109.2   0.0   1   1   1.2e-31   3.9e-31  106.8   0.0     2   239   694   924   693   936 0.80 -
Q8WP15               -            553 PK_Tyr_Ser-Thr       PF07714.23   258   7.7e-32  109.1   0.0   1   1   4.2e-32   1.4e-31  108.3   0.0     5   249   195   439   191   443 0.84 -
Q2GYV9               -            512 PK_Tyr_Ser-Thr       PF07714.23   258   7.9e-32  109.1   0.0   1   1     6e-32     2e-31  107.8   0.0     7   200   112   313   107   352 0.84 -
O44997               -           1425 PK_Tyr_Ser-Thr       PF07714.23   258   8.1e-32  109.1   0.0   1   1   3.8e-32   1.3e-31  108.4   0.0     2   256    29   285    28   286 0.84 -
Q1ZXI5               -           1350 PK_Tyr_Ser-Thr       PF07714.23   258   8.3e-32  109.0   0.0   1   2   6.2e-23   2.1e-22   78.2   0.0     2   157   757   909   756   926 0.88 -
Q1ZXI5               -           1350 PK_Tyr_Ser-Thr       PF07714.23   258   8.3e-32  109.0   0.0   2   2   9.8e-08   3.3e-07   28.4   0.0   143   238   962  1056   957  1064 0.87 -
P53739               -            893 PK_Tyr_Ser-Thr       PF07714.23   258   8.7e-32  109.0   0.1   1   2   1.1e-22   3.7e-22   77.4   0.1     3   157   498   651   496   666 0.86 -
P53739               -            893 PK_Tyr_Ser-Thr       PF07714.23   258   8.7e-32  109.0   0.1   2   2   5.2e-08   1.8e-07   29.3   0.0   169   249   682   762   670   766 0.90 -
Q9FL63               -            614 PK_Tyr_Ser-Thr       PF07714.23   258   9.4e-32  108.8   0.0   1   1   4.1e-32   1.4e-31  108.3   0.0     4   258   344   608   341   608 0.90 -
Q12701               -            592 PK_Tyr_Ser-Thr       PF07714.23   258   9.6e-32  108.8   0.0   1   1   4.5e-32   1.5e-31  108.2   0.0     2   256   100   362    99   363 0.84 -
Q8I113               -            707 PK_Tyr_Ser-Thr       PF07714.23   258   9.7e-32  108.8   0.0   1   1   4.6e-32   1.6e-31  108.1   0.0     4   212   206   426   204   458 0.85 -
Q9LUL2               -            480 PK_Tyr_Ser-Thr       PF07714.23   258   9.8e-32  108.8   0.0   1   2     3e-23     1e-22   79.3   0.0     1   151    88   237    88   254 0.91 -
Q9LUL2               -            480 PK_Tyr_Ser-Thr       PF07714.23   258   9.8e-32  108.8   0.0   2   2   1.9e-07   6.3e-07   27.5   0.0   167   248   298   380   284   388 0.82 -
Q7T6Y1               -            276 PK_Tyr_Ser-Thr       PF07714.23   258   9.8e-32  108.8   0.0   1   1   3.5e-32   1.2e-31  108.5   0.0    28   258    29   261    16   261 0.89 -
Q92398               -            422 PK_Tyr_Ser-Thr       PF07714.23   258     1e-31  108.7   0.0   1   1     4e-32   1.3e-31  108.3   0.0     2   202    22   226    21   276 0.83 -
Q55CW3               -            640 PK_Tyr_Ser-Thr       PF07714.23   258   1.1e-31  108.7   0.0   1   1   5.6e-32   1.9e-31  107.8   0.0     5   212   195   396   191   411 0.86 -
P15735               -            406 PK_Tyr_Ser-Thr       PF07714.23   258   1.1e-31  108.6   0.0   1   1   4.7e-32   1.6e-31  108.1   0.0     5   254    28   285    25   288 0.85 -
B4GXC2               -            755 PK_Tyr_Ser-Thr       PF07714.23   258   1.2e-31  108.5   0.0   1   1   5.3e-32   1.8e-31  107.9   0.0     3   254   486   736   484   739 0.83 -
A1Z9X0               -            606 PK_Tyr_Ser-Thr       PF07714.23   258   1.2e-31  108.4   0.0   1   1   5.4e-32   1.8e-31  107.9   0.0     2   249   265   515   264   520 0.87 -
Q8G6P9               -            690 PK_Tyr_Ser-Thr       PF07714.23   258   1.3e-31  108.4   0.0   1   1   5.6e-32   1.9e-31  107.8   0.0     3   248    16   270    14   278 0.82 -
O13958               -            369 PK_Tyr_Ser-Thr       PF07714.23   258   1.3e-31  108.4   0.1   1   1   7.9e-32   2.7e-31  107.4   0.0     7   200    11   215     5   244 0.85 -
Q3Y416               -            541 PK_Tyr_Ser-Thr       PF07714.23   258   1.4e-31  108.3   0.0   1   2       2.6       8.9    4.1   0.0     3    38   132   163   130   175 0.73 -
Q3Y416               -            541 PK_Tyr_Ser-Thr       PF07714.23   258   1.4e-31  108.3   0.0   2   2   3.1e-30   1.1e-29  102.1   0.0    47   254   196   405   185   408 0.89 -
Q5UPU3               -            546 PK_Tyr_Ser-Thr       PF07714.23   258   1.4e-31  108.3   0.0   1   1   7.3e-32   2.5e-31  107.5   0.0     2   194   261   454   260   488 0.88 -
Q9SCU5               -            549 PK_Tyr_Ser-Thr       PF07714.23   258   1.5e-31  108.2   0.0   1   1   6.6e-32   2.2e-31  107.6   0.0     3   242    27   266    26   280 0.83 -
Q9ZU46               -            716 PK_Tyr_Ser-Thr       PF07714.23   258   1.5e-31  108.2   0.0   1   2   1.7e-22   5.9e-22   76.7   0.0     7   152   410   557   406   594 0.92 -
Q9ZU46               -            716 PK_Tyr_Ser-Thr       PF07714.23   258   1.5e-31  108.2   0.0   2   2   7.6e-08   2.6e-07   28.8   0.1   168   257   602   707   581   708 0.68 -
E1BFR5               -            883 PK_Tyr_Ser-Thr       PF07714.23   258   1.6e-31  108.1   0.0   1   2   1.7e-25   5.9e-25   86.6   0.2     2   155    36   184    35   197 0.89 -
E1BFR5               -            883 PK_Tyr_Ser-Thr       PF07714.23   258   1.6e-31  108.1   0.0   2   2   6.7e-05   0.00023   19.1   0.0   169   254   747   833   737   836 0.76 -
Q9FAB3               -            521 PK_Tyr_Ser-Thr       PF07714.23   258   1.6e-31  108.1   0.0   1   1   6.9e-32   2.3e-31  107.5   0.0     3   252    17   279    15   284 0.80 -
Q8L617               -            313 PK_Tyr_Ser-Thr       PF07714.23   258   1.6e-31  108.1   0.0   1   1   5.9e-32     2e-31  107.8   0.0    19   258    56   307    41   307 0.86 -
O42844               -            504 PK_Tyr_Ser-Thr       PF07714.23   258   1.6e-31  108.0   0.0   1   1   1.1e-31   3.6e-31  106.9   0.0     2   253    66   344    65   348 0.90 -
O94487               -            624 PK_Tyr_Ser-Thr       PF07714.23   258   1.7e-31  108.0   4.0   1   2   6.1e-25   2.1e-24   84.8   0.5     4   158   165   316   162   327 0.87 -
O94487               -            624 PK_Tyr_Ser-Thr       PF07714.23   258   1.7e-31  108.0   4.0   2   2   1.9e-06   6.3e-06   24.2   0.2   163   235   356   428   341   439 0.83 -
O14132               -            650 PK_Tyr_Ser-Thr       PF07714.23   258   1.7e-31  108.0   0.0   1   1     1e-31   3.4e-31  107.0   0.0     3   200    38   237    36   259 0.87 -
Q40884               -            384 PK_Tyr_Ser-Thr       PF07714.23   258   1.7e-31  108.0   0.0   1   1   7.7e-32   2.6e-31  107.4   0.0     5   198    36   228    33   248 0.87 -
Q9XF67               -            491 PK_Tyr_Ser-Thr       PF07714.23   258   1.7e-31  108.0   0.0   1   1   7.6e-32   2.6e-31  107.4   0.0     3   249    46   295    44   299 0.87 -
P14681               -            368 PK_Tyr_Ser-Thr       PF07714.23   258   1.8e-31  107.9   0.0   1   1   8.6e-32   2.9e-31  107.2   0.0     3   207    15   228    13   268 0.86 -
Q03407               -            766 PK_Tyr_Ser-Thr       PF07714.23   258   1.8e-31  107.9   0.0   1   1   9.3e-32   3.1e-31  107.1   0.0     2   258   126   389   125   389 0.86 -
Q54F40               -            778 PK_Tyr_Ser-Thr       PF07714.23   258   1.9e-31  107.8   0.0   1   2   6.6e-24   2.3e-23   81.4   0.0     4   160   180   336   177   349 0.89 -
Q54F40               -            778 PK_Tyr_Ser-Thr       PF07714.23   258   1.9e-31  107.8   0.0   2   2   1.9e-06   6.3e-06   24.2   0.0   169   255   372   457   367   459 0.82 -
Q20085               -            468 PK_Tyr_Ser-Thr       PF07714.23   258     2e-31  107.8   0.0   1   1   8.6e-32   2.9e-31  107.2   0.0     2   256   107   352   106   354 0.87 -
E1C2I2               -            881 PK_Tyr_Ser-Thr       PF07714.23   258   2.1e-31  107.7   0.1   1   2   6.8e-25   2.3e-24   84.6   0.4     2   154    31   178    30   188 0.90 -
E1C2I2               -            881 PK_Tyr_Ser-Thr       PF07714.23   258   2.1e-31  107.7   0.1   2   2   2.6e-05   8.9e-05   20.4   0.0   169   255   745   832   733   834 0.82 -
Q9SJM3               -            949 PK_Tyr_Ser-Thr       PF07714.23   258   2.3e-31  107.6   0.0   1   2   1.8e-20     6e-20   70.2   0.0     2   152   560   709   559   728 0.88 -
Q9SJM3               -            949 PK_Tyr_Ser-Thr       PF07714.23   258   2.3e-31  107.6   0.0   2   2     9e-10     3e-09   35.1   0.0   167   249   801   883   783   888 0.90 -
P9WI71               -            626 PK_Tyr_Ser-Thr       PF07714.23   258   2.3e-31  107.6   0.0   1   1     9e-32     3e-31  107.2   0.0     2   248    17   261    16   265 0.88 -
Q1ZXH2               -           1142 PK_Tyr_Ser-Thr       PF07714.23   258   2.4e-31  107.5   0.0   1   1     7e-32   2.4e-31  107.5   0.0     3   252   627   877   625   882 0.78 -
O18209               -            677 PK_Tyr_Ser-Thr       PF07714.23   258   2.5e-31  107.5   0.0   1   1   1.1e-31   3.6e-31  107.0   0.0     2   255   109   350   108   352 0.88 -
Q871M9               -            559 PK_Tyr_Ser-Thr       PF07714.23   258   2.5e-31  107.4   0.0   1   1   9.5e-32   3.2e-31  107.1   0.0     4   205    43   258    40   283 0.86 -
P42525               -            529 PK_Tyr_Ser-Thr       PF07714.23   258   2.6e-31  107.4   0.0   1   1   7.6e-32   2.6e-31  107.4   0.0     3   204   151   350   149   432 0.86 -
O94547               -            580 PK_Tyr_Ser-Thr       PF07714.23   258     3e-31  107.2   0.0   1   1   1.9e-31   6.4e-31  106.1   0.0     3   253   126   414   124   418 0.86 -
P34103               -            992 PK_Tyr_Ser-Thr       PF07714.23   258   3.4e-31  107.0   0.0   1   1     1e-31   3.4e-31  107.0   0.0     5   248   683   917   679   921 0.89 -
Q1EBK0               -            467 PK_Tyr_Ser-Thr       PF07714.23   258   3.7e-31  106.9   0.0   1   1   1.7e-31   5.9e-31  106.2   0.0     7   200    85   286    81   312 0.87 -
Q9W354               -            916 PK_Tyr_Ser-Thr       PF07714.23   258   3.9e-31  106.8   0.0   1   1   3.1e-31   1.1e-30  105.4   0.0     3   204    27   231    25   256 0.84 -
Q9LVL5               -            571 PK_Tyr_Ser-Thr       PF07714.23   258   4.3e-31  106.7   0.0   1   1   1.9e-31   6.3e-31  106.1   0.0     3   221    21   238    20   274 0.84 -
Q00772               -            484 PK_Tyr_Ser-Thr       PF07714.23   258   4.4e-31  106.7   0.0   1   1   2.9e-31   9.9e-31  105.5   0.0     2   207    24   235    23   258 0.84 -
P0CP66               -            366 PK_Tyr_Ser-Thr       PF07714.23   258   4.7e-31  106.6   0.0   1   1   2.6e-31   8.9e-31  105.6   0.0     2   205    17   248    16   306 0.76 -
Q8RWZ1               -            768 PK_Tyr_Ser-Thr       PF07714.23   258   5.4e-31  106.4   0.0   1   1   2.3e-31   7.7e-31  105.9   0.0     4   258   500   764   497   764 0.89 -
Q54RJ4               -            979 PK_Tyr_Ser-Thr       PF07714.23   258   5.9e-31  106.2   0.0   1   1   3.7e-31   1.2e-30  105.2   0.0     5   256   265   564   261   565 0.86 -
P06242               -            306 PK_Tyr_Ser-Thr       PF07714.23   258   6.4e-31  106.1   0.0   1   1   2.6e-31   8.7e-31  105.7   0.0     3   204     9   203     7   237 0.89 -
A8WUG4               -            597 PK_Tyr_Ser-Thr       PF07714.23   258   6.6e-31  106.1   0.0   1   1   2.9e-31   9.8e-31  105.5   0.0     3   249   255   503   253   507 0.85 -
Q9LFL6               -            336 PK_Tyr_Ser-Thr       PF07714.23   258   6.7e-31  106.1   0.0   1   1     4e-31   1.3e-30  105.1   0.0    16   255    67   325    59   328 0.85 -
Q9P7J8               -            569 PK_Tyr_Ser-Thr       PF07714.23   258     7e-31  106.0   0.0   1   1     3e-31     1e-30  105.4   0.0     2   248   231   470   230   473 0.90 -
E9PSL7               -           2055 PK_Tyr_Ser-Thr       PF07714.23   258   7.3e-31  105.9   0.0   1   1   6.6e-31   2.2e-30  104.3   0.0     4   252   100   351    97   356 0.83 -
Q9USX7               -            526 PK_Tyr_Ser-Thr       PF07714.23   258   7.6e-31  105.9   0.0   1   2   1.2e-23     4e-23   80.6   0.0     3   152   157   305   155   316 0.90 -
Q9USX7               -            526 PK_Tyr_Ser-Thr       PF07714.23   258   7.6e-31  105.9   0.0   2   2   3.7e-06   1.3e-05   23.2   0.0   169   225   347   403   329   431 0.76 -
P20911               -            352 PK_Tyr_Ser-Thr       PF07714.23   258   7.8e-31  105.8   0.0   1   1   3.1e-31   1.1e-30  105.4   0.0     5   198    22   213    18   230 0.89 -
Q6P431               -            467 PK_Tyr_Ser-Thr       PF07714.23   258   7.9e-31  105.8   0.0   1   1   3.2e-31   1.1e-30  105.4   0.0     4   207    86   296    83   362 0.87 -
Q09437               -            719 PK_Tyr_Ser-Thr       PF07714.23   258   8.8e-31  105.7   0.1   1   1   4.2e-31   1.4e-30  105.0   0.1     4   198   359   554   356   576 0.91 -
Q8SW31               -            566 PK_Tyr_Ser-Thr       PF07714.23   258   9.6e-31  105.5   0.0   1   1     4e-31   1.4e-30  105.0   0.0     3   254    60   310    58   313 0.87 -
Q6BV06               -            608 PK_Tyr_Ser-Thr       PF07714.23   258   9.8e-31  105.5   0.0   1   1   5.2e-31   1.8e-30  104.7   0.0     2   200    40   257    39   274 0.86 -
P13234               -            474 PK_Tyr_Ser-Thr       PF07714.23   258     1e-30  105.5   0.0   1   1   4.8e-31   1.6e-30  104.8   0.0     2   249    43   285    42   293 0.82 -
E1BMN8               -            534 PK_Tyr_Ser-Thr       PF07714.23   258     1e-30  105.4   0.0   1   1   4.6e-31   1.5e-30  104.9   0.0     4   198   148   342   145   364 0.88 -
Q6I5Y0               -            519 PK_Tyr_Ser-Thr       PF07714.23   258   1.1e-30  105.3   0.0   1   1   6.1e-31   2.1e-30  104.5   0.0     3   218    27   254    25   270 0.88 -
Q40902               -            720 PK_Tyr_Ser-Thr       PF07714.23   258   1.3e-30  105.2   0.0   1   1   5.8e-31   1.9e-30  104.5   0.0     5   257   438   698   435   699 0.90 -
O44514               -            474 PK_Tyr_Ser-Thr       PF07714.23   258   1.3e-30  105.1   0.0   1   1   5.6e-31   1.9e-30  104.6   0.0     5   219   122   343   119   412 0.84 -
P12688               -            680 PK_Tyr_Ser-Thr       PF07714.23   258   1.3e-30  105.1   0.0   1   1   5.9e-31     2e-30  104.5   0.0     3   248   349   587   347   592 0.88 -
Q6FIU2               -            447 PK_Tyr_Ser-Thr       PF07714.23   258   1.4e-30  105.0   0.0   1   1   6.1e-31     2e-30  104.5   0.0     6   209    28   221    24   239 0.86 -
Q9C9N5               -            685 PK_Tyr_Ser-Thr       PF07714.23   258   1.4e-30  105.0   0.0   1   1   6.4e-31   2.2e-30  104.4   0.0     7   257   403   677   399   678 0.82 -
P54685               -            360 PK_Tyr_Ser-Thr       PF07714.23   258   1.4e-30  105.0   0.0   1   1   7.6e-31   2.6e-30  104.1   0.0     3   202     6   202     4   226 0.89 -
O64682               -            438 PK_Tyr_Ser-Thr       PF07714.23   258   1.5e-30  104.9   0.0   1   2   5.2e-22   1.8e-21   75.2   0.0     2   151    76   229    75   256 0.86 -
O64682               -            438 PK_Tyr_Ser-Thr       PF07714.23   258   1.5e-30  104.9   0.0   2   2   1.6e-07   5.3e-07   27.7   0.0   168   236   295   361   281   380 0.83 -
Q9LM33               -            589 PK_Tyr_Ser-Thr       PF07714.23   258   1.6e-30  104.9   0.0   1   1   6.9e-31   2.3e-30  104.3   0.0     2   210   105   315   104   340 0.87 -
Q9S2C0               -            556 PK_Tyr_Ser-Thr       PF07714.23   258   1.6e-30  104.8   0.0   1   1   5.9e-31     2e-30  104.5   0.0     3   249    22   276    20   285 0.85 -
O45797               -            908 PK_Tyr_Ser-Thr       PF07714.23   258   1.6e-30  104.8   0.0   1   2   7.9e-24   2.7e-23   81.1   0.0     3   174   504   676   502   686 0.81 -
O45797               -            908 PK_Tyr_Ser-Thr       PF07714.23   258   1.6e-30  104.8   0.0   2   2   1.5e-05   5.1e-05   21.2   0.0   168   217   705   753   686   780 0.81 -
Q8SR90               -            309 PK_Tyr_Ser-Thr       PF07714.23   258   1.9e-30  104.6   0.0   1   1   7.1e-31   2.4e-30  104.2   0.0     4   234     7   226     4   237 0.91 -
P9WI63               -            399 PK_Tyr_Ser-Thr       PF07714.23   258   2.1e-30  104.4   0.0   1   1   8.4e-31   2.9e-30  104.0   0.0     4   248    22   264    20   266 0.85 -
Q5HZ38               -            407 PK_Tyr_Ser-Thr       PF07714.23   258   2.1e-30  104.4   0.0   1   1     9e-31   3.1e-30  103.9   0.0     5   256   111   366   108   367 0.84 -
Q54R95               -           1128 PK_Tyr_Ser-Thr       PF07714.23   258   2.1e-30  104.4   0.0   1   1   1.6e-30   5.4e-30  103.1   0.0     6   257   782  1045   778  1046 0.84 -
O08911               -            367 PK_Tyr_Ser-Thr       PF07714.23   258   2.2e-30  104.4   0.0   1   1   9.5e-31   3.2e-30  103.8   0.0     5   227    31   248    28   263 0.87 -
O62618               -            366 PK_Tyr_Ser-Thr       PF07714.23   258   2.2e-30  104.3   0.0   1   1   9.7e-31   3.3e-30  103.8   0.0     5   200    29   223    26   254 0.86 -
Q965G5               -            366 PK_Tyr_Ser-Thr       PF07714.23   258   2.4e-30  104.2   0.0   1   1   9.8e-31   3.3e-30  103.8   0.0     5   255    17   271    14   273 0.82 -
Q80ZW0               -            539 PK_Tyr_Ser-Thr       PF07714.23   258   2.5e-30  104.2   0.1   1   2   3.6e-06   1.2e-05   23.3   0.0     3    75   209   278   207   310 0.83 -
Q80ZW0               -            539 PK_Tyr_Ser-Thr       PF07714.23   258   2.5e-30  104.2   0.1   2   2   1.8e-22   5.9e-22   76.7   0.0    67   205   307   476   304   532 0.64 -
Q12126               -            335 PK_Tyr_Ser-Thr       PF07714.23   258   2.9e-30  104.0   0.0   1   1   1.2e-30   4.2e-30  103.4   0.0     4   205    14   207    11   289 0.90 -
Q80Y86               -            549 PK_Tyr_Ser-Thr       PF07714.23   258   3.1e-30  103.9   0.0   1   1   1.7e-30   5.8e-30  103.0   0.0     4   227    17   241    15   300 0.90 -
P11792               -            824 PK_Tyr_Ser-Thr       PF07714.23   258   3.3e-30  103.8   0.0   1   1   1.5e-30   4.9e-30  103.2   0.0     3   248   414   655   412   658 0.83 -
Q9N3Z3               -            503 PK_Tyr_Ser-Thr       PF07714.23   258   3.4e-30  103.8   0.0   1   1   1.5e-30     5e-30  103.2   0.0     3   255    26   281    24   283 0.81 -
Q9M1L7               -            633 PK_Tyr_Ser-Thr       PF07714.23   258   3.4e-30  103.7   0.0   1   1   1.5e-30   5.2e-30  103.1   0.0     4   257   361   627   359   628 0.84 -
O42626               -            623 PK_Tyr_Ser-Thr       PF07714.23   258   3.4e-30  103.7   0.0   1   2   1.9e-22   6.3e-22   76.6   0.0     4   152   245   392   242   402 0.87 -
O42626               -            623 PK_Tyr_Ser-Thr       PF07714.23   258   3.4e-30  103.7   0.0   2   2   1.1e-06   3.6e-06   25.0   0.0   169   226   434   491   424   520 0.78 -
Q559T8               -           2102 PK_Tyr_Ser-Thr       PF07714.23   258   3.5e-30  103.7   2.6   1   2   1.3e-22   4.4e-22   77.1   0.4     2   163  1528  1687  1527  1697 0.85 -
Q559T8               -           2102 PK_Tyr_Ser-Thr       PF07714.23   258   3.5e-30  103.7   2.6   2   2   7.5e-07   2.5e-06   25.5   0.0   168   249  1756  1837  1739  1842 0.92 -
P22209               -            435 PK_Tyr_Ser-Thr       PF07714.23   258   3.9e-30  103.5   0.0   1   1   2.4e-29   8.2e-29   99.2   0.0     3   257    27   340    25   341 0.85 -
Q9FK63               -            666 PK_Tyr_Ser-Thr       PF07714.23   258     4e-30  103.5   0.0   1   2   2.6e-24   8.8e-24   82.7   0.0     5   158   399   569   395   575 0.90 -
Q9FK63               -            666 PK_Tyr_Ser-Thr       PF07714.23   258     4e-30  103.5   0.0   2   2     4e-05   0.00014   19.8   0.0   179   255   570   655   568   658 0.76 -
Q9VPC0               -            952 PK_Tyr_Ser-Thr       PF07714.23   258     5e-30  103.2   0.0   1   1   2.5e-30   8.4e-30  102.5   0.0     4   199   561   756   558   783 0.91 -
P49187               -            464 PK_Tyr_Ser-Thr       PF07714.23   258   5.4e-30  103.1   0.0   1   1   2.2e-30   7.6e-30  102.6   0.0     4   227    67   285    64   307 0.84 -
Q7XJR9               -            571 PK_Tyr_Ser-Thr       PF07714.23   258   5.7e-30  103.0   0.0   1   1   2.3e-30   7.6e-30  102.6   0.0     3   253   110   361   108   365 0.85 -
Q09898               -            607 PK_Tyr_Ser-Thr       PF07714.23   258   5.8e-30  103.0   0.1   1   2   4.3e-22   1.5e-21   75.5   0.1     3   158   210   362   208   384 0.89 -
Q09898               -            607 PK_Tyr_Ser-Thr       PF07714.23   258   5.8e-30  103.0   0.1   2   2   8.2e-07   2.8e-06   25.4   0.0   168   223   407   461   389   473 0.86 -
D0Z5N4               -           1699 PK_Tyr_Ser-Thr       PF07714.23   258   5.9e-30  103.0   0.0   1   4      0.63       2.1    6.1   0.0   106   147   321   365   266   410 0.86 -
D0Z5N4               -           1699 PK_Tyr_Ser-Thr       PF07714.23   258   5.9e-30  103.0   0.0   2   4   5.4e-06   1.8e-05   22.7   0.0     4    80   494   566   492   573 0.83 -
D0Z5N4               -           1699 PK_Tyr_Ser-Thr       PF07714.23   258   5.9e-30  103.0   0.0   3   4   6.2e-15   2.1e-14   52.0   0.0    72   152   774   854   725   889 0.81 -
D0Z5N4               -           1699 PK_Tyr_Ser-Thr       PF07714.23   258   5.9e-30  103.0   0.0   4   4   0.00047    0.0016   16.3   0.0   163   254   893   993   877   996 0.65 -
Q6DBX4               -            860 PK_Tyr_Ser-Thr       PF07714.23   258   6.2e-30  102.9   0.3   1   2   1.3e-25   4.6e-25   86.9   0.4     3   152    25   171    23   183 0.89 -
Q6DBX4               -            860 PK_Tyr_Ser-Thr       PF07714.23   258   6.2e-30  102.9   0.3   2   2    0.0033     0.011   13.6   0.0   169   218   724   772   714   789 0.90 -
P50530               -            696 PK_Tyr_Ser-Thr       PF07714.23   258   6.2e-30  102.9   0.0   1   1   2.6e-30   8.9e-30  102.4   0.0     4   222   305   521   302   550 0.81 -
P27638               -            372 PK_Tyr_Ser-Thr       PF07714.23   258   6.3e-30  102.9   0.0   1   1   2.6e-30   8.8e-30  102.4   0.0     3   199    41   237    39   262 0.90 -
G5EBT1               -            509 PK_Tyr_Ser-Thr       PF07714.23   258   6.5e-30  102.8   0.0   1   1   3.2e-30   1.1e-29  102.1   0.0     4   200   108   312   105   339 0.87 -
O54874               -           1732 PK_Tyr_Ser-Thr       PF07714.23   258   6.6e-30  102.8   0.0   1   1   4.7e-30   1.6e-29  101.6   0.0     2   230    78   308    77   325 0.89 -
Q6FQ83               -            667 PK_Tyr_Ser-Thr       PF07714.23   258   7.6e-30  102.6   0.0   1   2   7.2e-09   2.4e-08   32.1   0.0     4    71    63   127    60   141 0.86 -
Q6FQ83               -            667 PK_Tyr_Ser-Thr       PF07714.23   258   7.6e-30  102.6   0.0   2   2   6.7e-20   2.3e-19   68.3   0.0    75   202   156   291   142   312 0.85 -
O14936               -            926 PK_Tyr_Ser-Thr       PF07714.23   258   8.4e-30  102.4   0.0   1   1   4.3e-30   1.5e-29  101.7   0.0     3   253    14   269    12   273 0.84 -
Q52WX2               -            424 PK_Tyr_Ser-Thr       PF07714.23   258   8.9e-30  102.4   0.0   1   1     3e-30     1e-29  102.2   0.0     2   213    54   261    53   313 0.85 -
Q7XIT1               -            893 PK_Tyr_Ser-Thr       PF07714.23   258   8.9e-30  102.4   0.0   1   1   3.8e-30   1.3e-29  101.8   0.0     4   254   494   753   491   756 0.90 -
Q8FUI5               -            660 PK_Tyr_Ser-Thr       PF07714.23   258   9.8e-30  102.2   0.0   1   1   3.9e-30   1.3e-29  101.8   0.0     3   227    11   236     9   270 0.85 -
O01761               -           8081 PK_Tyr_Ser-Thr       PF07714.23   258   1.1e-29  102.1   0.0   1   2   1.7e-12   5.8e-12   44.0   0.0    46   218  6660  6835  6653  6871 0.86 -
O01761               -           8081 PK_Tyr_Ser-Thr       PF07714.23   258   1.1e-29  102.1   0.0   2   2   6.1e-16   2.1e-15   55.3   0.0    10   216  7794  7989  7791  8031 0.81 -
Q9Y899               -            404 PK_Tyr_Ser-Thr       PF07714.23   258   1.1e-29  102.1   0.0   1   1   4.1e-30   1.4e-29  101.7   0.0     3   253    20   272    18   276 0.87 -
O14328               -            474 PK_Tyr_Ser-Thr       PF07714.23   258   1.2e-29  102.0   0.0   1   1   4.8e-30   1.6e-29  101.5   0.0     3   249    11   265     9   273 0.85 -
Q9NZJ5               -           1116 PK_Tyr_Ser-Thr       PF07714.23   258   1.2e-29  101.9   0.0   1   2   2.5e-06   8.5e-06   23.8   0.0     5    72   597   660   593   666 0.91 -
Q9NZJ5               -           1116 PK_Tyr_Ser-Thr       PF07714.23   258   1.2e-29  101.9   0.0   2   2   3.4e-22   1.2e-21   75.8   0.0    76   250   884  1067   870  1074 0.73 -
Q9SAH3               -            692 PK_Tyr_Ser-Thr       PF07714.23   258   1.3e-29  101.9   0.0   1   2   7.6e-25   2.6e-24   84.5   0.0     5   152    85   231    81   242 0.92 -
Q9SAH3               -            692 PK_Tyr_Ser-Thr       PF07714.23   258   1.3e-29  101.9   0.0   2   2    0.0013    0.0043   14.9   0.0   160   257   545   661   537   662 0.82 -
Q5AHG6               -            787 PK_Tyr_Ser-Thr       PF07714.23   258   1.5e-29  101.7   0.0   1   1   6.5e-30   2.2e-29  101.1   0.0     2   248   393   637   392   646 0.83 -
Q1ZXR2               -            844 PK_Tyr_Ser-Thr       PF07714.23   258   1.5e-29  101.6   0.0   1   1   8.9e-30     3e-29  100.6   0.0     3   257   510   769   508   770 0.87 -
P21965               -            375 PK_Tyr_Ser-Thr       PF07714.23   258   1.5e-29  101.6   0.0   1   1   5.9e-30     2e-29  101.2   0.0     3   206    37   241    35   255 0.87 -
P33543               -            674 PK_Tyr_Ser-Thr       PF07714.23   258   1.5e-29  101.6   0.0   1   1   6.3e-30   2.1e-29  101.1   0.0     5   258   377   649   374   649 0.87 -
Q0GXS4               -            595 PK_Tyr_Ser-Thr       PF07714.23   258   1.7e-29  101.5   0.0   1   2     9e-25   3.1e-24   84.2   0.1    36   153   341   461   320   466 0.89 -
Q0GXS4               -            595 PK_Tyr_Ser-Thr       PF07714.23   258   1.7e-29  101.5   0.0   2   2    0.0019    0.0063   14.4   0.0   180   255   463   558   459   561 0.72 -
Q9ZVM9               -            572 PK_Tyr_Ser-Thr       PF07714.23   258   1.8e-29  101.4   0.0   1   1   7.3e-30   2.5e-29  100.9   0.0     3   217   120   331   118   345 0.87 -
Q2RBE3               -            622 PK_Tyr_Ser-Thr       PF07714.23   258   1.8e-29  101.3   0.0   1   1     1e-29   3.5e-29  100.4   0.0     3   254    37   285    36   288 0.83 -
M3TYT0               -           1388 PK_Tyr_Ser-Thr       PF07714.23   258   1.9e-29  101.3   0.0   1   1   5.7e-30   1.9e-29  101.3   0.0     4   221    95   311    92   334 0.85 -
Q0J4I1               -            326 PK_Tyr_Ser-Thr       PF07714.23   258   1.9e-29  101.3   0.0   1   1   8.9e-30     3e-29  100.6   0.0     4   200    31   232    28   260 0.84 -
Q5AHK2               -            608 PK_Tyr_Ser-Thr       PF07714.23   258     2e-29  101.2   0.0   1   2       4.9        17    3.2   0.0     6    24   109   127   104   160 0.83 -
Q5AHK2               -            608 PK_Tyr_Ser-Thr       PF07714.23   258     2e-29  101.2   0.0   2   2   3.6e-28   1.2e-27   95.4   0.0    46   200   223   382   215   420 0.83 -
Q8TFG6               -           1318 PK_Tyr_Ser-Thr       PF07714.23   258     2e-29  101.2   0.0   1   2   1.5e-22   5.2e-22   76.9   0.0     3   159   568   722   566   744 0.81 -
Q8TFG6               -           1318 PK_Tyr_Ser-Thr       PF07714.23   258     2e-29  101.2   0.0   2   2   8.7e-06   2.9e-05   22.0   0.0   169   256   838   927   831   928 0.87 -
C0LGQ9               -           1053 PK_Tyr_Ser-Thr       PF07714.23   258   2.3e-29  101.0   0.0   1   1     1e-29   3.4e-29  100.5   0.0     5   202   774   973   772  1050 0.87 -
A8XSC1               -            657 PK_Tyr_Ser-Thr       PF07714.23   258   2.4e-29  101.0   0.0   1   2     2e-05   6.8e-05   20.8   0.0     5    75   212   279   209   302 0.84 -
A8XSC1               -            657 PK_Tyr_Ser-Thr       PF07714.23   258   2.4e-29  101.0   0.0   2   2   1.2e-22   4.1e-22   77.3   0.1    74   199   340   463   317   498 0.88 -
P83100               -            356 PK_Tyr_Ser-Thr       PF07714.23   258   2.6e-29  100.9   0.0   1   1   1.2e-29     4e-29  100.2   0.0     3   199    22   215    20   223 0.85 -
A8BPK8               -            678 PK_Tyr_Ser-Thr       PF07714.23   258   2.6e-29  100.9   0.0   1   2   7.3e-24   2.5e-23   81.3   0.0     5   157    26   175    23   201 0.83 -
A8BPK8               -            678 PK_Tyr_Ser-Thr       PF07714.23   258   2.6e-29  100.9   0.0   2   2   0.00028   0.00094   17.1   0.0   182   255   231   304   224   306 0.91 -
O43066               -            953 PK_Tyr_Ser-Thr       PF07714.23   258   2.7e-29  100.8   0.0   1   1   1.3e-29   4.3e-29  100.1   0.0     3   256    59   322    57   324 0.83 -
Q4P9T2               -            713 PK_Tyr_Ser-Thr       PF07714.23   258   2.7e-29  100.8   0.0   1   1     8e-29   2.7e-28   97.5   0.0    32   199   199   378   186   405 0.84 -
Q9W1B0               -           1637 PK_Tyr_Ser-Thr       PF07714.23   258   2.7e-29  100.8   0.0   1   1   1.8e-29   6.1e-29   99.6   0.0     3   222   102   322   100   339 0.88 -
Q9LPT1               -            686 PK_Tyr_Ser-Thr       PF07714.23   258   3.5e-29  100.4   0.0   1   1   1.5e-29   4.9e-29   99.9   0.0     5   256   379   643   376   645 0.87 -
O60145               -            398 PK_Tyr_Ser-Thr       PF07714.23   258   3.5e-29  100.4   0.0   1   1   1.7e-29   5.7e-29   99.7   0.0     3   201    76   271    74   301 0.88 -
P28926               -            382 PK_Tyr_Ser-Thr       PF07714.23   258   3.6e-29  100.4   0.0   1   1   1.6e-29   5.2e-29   99.8   0.0     4   206    96   283    93   301 0.88 -
O44408               -            390 PK_Tyr_Ser-Thr       PF07714.23   258   3.7e-29  100.3   0.1   1   1   1.6e-29   5.5e-29   99.8   0.1     7   200    44   236    40   251 0.89 -
Q8SRU0               -            319 PK_Tyr_Ser-Thr       PF07714.23   258   3.8e-29  100.3   0.1   1   1     2e-29   6.7e-29   99.5   0.1     3   209    39   232    37   254 0.85 -
O22938               -            890 PK_Tyr_Ser-Thr       PF07714.23   258   4.2e-29  100.2   0.0   1   1     3e-29     1e-28   98.9   0.0     4   257   611   882   608   883 0.82 -
P24719               -            497 PK_Tyr_Ser-Thr       PF07714.23   258   4.2e-29  100.1   0.0   1   1   3.1e-29     1e-28   98.9   0.0     4   249   165   433   163   442 0.79 -
O94324               -           1032 PK_Tyr_Ser-Thr       PF07714.23   258   4.5e-29  100.1   0.3   1   2   1.8e-21   6.2e-21   73.4   0.0     3   161   530   686   528   707 0.86 -
O94324               -           1032 PK_Tyr_Ser-Thr       PF07714.23   258   4.5e-29  100.1   0.3   2   2   1.5e-06     5e-06   24.5   0.1   156   248   769   862   758   869 0.81 -
Q19192               -           1077 PK_Tyr_Ser-Thr       PF07714.23   258   4.7e-29  100.0   0.0   1   2   7.9e-06   2.7e-05   22.1   0.0     2    70   605   669   604   676 0.90 -
Q19192               -           1077 PK_Tyr_Ser-Thr       PF07714.23   258   4.7e-29  100.0   0.0   2   2   4.9e-22   1.7e-21   75.3   0.0    73   255   877  1071   827  1073 0.71 -
Q9LTW5               -            577 PK_Tyr_Ser-Thr       PF07714.23   258   4.9e-29   99.9   0.0   1   2   2.5e-20   8.5e-20   69.7   0.0     2   152   186   335   185   348 0.86 -
Q9LTW5               -            577 PK_Tyr_Ser-Thr       PF07714.23   258   4.9e-29   99.9   0.0   2   2     1e-07   3.4e-07   28.4   0.0   167   251   412   496   385   503 0.86 -
C0LGR9               -            676 PK_Tyr_Ser-Thr       PF07714.23   258   5.2e-29   99.8   0.0   1   1   2.4e-29   8.1e-29   99.2   0.0     5   256   370   635   367   637 0.86 -
P0DKI6               -            349 PK_Tyr_Ser-Thr       PF07714.23   258   5.3e-29   99.8   0.0   1   1   3.6e-29   1.2e-28   98.6   0.0     3   206    45   256    43   333 0.79 -
O75716               -            305 PK_Tyr_Ser-Thr       PF07714.23   258   5.3e-29   99.8   0.0   1   1     2e-29   6.8e-29   99.5   0.0     4   257    23   289    21   290 0.84 -
Q0D847               -            601 PK_Tyr_Ser-Thr       PF07714.23   258   5.6e-29   99.7   0.0   1   1   2.3e-29   7.9e-29   99.3   0.0     3   255    36   286    35   288 0.81 -
P31152               -            587 PK_Tyr_Ser-Thr       PF07714.23   258   5.8e-29   99.7   0.0   1   1   2.5e-29   8.5e-29   99.2   0.0     6   243    25   266    22   281 0.81 -
P15792               -            609 PK_Tyr_Ser-Thr       PF07714.23   258   5.8e-29   99.7   0.0   1   2   1.4e-20   4.6e-20   70.5   0.0     2   153   230   380   229   398 0.84 -
P15792               -            609 PK_Tyr_Ser-Thr       PF07714.23   258   5.8e-29   99.7   0.0   2   2   2.5e-07   8.5e-07   27.1   0.0   168   251   469   552   454   559 0.87 -
Q9VA38               -           1105 PK_Tyr_Ser-Thr       PF07714.23   258   5.9e-29   99.7   4.1   1   2   3.1e-21   1.1e-20   72.6   0.0     4   164   722   882   719   894 0.84 -
Q9VA38               -           1105 PK_Tyr_Ser-Thr       PF07714.23   258   5.9e-29   99.7   4.1   2   2   2.3e-07   7.7e-07   27.2   0.0   161   239   918   998   904  1014 0.73 -
Q09831               -            566 PK_Tyr_Ser-Thr       PF07714.23   258   6.4e-29   99.6   0.0   1   2   3.1e-22   1.1e-21   75.9   0.0     7   155   201   348   195   366 0.84 -
Q09831               -            566 PK_Tyr_Ser-Thr       PF07714.23   258   6.4e-29   99.6   0.0   2   2   1.2e-05   4.1e-05   21.5   0.0   169   224   387   442   377   471 0.77 -
Q8WQG9               -            463 PK_Tyr_Ser-Thr       PF07714.23   258   7.1e-29   99.4   0.0   1   1   2.8e-29   9.4e-29   99.0   0.0     5   205   123   318   119   358 0.87 -
Q552E9               -           1367 PK_Tyr_Ser-Thr       PF07714.23   258   7.2e-29   99.4   2.5   1   2   7.3e-22   2.5e-21   74.7   0.0     2   152   811   958   810   986 0.86 -
Q552E9               -           1367 PK_Tyr_Ser-Thr       PF07714.23   258   7.2e-29   99.4   2.5   2   2   2.4e-06   8.1e-06   23.9   0.0   168   252  1143  1225  1131  1230 0.91 -
A0A509AIU5           -           1313 PK_Tyr_Ser-Thr       PF07714.23   258   7.6e-29   99.3   3.7   1   3   8.2e-05   0.00028   18.8   0.8    14   107   768   854   764   917 0.79 -
A0A509AIU5           -           1313 PK_Tyr_Ser-Thr       PF07714.23   258   7.6e-29   99.3   3.7   2   3   8.3e-08   2.8e-07   28.6   0.1    90   150  1056  1127  1009  1135 0.88 -
A0A509AIU5           -           1313 PK_Tyr_Ser-Thr       PF07714.23   258   7.6e-29   99.3   3.7   3   3   2.6e-14   8.9e-14   49.9   0.0   159   255  1193  1289  1181  1292 0.85 -
Q9R0T8               -            717 PK_Tyr_Ser-Thr       PF07714.23   258   7.6e-29   99.3   0.0   1   1     6e-29     2e-28   97.9   0.0     4   205    12   221     9   250 0.82 -
Q55GJ2               -            984 PK_Tyr_Ser-Thr       PF07714.23   258   7.6e-29   99.3   0.0   1   1   3.6e-29   1.2e-28   98.6   0.0     3   256   577   847   575   848 0.88 -
Q95QC4               -            802 PK_Tyr_Ser-Thr       PF07714.23   258   7.8e-29   99.3   0.0   1   1   3.4e-29   1.1e-28   98.7   0.0     2   254   483   737   482   740 0.86 -
P29620               -            424 PK_Tyr_Ser-Thr       PF07714.23   258     9e-29   99.1   0.0   1   1   4.2e-29   1.4e-28   98.4   0.0     5   199    23   212    20   246 0.88 -
Q8AYG3               -            982 PK_Tyr_Ser-Thr       PF07714.23   258   9.3e-29   99.0   0.0   1   1   5.1e-29   1.7e-28   98.2   0.0     5   255   657   911   654   913 0.90 -
Q8L4H0               -            500 PK_Tyr_Ser-Thr       PF07714.23   258   9.4e-29   99.0   0.0   1   1   4.2e-29   1.4e-28   98.4   0.0     4   255   252   490   249   492 0.89 -
Q1L6Q1               -            969 PK_Tyr_Ser-Thr       PF07714.23   258   9.6e-29   99.0   0.0   1   1   9.1e-29   3.1e-28   97.3   0.0     4   256   635   892   633   894 0.79 -
P9WI66               -            589 PK_Tyr_Ser-Thr       PF07714.23   258   9.9e-29   98.9   0.0   1   1     4e-29   1.4e-28   98.5   0.0     3   217    16   228    14   268 0.83 -
Q336V9               -            522 PK_Tyr_Ser-Thr       PF07714.23   258     1e-28   98.9   0.0   1   1   4.8e-29   1.6e-28   98.3   0.0    15   258    93   334    81   334 0.88 -
C0LGU0               -            662 PK_Tyr_Ser-Thr       PF07714.23   258   1.1e-28   98.8   0.0   1   1   4.7e-29   1.6e-28   98.3   0.0     5   221   361   574   342   625 0.83 -
Q1DB00               -            646 PK_Tyr_Ser-Thr       PF07714.23   258   1.3e-28   98.5   0.0   1   1   5.9e-29     2e-28   98.0   0.0     3   249    27   286    25   296 0.85 -
P49137               -            400 PK_Tyr_Ser-Thr       PF07714.23   258   1.4e-28   98.4   0.0   1   1   6.2e-29   2.1e-28   97.9   0.0     4   255    67   320    65   322 0.81 -
P9WI78               -            664 PK_Tyr_Ser-Thr       PF07714.23   258   1.5e-28   98.3   0.0   1   1   6.6e-29   2.2e-28   97.8   0.0     3   248    17   261    15   265 0.91 -
P41808               -            388 PK_Tyr_Ser-Thr       PF07714.23   258   1.8e-28   98.1   0.0   1   1   7.3e-29   2.5e-28   97.6   0.0     3   199    40   245    38   267 0.85 -
Q93VJ2               -            881 PK_Tyr_Ser-Thr       PF07714.23   258   1.8e-28   98.1   0.0   1   1   7.7e-29   2.6e-28   97.6   0.0     4   255   462   739   459   741 0.88 -
Q9NRM7               -           1088 PK_Tyr_Ser-Thr       PF07714.23   258   1.9e-28   98.0   0.0   1   2     5e-21   1.7e-20   72.0   0.0     4   161   671   827   668   838 0.83 -
Q9NRM7               -           1088 PK_Tyr_Ser-Thr       PF07714.23   258   1.9e-28   98.0   0.0   2   2   2.7e-06   9.2e-06   23.7   0.0   165   238   874   949   854   961 0.71 -
O94647               -            461 PK_Tyr_Ser-Thr       PF07714.23   258     2e-28   97.9   0.0   1   1   1.2e-28   4.1e-28   96.9   0.0     4   254   123   410   120   413 0.79 -
Q64FQ2               -            525 PK_Tyr_Ser-Thr       PF07714.23   258     2e-28   97.9   0.0   1   2   6.3e-21   2.1e-20   71.6   0.0     2   151    88   238    87   251 0.89 -
Q64FQ2               -            525 PK_Tyr_Ser-Thr       PF07714.23   258     2e-28   97.9   0.0   2   2     2e-06   6.6e-06   24.1   0.0   168   217   362   410   349   438 0.85 -
P40494               -            810 PK_Tyr_Ser-Thr       PF07714.23   258   2.1e-28   97.8   0.0   1   1   9.4e-29   3.2e-28   97.3   0.0     3   257    24   294    22   295 0.83 -
P0C198               -            662 PK_Tyr_Ser-Thr       PF07714.23   258   2.3e-28   97.8   0.0   1   2   0.00015   0.00051   18.0   0.0     3    71    20    91    18    97 0.80 -
P0C198               -            662 PK_Tyr_Ser-Thr       PF07714.23   258   2.3e-28   97.8   0.0   2   2   9.1e-23   3.1e-22   77.7   0.0    76   256   143   324   130   325 0.88 -
Q9SPK4               -            284 PK_Tyr_Ser-Thr       PF07714.23   258   2.3e-28   97.8   0.0   1   1   7.6e-29   2.6e-28   97.6   0.0     3   248    17   261    15   270 0.82 -
Q55C57               -            473 PK_Tyr_Ser-Thr       PF07714.23   258   2.3e-28   97.7   0.0   1   1   1.1e-28   3.7e-28   97.1   0.0     2   214    92   292    91   310 0.84 -
P22204               -            572 PK_Tyr_Ser-Thr       PF07714.23   258   2.4e-28   97.7   0.2   1   2   9.9e-21   3.4e-20   71.0   0.0     2   157   178   330   177   347 0.89 -
P22204               -            572 PK_Tyr_Ser-Thr       PF07714.23   258   2.4e-28   97.7   0.2   2   2   1.6e-06   5.4e-06   24.4   0.0   162   228   373   439   358   452 0.82 -
Q55DV2               -           1452 PK_Tyr_Ser-Thr       PF07714.23   258   2.5e-28   97.6   3.1   1   1   2.5e-28   8.4e-28   95.9   3.1    33   255  1223  1431  1194  1434 0.82 -
Q9VM90               -            456 PK_Tyr_Ser-Thr       PF07714.23   258   2.6e-28   97.6   0.0   1   1   9.6e-29   3.2e-28   97.3   0.0     3   256   103   360   101   362 0.80 -
Q6CCB0               -            405 PK_Tyr_Ser-Thr       PF07714.23   258   2.8e-28   97.5   0.0   1   1   1.1e-28   3.9e-28   97.0   0.0     6   200    45   248    40   280 0.85 -
O74304               -           1436 PK_Tyr_Ser-Thr       PF07714.23   258   2.8e-28   97.5   0.0   1   2     5e-21   1.7e-20   71.9   0.0     6   152  1125  1269  1120  1289 0.85 -
O74304               -           1436 PK_Tyr_Ser-Thr       PF07714.23   258   2.8e-28   97.5   0.0   2   2     4e-06   1.3e-05   23.1   0.0   168   255  1310  1401  1292  1403 0.80 -
P32581               -            645 PK_Tyr_Ser-Thr       PF07714.23   258   2.9e-28   97.4   0.9   1   2   1.5e-26   5.1e-26   90.1   0.2     3   199    40   280    38   297 0.87 -
P32581               -            645 PK_Tyr_Ser-Thr       PF07714.23   258   2.9e-28   97.4   0.9   2   2       2.3       7.9    4.2   0.0   231   256   357   382   345   383 0.88 -
Q9SIQ7               -            582 PK_Tyr_Ser-Thr       PF07714.23   258     3e-28   97.4   0.0   1   1   1.3e-28   4.5e-28   96.8   0.0     3   256    68   320    66   321 0.87 -
Q6FP74               -            773 PK_Tyr_Ser-Thr       PF07714.23   258     3e-28   97.4   0.3   1   2   3.9e-22   1.3e-21   75.6   0.0     3   160   372   528   370   543 0.82 -
Q6FP74               -            773 PK_Tyr_Ser-Thr       PF07714.23   258     3e-28   97.4   0.3   2   2     6e-05    0.0002   19.3   0.1   167   229   588   650   569   670 0.80 -
Q3EBR4               -            453 PK_Tyr_Ser-Thr       PF07714.23   258   3.1e-28   97.3   0.0   1   2   5.4e-25   1.8e-24   85.0   0.0     5   148   170   314   167   319 0.95 -
Q3EBR4               -            453 PK_Tyr_Ser-Thr       PF07714.23   258   3.1e-28   97.3   0.0   2   2     0.039      0.13   10.0   0.0   181   257   330   421   325   422 0.72 -
Q3E991               -            659 PK_Tyr_Ser-Thr       PF07714.23   258   3.6e-28   97.1   0.0   1   1   1.6e-28   5.5e-28   96.5   0.0     4   257   387   653   385   654 0.84 -
Q559A2               -           1431 PK_Tyr_Ser-Thr       PF07714.23   258   3.9e-28   97.0   0.0   1   1   1.2e-28   3.9e-28   97.0   0.0     5   256   991  1257   988  1258 0.91 -
Q54Y26               -            530 PK_Tyr_Ser-Thr       PF07714.23   258     4e-28   97.0   0.3   1   2   4.6e-20   1.6e-19   68.8   0.1     3   152   114   260   112   290 0.84 -
Q54Y26               -            530 PK_Tyr_Ser-Thr       PF07714.23   258     4e-28   97.0   0.3   2   2   4.5e-07   1.5e-06   26.2   0.0   168   239   313   386   298   396 0.77 -
Q10292               -            445 PK_Tyr_Ser-Thr       PF07714.23   258   4.1e-28   96.9   0.0   1   1   1.9e-28   6.4e-28   96.3   0.0     4   255   163   416   161   418 0.80 -
P34208               -            496 PK_Tyr_Ser-Thr       PF07714.23   258   4.2e-28   96.9   0.0   1   1     3e-28     1e-27   95.6   0.0     2   256    11   268    10   269 0.82 -
O95835               -           1130 PK_Tyr_Ser-Thr       PF07714.23   258   4.2e-28   96.9   0.0   1   2   6.7e-21   2.3e-20   71.5   0.0     4   161   708   864   705   874 0.85 -
O95835               -           1130 PK_Tyr_Ser-Thr       PF07714.23   258   4.2e-28   96.9   0.0   2   2   5.1e-06   1.7e-05   22.8   0.0   166   229   912   975   893   995 0.72 -
Q09639               -            707 PK_Tyr_Ser-Thr       PF07714.23   258   4.3e-28   96.9   0.0   1   1   2.7e-28   9.3e-28   95.8   0.0     3   213   193   400   191   439 0.81 -
Q03306               -            898 PK_Tyr_Ser-Thr       PF07714.23   258   4.7e-28   96.7   0.0   1   1     3e-28     1e-27   95.6   0.0     3   218    13   243    11   290 0.75 -
Q9XBQ0               -            547 PK_Tyr_Ser-Thr       PF07714.23   258   4.8e-28   96.7   0.0   1   1   1.9e-28   6.5e-28   96.3   0.0     4   251    21   277    18   283 0.83 -
Q6DT37               -           1551 PK_Tyr_Ser-Thr       PF07714.23   258   5.2e-28   96.6   0.0   1   1   2.6e-28   8.9e-28   95.8   0.0     2   231    72   303    71   326 0.89 -
Q6CR51               -            593 PK_Tyr_Ser-Thr       PF07714.23   258   5.4e-28   96.5   0.1   1   2       4.2        14    3.4   0.0     6    33    95   123    90   146 0.79 -
Q6CR51               -            593 PK_Tyr_Ser-Thr       PF07714.23   258   5.4e-28   96.5   0.1   2   2     8e-27   2.7e-26   91.0   0.1    32   199   209   386   183   418 0.82 -
O14976               -           1311 PK_Tyr_Ser-Thr       PF07714.23   258   5.4e-28   96.5   0.0   1   1   2.5e-28   8.6e-28   95.9   0.0     2   258    41   313    40   313 0.85 -
Q59KM8               -            710 PK_Tyr_Ser-Thr       PF07714.23   258   5.9e-28   96.4   0.1   1   2   3.3e-20   1.1e-19   69.3   0.0     2   155   241   391   240   405 0.86 -
Q59KM8               -            710 PK_Tyr_Ser-Thr       PF07714.23   258   5.9e-28   96.4   0.1   2   2   1.4e-06   4.8e-06   24.6   0.1   153   230   444   520   433   553 0.79 -
Q11112               -            328 PK_Tyr_Ser-Thr       PF07714.23   258     6e-28   96.4   0.0   1   1   2.3e-28   7.8e-28   96.0   0.0     6   250    30   278    27   285 0.83 -
Q9HG11               -            415 PK_Tyr_Ser-Thr       PF07714.23   258   6.7e-28   96.2   0.0   1   1   2.9e-28   9.9e-28   95.7   0.0     6   207    25   216    21   244 0.85 -
Q6BM25               -            472 PK_Tyr_Ser-Thr       PF07714.23   258   6.8e-28   96.2   0.8   1   2       8.8        30    2.3   0.1     6    27    64    85    59    92 0.75 -
Q6BM25               -            472 PK_Tyr_Ser-Thr       PF07714.23   258   6.8e-28   96.2   0.8   2   2   6.1e-27   2.1e-26   91.3   0.1    45   204   152   314    95   355 0.83 -
Q7M6U3               -           1450 PK_Tyr_Ser-Thr       PF07714.23   258   7.2e-28   96.1   0.0   1   1   4.1e-28   1.4e-27   95.2   0.0    45   249   283   494   253   504 0.85 -
Q54IF2               -            641 PK_Tyr_Ser-Thr       PF07714.23   258   7.3e-28   96.1   0.0   1   1   3.2e-28   1.1e-27   95.6   0.0     3   248   175   413   173   418 0.87 -
P9WI77               -            566 PK_Tyr_Ser-Thr       PF07714.23   258   7.6e-28   96.0   0.0   1   1     3e-28     1e-27   95.6   0.0     3   248    18   260    16   264 0.92 -
O74526               -            781 PK_Tyr_Ser-Thr       PF07714.23   258   8.2e-28   95.9   0.0   1   1   4.7e-28   1.6e-27   95.0   0.0     4   213   449   676   446   689 0.82 -
Q869L4               -            793 PK_Tyr_Ser-Thr       PF07714.23   258   8.2e-28   95.9   0.1   1   2   4.7e-18   1.6e-17   62.2   0.0     3   139    13   150    11   157 0.81 -
Q869L4               -            793 PK_Tyr_Ser-Thr       PF07714.23   258   8.2e-28   95.9   0.1   2   2   4.3e-08   1.5e-07   29.6   0.0   132   248   244   346   240   355 0.71 -
Q01917               -            474 PK_Tyr_Ser-Thr       PF07714.23   258   8.3e-28   95.9   0.1   1   2   3.7e-19   1.2e-18   65.9   0.0     6   136    12   140     8   160 0.89 -
Q01917               -            474 PK_Tyr_Ser-Thr       PF07714.23   258   8.3e-28   95.9   0.1   2   2   1.7e-06   5.7e-06   24.4   0.0   138   199   208   268   204   293 0.83 -
Q8MXI4               -            419 PK_Tyr_Ser-Thr       PF07714.23   258   8.5e-28   95.9   0.0   1   1   3.7e-28   1.3e-27   95.3   0.0     4   207    52   267    49   303 0.86 -
Q8SRK8               -            322 PK_Tyr_Ser-Thr       PF07714.23   258   8.5e-28   95.9   0.0   1   1   3.2e-28   1.1e-27   95.6   0.0     2   221     8   220     7   255 0.87 -
Q9LSI9               -            605 PK_Tyr_Ser-Thr       PF07714.23   258   8.6e-28   95.9   0.0   1   1   3.7e-28   1.2e-27   95.3   0.0    28   255   329   572   310   575 0.87 -
P32944               -            819 PK_Tyr_Ser-Thr       PF07714.23   258   8.7e-28   95.9   0.1   1   1   4.3e-28   1.5e-27   95.1   0.1     4   204   447   653   444   689 0.84 -
Q9Y1J3               -            636 PK_Tyr_Ser-Thr       PF07714.23   258     9e-28   95.8   1.3   1   2   5.7e-20   1.9e-19   68.5   0.0     3   151    71   221    69   234 0.89 -
Q9Y1J3               -            636 PK_Tyr_Ser-Thr       PF07714.23   258     9e-28   95.8   1.3   2   2   1.2e-06   4.1e-06   24.8   0.0   167   255   273   359   255   361 0.88 -
Q255D2               -            933 PK_Tyr_Ser-Thr       PF07714.23   258     1e-27   95.6   0.0   1   1   1.5e-27   5.2e-27   93.3   0.0     3   249     6   277     4   287 0.86 -
Q54IH8               -            542 PK_Tyr_Ser-Thr       PF07714.23   258     1e-27   95.6   0.6   1   2   4.6e-20   1.6e-19   68.8   0.1     4   154   133   285   130   298 0.84 -
Q54IH8               -            542 PK_Tyr_Ser-Thr       PF07714.23   258     1e-27   95.6   0.6   2   2     1e-06   3.4e-06   25.1   0.1   168   222   336   389   322   422 0.85 -
Q8K4T3               -            418 PK_Tyr_Ser-Thr       PF07714.23   258   1.1e-27   95.6   0.0   1   2   6.9e-25   2.3e-24   84.6   0.0     6   215    63   278    58   289 0.80 -
Q8K4T3               -            418 PK_Tyr_Ser-Thr       PF07714.23   258   1.1e-27   95.6   0.0   2   2     0.083      0.28    9.0   0.0   220   256   329   365   318   367 0.81 -
Q5AAG6               -            509 PK_Tyr_Ser-Thr       PF07714.23   258   1.1e-27   95.6   0.0   1   1   5.9e-28     2e-27   94.7   0.0     2   202    29   251    28   269 0.85 -
F4I7Y4               -            507 PK_Tyr_Ser-Thr       PF07714.23   258   1.2e-27   95.4   0.0   1   1   5.5e-28   1.9e-27   94.8   0.0    15   256    89   327    86   329 0.90 -
B9FDE0               -            494 PK_Tyr_Ser-Thr       PF07714.23   258   1.2e-27   95.4   0.0   1   1   5.3e-28   1.8e-27   94.8   0.0    14   258    74   312    63   312 0.87 -
Q8SW92               -            308 PK_Tyr_Ser-Thr       PF07714.23   258   1.2e-27   95.4   0.0   1   1   4.5e-28   1.5e-27   95.1   0.0     4   199     7   207     4   222 0.90 -
Q54WD7               -            942 PK_Tyr_Ser-Thr       PF07714.23   258   1.3e-27   95.3   0.0   1   2   8.2e-05   0.00028   18.8   0.1    46    96    44   110    27   146 0.80 -
Q54WD7               -            942 PK_Tyr_Ser-Thr       PF07714.23   258   1.3e-27   95.3   0.0   2   2   1.3e-21   4.3e-21   73.9   0.0   101   255   461   612   437   615 0.87 -
P93759               -            530 PK_Tyr_Ser-Thr       PF07714.23   258   1.4e-27   95.2   0.0   1   1   7.2e-28   2.4e-27   94.4   0.0     2   255    55   307    54   309 0.83 -
Q11090               -            407 PK_Tyr_Ser-Thr       PF07714.23   258   1.6e-27   95.0   0.0   1   1   5.8e-28     2e-27   94.7   0.0     3   209   128   335   126   391 0.80 -
P30290               -            581 PK_Tyr_Ser-Thr       PF07714.23   258   1.6e-27   95.0   0.0   1   1   6.3e-28   2.1e-27   94.6   0.0     5   255   293   553   289   555 0.87 -
Q0KHT7               -            674 PK_Tyr_Ser-Thr       PF07714.23   258   1.8e-27   94.8   0.0   1   1   8.8e-28     3e-27   94.1   0.0     8   224    44   255    39   293 0.83 -
P0DPS9               -            934 PK_Tyr_Ser-Thr       PF07714.23   258     2e-27   94.7   0.0   1   2   5.5e-21   1.8e-20   71.8   0.0     3   158     6   169     4   181 0.91 -
P0DPS9               -            934 PK_Tyr_Ser-Thr       PF07714.23   258     2e-27   94.7   0.0   2   2   2.6e-05   8.6e-05   20.5   0.0   169   253   201   287   186   292 0.83 -
Q3E8J4               -            359 PK_Tyr_Ser-Thr       PF07714.23   258     2e-27   94.6   0.0   1   1   9.1e-28   3.1e-27   94.0   0.0     5   256    63   348    60   350 0.88 -
Q9USS2               -            872 PK_Tyr_Ser-Thr       PF07714.23   258   2.2e-27   94.6   0.0   1   1   9.4e-28   3.2e-27   94.0   0.0     2   256    26   297    25   299 0.83 -
Q10364               -            646 PK_Tyr_Ser-Thr       PF07714.23   258   2.3e-27   94.5   0.0   1   1     1e-27   3.4e-27   93.9   0.0     5   248   270   511   267   517 0.84 -
Q8MYQ1               -            441 PK_Tyr_Ser-Thr       PF07714.23   258   2.4e-27   94.4   0.0   1   1     1e-27   3.4e-27   93.9   0.0     3   249   128   369   126   378 0.87 -
Q4R8E0               -            631 PK_Tyr_Ser-Thr       PF07714.23   258   2.6e-27   94.3   0.1   1   2   1.2e-05     4e-05   21.6   0.0     5    72   171   235   167   247 0.83 -
Q4R8E0               -            631 PK_Tyr_Ser-Thr       PF07714.23   258   2.6e-27   94.3   0.1   2   2   1.3e-20   4.5e-20   70.6   0.0   104   256   419   579   359   581 0.82 -
Q9Y898               -            518 PK_Tyr_Ser-Thr       PF07714.23   258   2.7e-27   94.2   0.0   1   2       2.3       7.7    4.3   0.1     3    45    83   121    81   130 0.70 -
Q9Y898               -            518 PK_Tyr_Ser-Thr       PF07714.23   258   2.7e-27   94.2   0.0   2   2   7.5e-26   2.5e-25   87.8   0.0    76   256   191   372   182   373 0.86 -
O14019               -            636 PK_Tyr_Ser-Thr       PF07714.23   258   3.1e-27   94.0   0.0   1   1   1.3e-27   4.6e-27   93.5   0.0     4   208   354   564   352   620 0.76 -
Q09488               -            636 PK_Tyr_Ser-Thr       PF07714.23   258   3.3e-27   93.9   0.5   1   1   7.8e-27   2.6e-26   91.0   0.2     1   200   265   477   265   490 0.82 -
Q9NLA1               -            570 PK_Tyr_Ser-Thr       PF07714.23   258   3.3e-27   93.9   0.0   1   1   1.6e-27   5.3e-27   93.3   0.0     3   252    42   321    40   339 0.74 -
P25333               -            603 PK_Tyr_Ser-Thr       PF07714.23   258   3.7e-27   93.8   0.0   1   1   1.7e-27   5.9e-27   93.1   0.0     4   209   319   533   317   571 0.86 -
P38679               -            598 PK_Tyr_Ser-Thr       PF07714.23   258   3.7e-27   93.8   0.1   1   2   5.1e-22   1.7e-21   75.2   0.0     3   160   216   373   214   382 0.85 -
P38679               -            598 PK_Tyr_Ser-Thr       PF07714.23   258   3.7e-27   93.8   0.1   2   2   0.00039    0.0013   16.6   0.0   167   226   421   480   388   503 0.84 -
Q8IL26               -           1558 PK_Tyr_Ser-Thr       PF07714.23   258   4.6e-27   93.5   0.8   1   2   0.00085    0.0029   15.5   0.8     5    74   433   511   430   547 0.79 -
Q8IL26               -           1558 PK_Tyr_Ser-Thr       PF07714.23   258   4.6e-27   93.5   0.8   2   2   6.7e-22   2.3e-21   74.8   0.0    72   249   605   778   545   786 0.79 -
P0CS76               -            466 PK_Tyr_Ser-Thr       PF07714.23   258   5.1e-27   93.3   0.0   1   1   9.8e-27   3.3e-26   90.7   0.0    47   200   133   293   104   307 0.84 -
Q6MAN0               -            982 PK_Tyr_Ser-Thr       PF07714.23   258   5.3e-27   93.3   0.0   1   1   6.5e-27   2.2e-26   91.3   0.0     2   250    52   329    51   338 0.82 -
Q55DK2               -            737 PK_Tyr_Ser-Thr       PF07714.23   258   5.6e-27   93.2   0.2   1   2   7.4e-05   0.00025   19.0   0.0    45    98    45   102    22   126 0.80 -
Q55DK2               -            737 PK_Tyr_Ser-Thr       PF07714.23   258   5.6e-27   93.2   0.2   2   2   4.2e-21   1.4e-20   72.2   0.0    99   258   321   480   247   480 0.90 -
Q24210               -            898 PK_Tyr_Ser-Thr       PF07714.23   258   6.2e-27   93.0   0.0   1   1     3e-27     1e-26   92.3   0.0     3   255    14   273    12   275 0.84 -
Q9URT9               -            381 PK_Tyr_Ser-Thr       PF07714.23   258   6.3e-27   93.0   0.0   1   1   6.3e-27   2.1e-26   91.3   0.0     5   250    29   299    26   306 0.76 -
Q9BWU1               -            502 PK_Tyr_Ser-Thr       PF07714.23   258   6.7e-27   92.9   0.0   1   1   3.4e-27   1.1e-26   92.2   0.0     6   213    26   241    23   253 0.84 -
O15021               -           2623 PK_Tyr_Ser-Thr       PF07714.23   258   6.8e-27   92.9   0.0   1   1   3.8e-27   1.3e-26   92.0   0.0     3   248   572   828   570   831 0.81 -
P36005               -            433 PK_Tyr_Ser-Thr       PF07714.23   258   7.1e-27   92.9   0.0   1   1   3.3e-27   1.1e-26   92.2   0.0     2   205    24   257    23   315 0.74 -
Q8TEA7               -            893 PK_Tyr_Ser-Thr       PF07714.23   258   7.8e-27   92.7   0.0   1   1   5.9e-27     2e-26   91.4   0.0    47   256    37   269    32   270 0.85 -
Q6I587               -            542 PK_Tyr_Ser-Thr       PF07714.23   258   8.1e-27   92.7   0.0   1   1   8.2e-27   2.8e-26   90.9   0.0     2   256    91   344    90   345 0.86 -
Q80YS9               -            662 PK_Tyr_Ser-Thr       PF07714.23   258   8.4e-27   92.6   1.9   1   1   4.2e-27   1.4e-26   91.9   1.9    24   202    15   201     7   263 0.82 -
C0LGS3               -            768 PK_Tyr_Ser-Thr       PF07714.23   258   8.7e-27   92.6   0.0   1   2     7e-21   2.4e-20   71.5   0.0    31   161   474   611   455   620 0.88 -
C0LGS3               -            768 PK_Tyr_Ser-Thr       PF07714.23   258   8.7e-27   92.6   0.0   2   2   8.3e-05   0.00028   18.8   0.0   169   253   649   744   642   749 0.76 -
Q8GVC7               -            399 PK_Tyr_Ser-Thr       PF07714.23   258   9.2e-27   92.5   0.0   1   1   3.5e-27   1.2e-26   92.1   0.0     4   255    95   366    92   368 0.83 -
O60229               -           2986 PK_Tyr_Ser-Thr       PF07714.23   258     1e-26   92.3   0.2   1   1   7.5e-27   2.6e-26   91.0   0.0     5   255  2688  2933  2684  2935 0.85 -
P28708               -            518 PK_Tyr_Ser-Thr       PF07714.23   258     1e-26   92.3   0.0   1   1   1.8e-25   6.2e-25   86.5   0.0     4   205   195   445   192   504 0.82 -
O49717               -            554 PK_Tyr_Ser-Thr       PF07714.23   258   1.1e-26   92.3   0.0   1   1   5.6e-27   1.9e-26   91.5   0.0     2   253   103   353   102   357 0.86 -
P0C661               -            612 PK_Tyr_Ser-Thr       PF07714.23   258   1.1e-26   92.2   2.2   1   1   4.4e-27   1.5e-26   91.8   0.0     3   212    25   246    23   260 0.84 -
O04567               -            601 PK_Tyr_Ser-Thr       PF07714.23   258   1.1e-26   92.2   0.0   1   1   7.9e-27   2.7e-26   91.0   0.0    30   258   325   576   312   576 0.79 -
Q8SRI3               -            318 PK_Tyr_Ser-Thr       PF07714.23   258   1.1e-26   92.2   0.0   1   1   5.8e-27     2e-26   91.4   0.0     4   199    43   229    21   251 0.83 -
O74815               -            413 PK_Tyr_Ser-Thr       PF07714.23   258   1.2e-26   92.1   0.1   1   1   4.9e-27   1.7e-26   91.7   0.1    23   210   122   327   103   351 0.82 -
P41279               -            467 PK_Tyr_Ser-Thr       PF07714.23   258   1.5e-26   91.8   0.0   1   1   9.3e-27   3.1e-26   90.7   0.0     7   256   144   384   140   385 0.83 -
Q2QSL4               -            327 PK_Tyr_Ser-Thr       PF07714.23   258   1.5e-26   91.8   0.0   1   1   5.4e-27   1.8e-26   91.5   0.0     5   226     8   231     4   240 0.87 -
Q9UHD2               -            729 PK_Tyr_Ser-Thr       PF07714.23   258   1.5e-26   91.8   0.0   1   1   9.6e-27   3.2e-26   90.7   0.0     5   209    13   225    10   250 0.80 -
P53974               -            638 PK_Tyr_Ser-Thr       PF07714.23   258   1.6e-26   91.7   0.0   1   1     7e-27   2.4e-26   91.1   0.0     2   257    23   295    22   296 0.81 -
Q4KM34               -            346 PK_Tyr_Ser-Thr       PF07714.23   258   1.7e-26   91.6   0.0   1   1   6.5e-27   2.2e-26   91.3   0.0     6   202     9   201     5   230 0.87 -
Q91618               -            548 PK_Tyr_Ser-Thr       PF07714.23   258   1.9e-26   91.5   0.0   1   1   7.2e-27   2.4e-26   91.1   0.0     4   205   106   301   103   348 0.89 -
G9LZD7               -           1157 PK_Tyr_Ser-Thr       PF07714.23   258     2e-26   91.4   0.0   1   1   8.3e-27   2.8e-26   90.9   0.0     4   220   852  1080   849  1132 0.82 -
P41719               -            267 PK_Tyr_Ser-Thr       PF07714.23   258     2e-26   91.4   1.1   1   1   9.7e-27   3.3e-26   90.7   1.1     7   212    24   212    18   261 0.75 -
Q54IE8               -           1350 PK_Tyr_Ser-Thr       PF07714.23   258   3.2e-26   90.7   0.0   1   1   9.5e-27   3.2e-26   90.7   0.0     5   256   907  1162   904  1163 0.82 -
Q55DJ8               -           1444 PK_Tyr_Ser-Thr       PF07714.23   258   3.3e-26   90.7   0.0   1   1   1.9e-26   6.4e-26   89.7   0.0     4   255   984  1241   982  1243 0.85 -
Q9W0V1               -            836 PK_Tyr_Ser-Thr       PF07714.23   258   3.3e-26   90.7   1.7   1   2   1.8e-20   6.2e-20   70.1   0.1     3   162   248   405   246   414 0.86 -
Q9W0V1               -            836 PK_Tyr_Ser-Thr       PF07714.23   258   3.3e-26   90.7   1.7   2   2     7e-05   0.00024   19.0   0.0   164   249   470   553   454   557 0.84 -
Q6AX33               -           1482 PK_Tyr_Ser-Thr       PF07714.23   258   3.4e-26   90.6   0.0   1   1   2.2e-26   7.4e-26   89.5   0.0     3   218   401   625   399   658 0.80 -
Q86HW6               -            798 PK_Tyr_Ser-Thr       PF07714.23   258   3.4e-26   90.6   0.0   1   1   1.5e-26     5e-26   90.1   0.0     5   257    58   319    54   320 0.82 -
Q16659               -            721 PK_Tyr_Ser-Thr       PF07714.23   258   3.5e-26   90.6   0.0   1   1   2.7e-26     9e-26   89.2   0.0     5   219    24   246    21   265 0.84 -
P54265               -            631 PK_Tyr_Ser-Thr       PF07714.23   258   3.6e-26   90.6   0.0   1   1   1.5e-26   5.2e-26   90.0   0.0     2   224    72   298    71   315 0.87 -
P38938               -           1338 PK_Tyr_Ser-Thr       PF07714.23   258   3.9e-26   90.4   0.0   1   2   1.8e-21   6.1e-21   73.4   0.0     3   165   591   750   589   754 0.85 -
P38938               -           1338 PK_Tyr_Ser-Thr       PF07714.23   258   3.9e-26   90.4   0.0   2   2    0.0016    0.0055   14.6   0.0   169   219   862   911   849   944 0.86 -
Q96LW2               -            410 PK_Tyr_Ser-Thr       PF07714.23   258   4.2e-26   90.3   0.0   1   1   1.7e-26   5.8e-26   89.9   0.0     6   249   112   347   107   352 0.81 -
Q94E49               -            493 PK_Tyr_Ser-Thr       PF07714.23   258   4.3e-26   90.3   0.0   1   2   1.6e-18   5.4e-18   63.7   0.0     2   151    81   240    80   247 0.88 -
Q94E49               -            493 PK_Tyr_Ser-Thr       PF07714.23   258   4.3e-26   90.3   0.0   2   2   1.6e-06   5.4e-06   24.4   0.0   168   225   339   396   328   431 0.71 -
Q6ZAG3               -            324 PK_Tyr_Ser-Thr       PF07714.23   258   4.4e-26   90.3   0.0   1   1   2.1e-26   7.2e-26   89.6   0.0     4   219    30   250    27   283 0.83 -
Q75JN1               -           1700 PK_Tyr_Ser-Thr       PF07714.23   258   4.4e-26   90.3   2.6   1   3     2e-06   6.9e-06   24.1   0.0     4    74   497   563   494   570 0.90 -
Q75JN1               -           1700 PK_Tyr_Ser-Thr       PF07714.23   258   4.4e-26   90.3   2.6   2   3   2.9e-14   9.9e-14   49.8   0.2    26   158   722   853   707   872 0.71 -
Q75JN1               -           1700 PK_Tyr_Ser-Thr       PF07714.23   258   4.4e-26   90.3   2.6   3   3    0.0021    0.0071   14.2   0.1   152   256   917  1023   911  1025 0.71 -
Q8IWB6               -           1497 PK_Tyr_Ser-Thr       PF07714.23   258   4.6e-26   90.2   0.0   1   1   2.8e-26   9.6e-26   89.2   0.0    45   249   289   500   262   509 0.84 -
Q9SJ61               -            520 PK_Tyr_Ser-Thr       PF07714.23   258   4.7e-26   90.2   0.0   1   1   2.2e-26   7.5e-26   89.5   0.0     3   255   134   385   132   387 0.84 -
P33973               -            693 PK_Tyr_Ser-Thr       PF07714.23   258   5.1e-26   90.1   0.0   1   1   2.2e-26   7.5e-26   89.5   0.0     2   248    60   307    59   316 0.86 -
P0DH62               -            567 PK_Tyr_Ser-Thr       PF07714.23   258   5.3e-26   90.0   0.0   1   2   8.3e-14   2.8e-13   48.3   0.0     7    95   261   343   256   347 0.92 -
P0DH62               -            567 PK_Tyr_Ser-Thr       PF07714.23   258   5.3e-26   90.0   0.0   2   2   3.2e-11   1.1e-10   39.8   0.0   143   256   348   475   342   477 0.84 -
P51136               -            467 PK_Tyr_Ser-Thr       PF07714.23   258   6.7e-26   89.7   0.0   1   1   3.2e-26   1.1e-25   89.0   0.0     6   202    61   252    57   280 0.85 -
P38622               -            512 PK_Tyr_Ser-Thr       PF07714.23   258     7e-26   89.6   0.0   1   1     5e-26   1.7e-25   88.3   0.0     2   252   122   406   121   411 0.84 -
Q8SQU8               -            315 PK_Tyr_Ser-Thr       PF07714.23   258   7.2e-26   89.6   0.0   1   1   3.1e-26   1.1e-25   89.0   0.0     5   199    17   206    13   223 0.87 -
Q38870               -            646 PK_Tyr_Ser-Thr       PF07714.23   258   7.4e-26   89.5   0.0   1   1   3.3e-26   1.1e-25   89.0   0.0     3   254   188   438   186   441 0.86 -
Q9LT38               -            408 PK_Tyr_Ser-Thr       PF07714.23   258   8.4e-26   89.3   0.0   1   2   5.7e-17   1.9e-16   58.7   0.0     2   153    22   178    21   185 0.88 -
Q9LT38               -            408 PK_Tyr_Ser-Thr       PF07714.23   258   8.4e-26   89.3   0.0   2   2   8.2e-08   2.8e-07   28.6   0.0   169   249   249   326   231   331 0.86 -
Q8SSH4               -            586 PK_Tyr_Ser-Thr       PF07714.23   258   8.9e-26   89.3   0.1   1   1   4.1e-26   1.4e-25   88.6   0.1     1   256   289   536   289   538 0.89 -
Q2QM77               -            484 PK_Tyr_Ser-Thr       PF07714.23   258   8.9e-26   89.3   0.0   1   2     5e-18   1.7e-17   62.1   0.0     2   152   112   267   111   281 0.86 -
Q2QM77               -            484 PK_Tyr_Ser-Thr       PF07714.23   258   8.9e-26   89.3   0.0   2   2   9.6e-07   3.3e-06   25.1   0.0   169   218   328   376   319   411 0.91 -
G4NH08               -            394 PK_Tyr_Ser-Thr       PF07714.23   258   9.4e-26   89.2   0.0   1   1   3.6e-26   1.2e-25   88.8   0.0     4   205    38   236    35   270 0.85 -
O01583               -           1592 PK_Tyr_Ser-Thr       PF07714.23   258   9.9e-26   89.1   2.5   1   1   6.3e-26   2.1e-25   88.0   0.0     2   223    84   306    83   320 0.88 -
Q9VWQ2               -            483 PK_Tyr_Ser-Thr       PF07714.23   258   1.1e-25   89.0   0.0   1   1     5e-26   1.7e-25   88.3   0.0     4   201   162   352   159   380 0.87 -
Q8SSA8               -            414 PK_Tyr_Ser-Thr       PF07714.23   258   1.1e-25   88.9   0.0   1   1   4.4e-26   1.5e-25   88.5   0.0     2   256     5   251     4   252 0.90 -
Q7XIW5               -            443 PK_Tyr_Ser-Thr       PF07714.23   258   1.1e-25   88.9   0.0   1   1   6.2e-26   2.1e-25   88.1   0.0     6   255    37   287    32   289 0.83 -
Q6P0Q8               -           1798 PK_Tyr_Ser-Thr       PF07714.23   258   1.1e-25   88.9   0.0   1   1   6.9e-26   2.3e-25   87.9   0.0     3   248   514   770   512   774 0.80 -
Q54RP7               -            637 PK_Tyr_Ser-Thr       PF07714.23   258   1.2e-25   88.8   0.1   1   2   7.6e-07   2.6e-06   25.5   0.0     5    74   240   303   236   339 0.87 -
Q54RP7               -            637 PK_Tyr_Ser-Thr       PF07714.23   258   1.2e-25   88.8   0.1   2   2     4e-17   1.4e-16   59.2   0.1    74   212   403   580   393   617 0.77 -
Q0WR59               -           1048 PK_Tyr_Ser-Thr       PF07714.23   258   1.6e-25   88.4   0.0   1   1   7.1e-26   2.4e-25   87.9   0.0     5   200   772   969   769  1004 0.91 -
Q10078               -            344 PK_Tyr_Ser-Thr       PF07714.23   258   1.6e-25   88.4   0.1   1   2   2.5e-08   8.4e-08   30.4   0.1     3   121    34   156    32   158 0.90 -
Q10078               -            344 PK_Tyr_Ser-Thr       PF07714.23   258   1.6e-25   88.4   0.1   2   2   3.4e-16   1.1e-15   56.1   0.0   122   257   189   337   184   338 0.81 -
Q9LS26               -            489 PK_Tyr_Ser-Thr       PF07714.23   258   1.7e-25   88.3   0.0   1   1     7e-26   2.4e-25   87.9   0.0    14   255    69   304    60   307 0.88 -
Q9VEZ5               -            751 PK_Tyr_Ser-Thr       PF07714.23   258   1.7e-25   88.3   0.0   1   1   1.6e-25   5.3e-25   86.7   0.0     5   208    45   265    41   283 0.76 -
P83101               -            501 PK_Tyr_Ser-Thr       PF07714.23   258   1.8e-25   88.3   0.0   1   1   7.9e-26   2.7e-25   87.7   0.0     5   203    37   232    34   261 0.83 -
Q2QVG8               -            563 PK_Tyr_Ser-Thr       PF07714.23   258   2.2e-25   88.0   0.0   1   1   1.1e-25   3.8e-25   87.2   0.0     2   256    85   338    84   339 0.85 -
Q99558               -            947 PK_Tyr_Ser-Thr       PF07714.23   258   2.3e-25   87.9   0.0   1   1   1.1e-25   3.6e-25   87.3   0.0     6   254   405   647   401   651 0.85 -
P38990               -           1142 PK_Tyr_Ser-Thr       PF07714.23   258   2.3e-25   87.9   0.5   1   1   7.8e-25   2.6e-24   84.4   0.5     2   197   134   372   133   445 0.69 -
Q55F45               -           1078 PK_Tyr_Ser-Thr       PF07714.23   258   2.3e-25   87.9   0.0   1   3   0.00092    0.0031   15.4   0.0     4    71   382   453   379   459 0.70 -
Q55F45               -           1078 PK_Tyr_Ser-Thr       PF07714.23   258   2.3e-25   87.9   0.0   2   3   2.5e-14   8.6e-14   50.0   0.0    75   156   743   824   735   847 0.85 -
Q55F45               -           1078 PK_Tyr_Ser-Thr       PF07714.23   258   2.3e-25   87.9   0.0   3   3   0.00012    0.0004   18.3   0.0   179   258   950  1027   919  1027 0.84 -
Q21360               -            521 PK_Tyr_Ser-Thr       PF07714.23   258   2.3e-25   87.9   0.0   1   1   9.4e-26   3.2e-25   87.5   0.0     5   213   148   351   144   402 0.77 -
Q9UU85               -            650 PK_Tyr_Ser-Thr       PF07714.23   258   2.5e-25   87.8   0.0   1   1   1.1e-25   3.9e-25   87.2   0.0     2   253    34   298    33   303 0.81 -
O75460               -            977 PK_Tyr_Ser-Thr       PF07714.23   258   2.7e-25   87.7   0.0   1   1   1.3e-25   4.6e-25   86.9   0.0     5   255   575   827   572   829 0.83 -
Q5AP53               -            732 PK_Tyr_Ser-Thr       PF07714.23   258   2.8e-25   87.6   0.1   1   2   1.4e-22   4.6e-22   77.1   0.0     3   162   337   495   335   521 0.81 -
Q5AP53               -            732 PK_Tyr_Ser-Thr       PF07714.23   258   2.8e-25   87.6   0.1   2   2   0.00025   0.00083   17.3   0.1   167   239   549   623   527   632 0.77 -
Q9LFL7               -            331 PK_Tyr_Ser-Thr       PF07714.23   258   2.9e-25   87.6   0.0   1   1   1.7e-25   5.7e-25   86.6   0.0    17   256    66   321    61   323 0.85 -
Q54D75               -           1397 PK_Tyr_Ser-Thr       PF07714.23   258     3e-25   87.5   0.3   1   1   2.4e-25     8e-25   86.1   0.0     2   204     5   197     4   224 0.88 -
Q54LH8               -            671 PK_Tyr_Ser-Thr       PF07714.23   258   3.1e-25   87.5   2.4   1   1   3.8e-25   1.3e-24   85.5   2.4     3   197    33   232    31   280 0.85 -
Q6Z829               -            520 PK_Tyr_Ser-Thr       PF07714.23   258   3.1e-25   87.5   0.0   1   1   1.3e-25   4.5e-25   87.0   0.0     4   256   270   506   267   507 0.87 -
F1SPM8               -            968 PK_Tyr_Ser-Thr       PF07714.23   258   3.2e-25   87.5   0.6   1   1   1.3e-25   4.5e-25   86.9   0.0     2   254    47   307    46   309 0.86 -
P53682               -            534 PK_Tyr_Ser-Thr       PF07714.23   258   3.6e-25   87.3   0.0   1   1   3.1e-25     1e-24   85.8   0.0     2   255    74   326    73   328 0.82 -
Q9UTH3               -            775 PK_Tyr_Ser-Thr       PF07714.23   258   4.1e-25   87.1   0.0   1   1   1.9e-25   6.5e-25   86.4   0.0     3   210   505   715   503   755 0.81 -
Q8IIT5               -           1501 PK_Tyr_Ser-Thr       PF07714.23   258   4.3e-25   87.0  25.3   1   3   5.5e-06   1.9e-05   22.7   4.3    12    96   841   934   835  1007 0.74 -
Q8IIT5               -           1501 PK_Tyr_Ser-Thr       PF07714.23   258   4.3e-25   87.0  25.3   2   3   8.2e-09   2.8e-08   31.9   0.3    95   152  1240  1315  1162  1344 0.84 -
Q8IIT5               -           1501 PK_Tyr_Ser-Thr       PF07714.23   258   4.3e-25   87.0  25.3   3   3   1.6e-13   5.4e-13   47.4   0.0   166   257  1387  1478  1368  1479 0.85 -
Q9SGI7               -            654 PK_Tyr_Ser-Thr       PF07714.23   258   4.3e-25   87.0   0.0   1   1   3.4e-24   1.2e-23   82.3   0.0    14   255   354   612   350   615 0.77 -
Q7RTN6               -            431 PK_Tyr_Ser-Thr       PF07714.23   258   5.7e-25   86.6   0.0   1   2   2.8e-23   9.5e-23   79.3   0.0    18   214    88   288    70   301 0.80 -
Q7RTN6               -            431 PK_Tyr_Ser-Thr       PF07714.23   258   5.7e-25   86.6   0.0   2   2       1.3       4.4    5.0   0.0   227   256   346   375   336   376 0.84 -
Q3V129               -           1303 PK_Tyr_Ser-Thr       PF07714.23   258   5.9e-25   86.6   0.0   1   2   8.1e-15   2.7e-14   51.6   0.0     3   152     6   146     4   154 0.90 -
Q3V129               -           1303 PK_Tyr_Ser-Thr       PF07714.23   258   5.9e-25   86.6   0.0   2   2   5.1e-09   1.7e-08   32.6   0.0   159   252   174   272   164   277 0.75 -
Q07538               -            477 PK_Tyr_Ser-Thr       PF07714.23   258   6.3e-25   86.5   0.4   1   2   4.2e-24   1.4e-23   82.0   0.1     4   219   162   374   159   389 0.86 -
Q07538               -            477 PK_Tyr_Ser-Thr       PF07714.23   258   6.3e-25   86.5   0.4   2   2       7.8        26    2.5   0.0   228   249   442   463   413   468 0.81 -
P53233               -            369 PK_Tyr_Ser-Thr       PF07714.23   258   6.3e-25   86.5   0.0   1   1   3.4e-25   1.2e-24   85.6   0.0     4   199     5   217     2   243 0.77 -
Q9NSY1               -           1161 PK_Tyr_Ser-Thr       PF07714.23   258   6.4e-25   86.5   0.0   1   1   1.9e-25   6.4e-25   86.5   0.0     2   252    52   309    51   313 0.84 -
Q09595               -            363 PK_Tyr_Ser-Thr       PF07714.23   258   7.1e-25   86.3   0.0   1   1   1.2e-24     4e-24   83.8   0.0     5   251    24   295    20   301 0.86 -
Q6AVI8               -            574 PK_Tyr_Ser-Thr       PF07714.23   258   7.6e-25   86.2   0.0   1   1   3.9e-25   1.3e-24   85.4   0.0     2   255   102   354   101   356 0.86 -
G5ECQ3               -           1077 PK_Tyr_Ser-Thr       PF07714.23   258   7.7e-25   86.2   0.0   1   1   3.4e-25   1.2e-24   85.6   0.0     2   252    48   309    47   313 0.83 -
Q3V016               -            616 PK_Tyr_Ser-Thr       PF07714.23   258     8e-25   86.1   0.0   1   1   3.3e-25   1.1e-24   85.7   0.0     3   229    13   239    11   247 0.86 -
P0C1S8               -            567 PK_Tyr_Ser-Thr       PF07714.23   258     8e-25   86.1   0.0   1   1   3.9e-25   1.3e-24   85.4   0.0     5   256   216   482   213   484 0.89 -
Q54C18               -            516 PK_Tyr_Ser-Thr       PF07714.23   258     8e-25   86.1   0.0   1   1   3.2e-25   1.1e-24   85.7   0.0     4   254   235   473   232   476 0.87 -
Q6XHA6               -           2646 PK_Tyr_Ser-Thr       PF07714.23   258   8.3e-25   86.1   0.0   1   1   5.1e-25   1.7e-24   85.0   0.0    45   258  2113  2340  2093  2340 0.88 -
Q9C5S2               -            841 PK_Tyr_Ser-Thr       PF07714.23   258   8.7e-25   86.0   0.0   1   1   4.4e-25   1.5e-24   85.2   0.0     4   254   417   698   415   701 0.86 -
P32361               -           1115 PK_Tyr_Ser-Thr       PF07714.23   258   8.8e-25   86.0   0.0   1   2   2.1e-20     7e-20   69.9   0.0     4   180   677   865   674   874 0.84 -
P32361               -           1115 PK_Tyr_Ser-Thr       PF07714.23   258   8.8e-25   86.0   0.0   2   2     0.003      0.01   13.7   0.0   177   255   893   975   889   977 0.83 -
O43187               -            625 PK_Tyr_Ser-Thr       PF07714.23   258   9.1e-25   86.0   0.0   1   1   4.2e-25   1.4e-24   85.3   0.0     3   204   212   413   210   488 0.77 -
P18431               -            514 PK_Tyr_Ser-Thr       PF07714.23   258   9.1e-25   86.0   0.0   1   1   3.3e-25   1.1e-24   85.6   0.0     4   205    57   255    54   311 0.84 -
Q99J45               -            535 PK_Tyr_Ser-Thr       PF07714.23   258   9.4e-25   85.9   0.7   1   1   5.2e-25   1.8e-24   85.0   0.7    40   254   106   321    80   324 0.80 -
Q8SSY6               -           1887 PK_Tyr_Ser-Thr       PF07714.23   258     1e-24   85.8   0.1   1   1   9.8e-25   3.3e-24   84.1   0.1    45   254  1194  1431  1170  1434 0.77 -
P43565               -           1770 PK_Tyr_Ser-Thr       PF07714.23   258     1e-24   85.8   0.0   1   2     6e-21     2e-20   71.7   0.0     4   152   797   943   794   960 0.87 -
P43565               -           1770 PK_Tyr_Ser-Thr       PF07714.23   258     1e-24   85.8   0.0   2   2     0.012     0.039   11.8   0.0   156   220  1139  1203  1109  1247 0.74 -
Q9LYU7               -            401 PK_Tyr_Ser-Thr       PF07714.23   258   1.2e-24   85.6   0.0   1   1     5e-25   1.7e-24   85.1   0.0    27   205   139   331   121   395 0.73 -
P30291               -            646 PK_Tyr_Ser-Thr       PF07714.23   258   1.2e-24   85.5   0.0   1   1   5.4e-25   1.8e-24   85.0   0.0     4   256   302   565   299   566 0.90 -
Q9RRH3               -            668 PK_Tyr_Ser-Thr       PF07714.23   258   1.3e-24   85.5   0.0   1   1   4.6e-25   1.6e-24   85.2   0.0     4   250    16   262    13   270 0.87 -
Q08097               -            467 PK_Tyr_Ser-Thr       PF07714.23   258   1.4e-24   85.4   0.0   1   1   6.5e-25   2.2e-24   84.7   0.0     3   201   166   350   164   360 0.87 -
Q96287               -            472 PK_Tyr_Ser-Thr       PF07714.23   258   1.4e-24   85.3   0.0   1   1   5.4e-25   1.8e-24   85.0   0.0     4   206   141   340   138   402 0.79 -
Q09499               -            967 PK_Tyr_Ser-Thr       PF07714.23   258   1.8e-24   85.0   0.0   1   1     8e-25   2.7e-24   84.4   0.0     6   252   523   770   519   775 0.80 -
Q8CEE6               -           1383 PK_Tyr_Ser-Thr       PF07714.23   258   2.1e-24   84.7   0.0   1   1     1e-24   3.5e-24   84.0   0.0     4   256  1062  1307  1059  1308 0.84 -
Q9BUB5               -            465 PK_Tyr_Ser-Thr       PF07714.23   258   2.2e-24   84.7   0.1   1   2   1.7e-13   5.6e-13   47.3   0.2     4   122    52   165    50   169 0.94 -
Q9BUB5               -            465 PK_Tyr_Ser-Thr       PF07714.23   258   2.2e-24   84.7   0.1   2   2   8.5e-10   2.9e-09   35.2   0.0   122   254   206   368   201   371 0.69 -
Q08217               -           1101 PK_Tyr_Ser-Thr       PF07714.23   258   2.3e-24   84.7   0.0   1   1   1.1e-24   3.8e-24   83.9   0.0     2   256   842  1095   841  1096 0.84 -
P49695               -            742 PK_Tyr_Ser-Thr       PF07714.23   258   2.4e-24   84.6   0.0   1   1   8.8e-25     3e-24   84.3   0.0     3   258    18   264    16   264 0.90 -
Q55DJ9               -           1505 PK_Tyr_Ser-Thr       PF07714.23   258   2.5e-24   84.5   0.0   1   1   2.1e-24   7.2e-24   83.0   0.0     7   254  1060  1318  1055  1321 0.84 -
P49759               -            484 PK_Tyr_Ser-Thr       PF07714.23   258   2.9e-24   84.3   0.1   1   1   7.9e-24   2.7e-23   81.1   0.0     3   218   163   392   161   405 0.84 -
Q556J6               -            680 PK_Tyr_Ser-Thr       PF07714.23   258   3.2e-24   84.2   0.0   1   1   9.5e-25   3.2e-24   84.2   0.0     5   200     8   198     5   214 0.90 -
C0LGK4               -            915 PK_Tyr_Ser-Thr       PF07714.23   258   3.2e-24   84.2   0.0   1   1   1.8e-24   5.9e-24   83.3   0.0     7   258   533   806   528   806 0.86 -
A4L9P5               -           1211 PK_Tyr_Ser-Thr       PF07714.23   258   3.4e-24   84.1   0.0   1   1   1.6e-24   5.3e-24   83.4   0.0     4   225   193   412   190   419 0.84 -
Q5A961               -            690 PK_Tyr_Ser-Thr       PF07714.23   258   4.1e-24   83.8   0.0   1   1   4.4e-24   1.5e-23   82.0   0.0     2   255    23   311    22   314 0.75 -
Q9LSF1               -            421 PK_Tyr_Ser-Thr       PF07714.23   258   4.2e-24   83.8   0.0   1   2   1.1e-13   3.7e-13   47.9   0.0     2   152    18   174    17   189 0.84 -
Q9LSF1               -            421 PK_Tyr_Ser-Thr       PF07714.23   258   4.2e-24   83.8   0.0   2   2   2.2e-09   7.4e-09   33.8   0.0   166   255   238   324   220   326 0.83 -
Q9YHZ5               -            310 PK_Tyr_Ser-Thr       PF07714.23   258   4.3e-24   83.8   0.0   1   1   3.8e-24   1.3e-23   82.2   0.0     3   256    32   286    30   287 0.83 -
P75524               -            389 PK_Tyr_Ser-Thr       PF07714.23   258   4.4e-24   83.7   0.1   1   1     3e-24     1e-23   82.5   0.1    26   242    47   300    37   309 0.78 -
Q9WUM7               -           1168 PK_Tyr_Ser-Thr       PF07714.23   258   4.7e-24   83.6   0.0   1   1   2.3e-24   7.6e-24   82.9   0.0     4   225   202   421   199   428 0.83 -
Q9LYN6               -            499 PK_Tyr_Ser-Thr       PF07714.23   258   4.7e-24   83.6   0.0   1   1   5.9e-24     2e-23   81.6   0.0     3   257   210   469   209   470 0.77 -
Q9H2X6               -           1198 PK_Tyr_Ser-Thr       PF07714.23   258   4.8e-24   83.6   0.0   1   1   2.3e-24   7.9e-24   82.9   0.0     4   225   202   421   199   428 0.83 -
Q54EG9               -            965 PK_Tyr_Ser-Thr       PF07714.23   258   5.1e-24   83.5   0.0   1   1   2.6e-24   8.8e-24   82.7   0.0     2   256   460   729   459   731 0.82 -
Q96RG2               -           1323 PK_Tyr_Ser-Thr       PF07714.23   258   5.1e-24   83.5   0.0   1   1   2.4e-24   8.2e-24   82.8   0.0     4   255  1002  1246   999  1248 0.84 -
Q55FV4               -            530 PK_Tyr_Ser-Thr       PF07714.23   258   5.1e-24   83.5   0.0   1   1   2.4e-24   8.1e-24   82.8   0.0    44   245    48   253    17   263 0.83 -
P9WI75               -            476 PK_Tyr_Ser-Thr       PF07714.23   258   5.6e-24   83.4   0.0   1   1   2.2e-24   7.6e-24   82.9   0.0     2   218    13   231    12   265 0.88 -
O94537               -           1072 PK_Tyr_Ser-Thr       PF07714.23   258   7.1e-24   83.0   0.0   1   1   4.3e-24   1.5e-23   82.0   0.0     5   255   658   933   654   935 0.84 -
Q557G1               -           1448 PK_Tyr_Ser-Thr       PF07714.23   258   7.8e-24   82.9   0.0   1   1   7.6e-24   2.6e-23   81.2   0.0     5   256  1031  1289  1028  1290 0.84 -
Q9H422               -           1215 PK_Tyr_Ser-Thr       PF07714.23   258   8.9e-24   82.7   0.0   1   1   4.2e-24   1.4e-23   82.0   0.0     5   224   201   418   197   431 0.83 -
O94235               -            678 PK_Tyr_Ser-Thr       PF07714.23   258   9.2e-24   82.7   0.3   1   1   8.3e-23   2.8e-22   77.8   0.3    26   254   337   597   317   600 0.75 -
Q03533               -            586 PK_Tyr_Ser-Thr       PF07714.23   258   1.3e-23   82.2   0.9   1   1   1.5e-21     5e-21   73.7   0.4     3   256    41   347    39   348 0.77 -
Q5AP97               -           1178 PK_Tyr_Ser-Thr       PF07714.23   258   1.3e-23   82.1   0.0   1   1   7.2e-24   2.4e-23   81.3   0.0     4   200   794   999   791  1018 0.83 -
P83098               -            346 PK_Tyr_Ser-Thr       PF07714.23   258   1.4e-23   82.0   0.4   1   1   9.8e-24   3.3e-23   80.8   0.4     3   213    12   223    10   295 0.89 -
Q9LX30               -           1241 PK_Tyr_Ser-Thr       PF07714.23   258   1.7e-23   81.8   0.0   1   2   1.1e-05   3.7e-05   21.7   0.0     4    71   428   492   425   497 0.84 -
Q9LX30               -           1241 PK_Tyr_Ser-Thr       PF07714.23   258   1.7e-23   81.8   0.0   2   2   1.5e-16     5e-16   57.3   0.0    74   256   535   727   530   729 0.81 -
Q54HD2               -           2112 PK_Tyr_Ser-Thr       PF07714.23   258   1.7e-23   81.8   0.5   1   2   1.5e-16   5.1e-16   57.3   0.1     4   158  1558  1716  1555  1725 0.78 -
Q54HD2               -           2112 PK_Tyr_Ser-Thr       PF07714.23   258   1.7e-23   81.8   0.5   2   2   7.6e-06   2.6e-05   22.2   0.0   167   217  1777  1826  1763  1854 0.88 -
Q54WE5               -            811 PK_Tyr_Ser-Thr       PF07714.23   258     2e-23   81.5   0.1   1   1   5.7e-23   1.9e-22   78.3   0.1     5   218   494   706   490   724 0.83 -
Q55CW2               -            875 PK_Tyr_Ser-Thr       PF07714.23   258   2.2e-23   81.4   6.6   1   2   1.8e-18   6.2e-18   63.6   0.0    23   162   199   336   184   344 0.86 -
Q55CW2               -            875 PK_Tyr_Ser-Thr       PF07714.23   258   2.2e-23   81.4   6.6   2   2   1.6e-05   5.4e-05   21.1   0.0   155   199   359   404   352   411 0.82 -
P31374               -           1356 PK_Tyr_Ser-Thr       PF07714.23   258   2.7e-23   81.2   0.0   1   1   1.2e-23   4.1e-23   80.5   0.0     4   251  1099  1345  1096  1351 0.79 -
Q9LVN2               -            785 PK_Tyr_Ser-Thr       PF07714.23   258   2.8e-23   81.1   0.0   1   1   1.3e-23   4.3e-23   80.5   0.0    30   256   545   776   524   778 0.87 -
P09251               -            393 PK_Tyr_Ser-Thr       PF07714.23   258   2.9e-23   81.0   0.0   1   1   1.5e-23     5e-23   80.2   0.0    27   203   115   280    99   298 0.86 -
Q12100               -            620 PK_Tyr_Ser-Thr       PF07714.23   258   3.1e-23   80.9   0.0   1   1   1.5e-23     5e-23   80.3   0.0     5   198   306   504   304   544 0.81 -
P38080               -           1108 PK_Tyr_Ser-Thr       PF07714.23   258   4.8e-23   80.3   0.0   1   1   1.4e-23   4.8e-23   80.3   0.0     4   256    38   315    35   317 0.77 -
Q1LX51               -            532 PK_Tyr_Ser-Thr       PF07714.23   258     5e-23   80.2   0.0   1   1   2.3e-23   7.9e-23   79.6   0.0     6   255   193   455   190   457 0.89 -
P49657               -            908 PK_Tyr_Ser-Thr       PF07714.23   258   5.3e-23   80.2   0.0   1   1   2.3e-23   7.9e-23   79.6   0.0     3   219   166   380   164   394 0.83 -
Q05101               -            402 PK_Tyr_Ser-Thr       PF07714.23   258   5.7e-23   80.1   0.0   1   1   2.5e-23   8.3e-23   79.5   0.0     6   198   107   289   102   335 0.90 -
P24381               -            390 PK_Tyr_Ser-Thr       PF07714.23   258   5.8e-23   80.0   0.0   1   1   2.7e-23     9e-23   79.4   0.0     4   202   112   295   109   305 0.88 -
P22211               -            790 PK_Tyr_Ser-Thr       PF07714.23   258   5.8e-23   80.0   0.0   1   1   2.7e-23   9.1e-23   79.4   0.0     2   193   439   630   438   646 0.84 -
Q55CW1               -            553 PK_Tyr_Ser-Thr       PF07714.23   258   5.9e-23   80.0   0.0   1   1   2.5e-23   8.3e-23   79.5   0.0     4   256   137   389   134   391 0.84 -
Q08DZ2               -           1008 PK_Tyr_Ser-Thr       PF07714.23   258   6.4e-23   79.9   0.0   1   1   6.7e-23   2.3e-22   78.1   0.0     8   218   695   903   690   917 0.85 -
Q9SF12               -            554 PK_Tyr_Ser-Thr       PF07714.23   258   6.8e-23   79.8   0.0   1   1     3e-23     1e-22   79.2   0.0    14   254   135   402   121   405 0.86 -
Q84VX4               -            777 PK_Tyr_Ser-Thr       PF07714.23   258   7.7e-23   79.6   0.1   1   1   2.5e-22   8.6e-22   76.2   0.1     6   256   405   689   400   690 0.78 -
E1BTE1               -            565 PK_Tyr_Ser-Thr       PF07714.23   258   8.8e-23   79.4   0.0   1   1   4.5e-23   1.5e-22   78.7   0.0     5   256   221   485   218   486 0.89 -
Q3UHL1               -            512 PK_Tyr_Ser-Thr       PF07714.23   258     9e-23   79.4   0.0   1   1   3.7e-23   1.3e-22   78.9   0.0     5   253    28   279    24   283 0.85 -
O43781               -            588 PK_Tyr_Ser-Thr       PF07714.23   258   1.1e-22   79.1   0.0   1   1   7.8e-23   2.6e-22   77.9   0.0     3   226   211   430   209   437 0.81 -
S8EUF0               -           1298 PK_Tyr_Ser-Thr       PF07714.23   258   1.2e-22   79.0   0.0   1   2     2e-21   6.7e-21   73.3   0.0    23   152   129   261   115   267 0.87 -
S8EUF0               -           1298 PK_Tyr_Ser-Thr       PF07714.23   258   1.2e-22   79.0   0.0   2   2       8.3        28    2.4   0.0   160   198   351   391   338   409 0.78 -
G0RBE3               -           1243 PK_Tyr_Ser-Thr       PF07714.23   258   1.4e-22   78.8   0.0   1   1     1e-20   3.4e-20   71.0   0.0     4   255   812  1100   809  1102 0.82 -
P38623               -            610 PK_Tyr_Ser-Thr       PF07714.23   258   1.5e-22   78.7   0.0   1   1   1.5e-21   5.1e-21   73.7   0.0     2   222   164   437   163   474 0.82 -
Q03785               -            461 PK_Tyr_Ser-Thr       PF07714.23   258   1.8e-22   78.4   0.1   1   2      0.78       2.6    5.8   0.0     4    47    15    54    13    84 0.74 -
Q03785               -            461 PK_Tyr_Ser-Thr       PF07714.23   258   1.8e-22   78.4   0.1   2   2   2.3e-20   7.8e-20   69.8   0.0    49   257   106   329    90   330 0.84 -
B1WBU5               -            362 PK_Tyr_Ser-Thr       PF07714.23   258   2.1e-22   78.2   0.0   1   1   8.4e-23   2.8e-22   77.8   0.0     5   206    66   264    62   296 0.88 -
Q54Y06               -            636 PK_Tyr_Ser-Thr       PF07714.23   258   2.2e-22   78.2   0.0   1   1   6.5e-23   2.2e-22   78.2   0.0     3   219    66   273    64   290 0.86 -
Q8MQ70               -            846 PK_Tyr_Ser-Thr       PF07714.23   258   2.5e-22   78.0   0.0   1   1   1.1e-22   3.7e-22   77.4   0.0     4   227   150   371   147   393 0.82 -
Q62070               -            370 PK_Tyr_Ser-Thr       PF07714.23   258   3.1e-22   77.7   0.0   1   1   1.3e-22   4.6e-22   77.1   0.0     5   255    95   340    91   342 0.84 -
Q12222               -            375 PK_Tyr_Ser-Thr       PF07714.23   258   3.1e-22   77.6   0.0   1   1   1.3e-22   4.2e-22   77.2   0.0     3   217    43   261    41   289 0.79 -
Q8SQZ4               -            405 PK_Tyr_Ser-Thr       PF07714.23   258   3.4e-22   77.5   0.0   1   1   1.5e-22   5.2e-22   76.9   0.0     4   212    43   244    40   251 0.84 -
P50873               -            501 PK_Tyr_Ser-Thr       PF07714.23   258     4e-22   77.3   0.0   1   1   2.1e-22     7e-22   76.5   0.0     4   199   167   360   165   381 0.83 -
Q9V3D5               -            722 PK_Tyr_Ser-Thr       PF07714.23   258   4.1e-22   77.2   0.0   1   1   3.7e-22   1.3e-21   75.7   0.0     3   201   200   394   198   418 0.83 -
Q8RWH3               -            956 PK_Tyr_Ser-Thr       PF07714.23   258   5.8e-22   76.8   0.0   1   1   2.7e-22   9.1e-22   76.1   0.0     4   216   125   335   122   356 0.81 -
Q12310               -            699 PK_Tyr_Ser-Thr       PF07714.23   258   6.8e-22   76.5   0.1   1   1   6.2e-22   2.1e-21   74.9   0.0     5   210   365   571   362   587 0.81 -
A0A509AH51           -           2724 PK_Tyr_Ser-Thr       PF07714.23   258   8.1e-22   76.3   7.1   1   3      0.19      0.66    7.8   0.1     7    68    37    99    32   108 0.71 -
A0A509AH51           -           2724 PK_Tyr_Ser-Thr       PF07714.23   258   8.1e-22   76.3   7.1   2   3   1.2e-14     4e-14   51.1   1.1    73   163  2177  2265  2122  2271 0.82 -
A0A509AH51           -           2724 PK_Tyr_Ser-Thr       PF07714.23   258   8.1e-22   76.3   7.1   3   3   0.00034    0.0011   16.8   0.0   151   257  2607  2710  2597  2711 0.85 -
Q09815               -            836 PK_Tyr_Ser-Thr       PF07714.23   258     1e-21   75.9   0.0   1   1   2.8e-21   9.4e-21   72.8   0.0     3   207   520   720   518   737 0.82 -
O54992               -            473 PK_Tyr_Ser-Thr       PF07714.23   258   1.1e-21   75.9   1.0   1   1   1.8e-21   6.1e-21   73.4   0.2     2   253    23   297    22   301 0.77 -
Q54R98               -            663 PK_Tyr_Ser-Thr       PF07714.23   258   1.1e-21   75.8   0.0   1   1   5.3e-22   1.8e-21   75.2   0.0     2   258   313   583   312   583 0.79 -
P0C1B1               -            902 PK_Tyr_Ser-Thr       PF07714.23   258   1.5e-21   75.4   0.1   1   2   1.1e-13   3.8e-13   47.9   0.1     7   152   384   552   378   567 0.76 -
P0C1B1               -            902 PK_Tyr_Ser-Thr       PF07714.23   258   1.5e-21   75.4   0.1   2   2   2.9e-06   9.8e-06   23.6   0.0   154   219   621   685   613   700 0.79 -
P41720               -            274 PK_Tyr_Ser-Thr       PF07714.23   258   1.6e-21   75.4   0.0   1   1   6.1e-22   2.1e-21   75.0   0.0     9   208    25   207    18   230 0.79 -
Q54ZN3               -            998 PK_Tyr_Ser-Thr       PF07714.23   258   1.6e-21   75.3  10.0   1   2   2.5e-15   8.3e-15   53.3   0.2     5   135   512   639   508   658 0.89 -
Q54ZN3               -            998 PK_Tyr_Ser-Thr       PF07714.23   258   1.6e-21   75.3  10.0   2   2   1.2e-07   4.2e-07   28.1   0.0   140   256   728   845   713   846 0.81 -
Q99640               -            499 PK_Tyr_Ser-Thr       PF07714.23   258   1.6e-21   75.3   0.0   1   1   5.9e-22     2e-21   75.0   0.0     4   254   113   353   110   356 0.89 -
Q8NE28               -            680 PK_Tyr_Ser-Thr       PF07714.23   258   1.7e-21   75.3   2.7   1   1   5.1e-22   1.7e-21   75.2   1.2    23   255    46   292    35   294 0.76 -
Q54P47               -           1335 PK_Tyr_Ser-Thr       PF07714.23   258   1.8e-21   75.2   6.5   1   2   2.5e-17   8.6e-17   59.8   0.1     2   156   719   869   718   898 0.87 -
Q54P47               -           1335 PK_Tyr_Ser-Thr       PF07714.23   258   1.8e-21   75.2   6.5   2   2   0.00013   0.00044   18.2   0.0   167   226   921   980   891  1004 0.77 -
Q556Q3               -           1400 PK_Tyr_Ser-Thr       PF07714.23   258   1.9e-21   75.1   0.0   1   1   5.6e-22   1.9e-21   75.1   0.0     5   256   954  1231   951  1232 0.84 -
Q55F27               -            317 PK_Tyr_Ser-Thr       PF07714.23   258     2e-21   75.0   0.2   1   1   4.8e-21   1.6e-20   72.0   0.2    50   203    19   162     6   177 0.84 -
P51566               -            467 PK_Tyr_Ser-Thr       PF07714.23   258   2.1e-21   74.9   0.0   1   1   9.9e-20   3.3e-19   67.7   0.0     3   218   117   352   115   363 0.85 -
Q92630               -            601 PK_Tyr_Ser-Thr       PF07714.23   258   2.2e-21   74.8   0.0   1   1   1.3e-21   4.4e-21   73.9   0.0     3   201   224   418   222   443 0.81 -
Q54BC9               -            915 PK_Tyr_Ser-Thr       PF07714.23   258   2.3e-21   74.8   0.0   1   1   1.7e-21   5.7e-21   73.5   0.0     3   209   607   809   605   827 0.81 -
Q54DF7               -            495 PK_Tyr_Ser-Thr       PF07714.23   258   2.4e-21   74.8   0.0   1   1   1.2e-21     4e-21   74.0   0.0     3   255    18   272    16   275 0.87 -
Q8IMC6               -           1262 PK_Tyr_Ser-Thr       PF07714.23   258   2.6e-21   74.6   0.0   1   1   1.2e-21     4e-21   74.0   0.0     3   254   175   428   173   432 0.87 -
Q69IM9               -            577 PK_Tyr_Ser-Thr       PF07714.23   258   2.7e-21   74.6   0.0   1   1   1.2e-21   3.9e-21   74.0   0.0     3   256   107   364   105   365 0.82 -
Q66KH9               -            416 PK_Tyr_Ser-Thr       PF07714.23   258   4.9e-21   73.7   0.0   1   1   2.4e-21     8e-21   73.0   0.0     6   184    26   214    23   219 0.81 -
Q54DY0               -            669 PK_Tyr_Ser-Thr       PF07714.23   258   6.1e-21   73.4   0.2   1   1   2.2e-20   7.3e-20   69.9   0.3     4   143    16   157    13   179 0.92 -
Q09792               -            513 PK_Tyr_Ser-Thr       PF07714.23   258   6.1e-21   73.4   0.0   1   1   2.6e-21   8.9e-21   72.9   0.0    45   198   285   438   246   496 0.85 -
A0A178VE74           -            362 PK_Tyr_Ser-Thr       PF07714.23   258   6.7e-21   73.3   0.0   1   1   3.4e-21   1.2e-20   72.5   0.0    27   202    82   262    70   301 0.82 -
A8X4H1               -            904 PK_Tyr_Ser-Thr       PF07714.23   258   6.9e-21   73.2   0.0   1   1     2e-21   6.9e-21   73.2   0.0     5   216   371   580   367   594 0.79 -
G5EDB2               -            887 PK_Tyr_Ser-Thr       PF07714.23   258   7.6e-21   73.1   0.1   1   1   3.6e-21   1.2e-20   72.4   0.1     2   218   552   779   551   792 0.84 -
P97343               -            419 PK_Tyr_Ser-Thr       PF07714.23   258   7.6e-21   73.1   0.0   1   1   3.1e-21     1e-20   72.6   0.0     3   248    25   292    23   298 0.72 -
Q8WQL7               -            882 PK_Tyr_Ser-Thr       PF07714.23   258   8.6e-21   72.9   0.0   1   1   2.5e-21   8.6e-21   72.9   0.0     5   216   332   541   328   555 0.79 -
P04413               -            481 PK_Tyr_Ser-Thr       PF07714.23   258   8.6e-21   72.9   0.0   1   1   3.7e-21   1.2e-20   72.4   0.0    48   199   227   377   196   388 0.92 -
Q13627               -            763 PK_Tyr_Ser-Thr       PF07714.23   258   9.2e-21   72.8   0.0   1   1   4.3e-21   1.5e-20   72.2   0.0     3   217   161   373   159   387 0.81 -
P38691               -           1029 PK_Tyr_Ser-Thr       PF07714.23   258   9.4e-21   72.8   0.4   1   1   1.1e-20   3.6e-20   70.9   0.1    41   247   124   334   100   342 0.78 -
P54742               -            807 PK_Tyr_Ser-Thr       PF07714.23   258   1.1e-20   72.6   0.0   1   1   4.8e-21   1.6e-20   72.0   0.0     5   246    20   253    16   257 0.89 -
O59763               -            650 PK_Tyr_Ser-Thr       PF07714.23   258     2e-20   71.7   0.0   1   1   9.8e-21   3.3e-20   71.0   0.0     3   194   304   495   303   537 0.84 -
P49762               -            832 PK_Tyr_Ser-Thr       PF07714.23   258   3.3e-20   71.0   0.2   1   1   2.9e-20   9.8e-20   69.5   0.2     2   218   480   709   479   730 0.78 -
P54350               -            609 PK_Tyr_Ser-Thr       PF07714.23   258   3.5e-20   70.9   0.0   1   1   3.8e-20   1.3e-19   69.1   0.0     4   255   242   512   239   514 0.87 -
O35491               -            499 PK_Tyr_Ser-Thr       PF07714.23   258   3.6e-20   70.9   0.1   1   1   3.4e-20   1.1e-19   69.2   0.0     3   218   164   393   162   403 0.84 -
O31435               -            256 PK_Tyr_Ser-Thr       PF07714.23   258   3.8e-20   70.8   0.0   1   1   1.5e-20     5e-20   70.4   0.0     2   158    26   179    25   189 0.88 -
Q9P6P3               -            534 PK_Tyr_Ser-Thr       PF07714.23   258   4.5e-20   70.6   0.0   1   1     2e-20   6.7e-20   70.0   0.0     5   199   134   326   131   347 0.83 -
P14680               -            807 PK_Tyr_Ser-Thr       PF07714.23   258     5e-20   70.4   0.0   1   1   2.8e-20   9.4e-20   69.5   0.0     5   209   373   574   370   598 0.81 -
Q54QV3               -           1458 PK_Tyr_Ser-Thr       PF07714.23   258   5.1e-20   70.4   0.0   1   1   1.5e-20   5.1e-20   70.4   0.0     3   207   207   408   205   426 0.78 -
Q9VJ90               -            665 PK_Tyr_Ser-Thr       PF07714.23   258   5.6e-20   70.3   0.0   1   2   5.4e-17   1.8e-16   58.7   0.0     4   161   148   303   145   312 0.89 -
Q9VJ90               -            665 PK_Tyr_Ser-Thr       PF07714.23   258   5.6e-20   70.3   0.0   2   2       0.1      0.35    8.6   0.0   156   205   413   462   405   476 0.78 -
P83102               -            828 PK_Tyr_Ser-Thr       PF07714.23   258     6e-20   70.2   0.0   1   1     3e-20     1e-19   69.4   0.0     3   217   278   488   276   503 0.80 -
Q7T0B0               -            443 PK_Tyr_Ser-Thr       PF07714.23   258   7.9e-20   69.8   0.0   1   1   3.1e-20   1.1e-19   69.4   0.0    40   258    82   328    41   328 0.89 -
Q5TCY1               -           1321 PK_Tyr_Ser-Thr       PF07714.23   258   8.3e-20   69.7   0.0   1   1   3.2e-20   1.1e-19   69.3   0.0     3   239    36   274    34   293 0.84 -
Q5UQC1               -            633 PK_Tyr_Ser-Thr       PF07714.23   258   8.6e-20   69.6   0.0   1   1   4.6e-20   1.5e-19   68.8   0.0     3   195    12   199    10   230 0.78 -
P54199               -            764 PK_Tyr_Ser-Thr       PF07714.23   258   1.1e-19   69.2   0.0   1   1   2.7e-19   9.2e-19   66.3   0.0     4   255   443   711   440   714 0.82 -
Q54B48               -           1592 PK_Tyr_Ser-Thr       PF07714.23   258   1.2e-19   69.2   0.4   1   2   7.1e-09   2.4e-08   32.1   0.1    49   195    80   230    45   252 0.87 -
Q54B48               -           1592 PK_Tyr_Ser-Thr       PF07714.23   258   1.2e-19   69.2   0.4   2   2   1.3e-09   4.5e-09   34.5   0.0    43   157  1391  1504  1369  1587 0.81 -
Q54XS3               -           1661 PK_Tyr_Ser-Thr       PF07714.23   258   1.4e-19   68.9   0.3   1   1   1.7e-19   5.6e-19   67.0   0.1    28   145  1393  1513  1378  1536 0.86 -
P36615               -            306 PK_Tyr_Ser-Thr       PF07714.23   258   1.6e-19   68.8   0.0   1   1     6e-20     2e-19   68.4   0.0     4   200    14   205    11   215 0.84 -
Q76NV1               -            836 PK_Tyr_Ser-Thr       PF07714.23   258     2e-19   68.5   0.0   1   1   5.9e-20     2e-19   68.5   0.0     2   219   305   520   304   533 0.80 -
Q20443               -            441 PK_Tyr_Ser-Thr       PF07714.23   258   2.7e-19   68.0   0.0   1   1   1.4e-19   4.8e-19   67.2   0.0     2   256    32   281    31   282 0.85 -
Q8LFN2               -            802 PK_Tyr_Ser-Thr       PF07714.23   258   2.7e-19   68.0   0.0   1   1   3.7e-19   1.3e-18   65.8   0.0     6   256   482   746   477   748 0.75 -
Q388M1               -            352 PK_Tyr_Ser-Thr       PF07714.23   258   2.7e-19   68.0   0.0   1   1   1.3e-19   4.3e-19   67.4   0.0     3   202    22   225    20   264 0.76 -
Q54U65               -            704 PK_Tyr_Ser-Thr       PF07714.23   258   2.9e-19   67.9   0.0   1   2   8.9e-17     3e-16   58.0   0.0     2   154   318   537   317   551 0.89 -
Q54U65               -            704 PK_Tyr_Ser-Thr       PF07714.23   258   2.9e-19   67.9   0.0   2   2      0.19      0.64    7.8   0.0   154   250   561   672   552   680 0.79 -
Q08732               -            759 PK_Tyr_Ser-Thr       PF07714.23   258   3.2e-19   67.8   0.6   1   1   2.7e-19     9e-19   66.3   0.0     3   194   217   411   216   427 0.82 -
Q54FH3               -            419 PK_Tyr_Ser-Thr       PF07714.23   258   5.1e-19   67.1   0.0   1   2   1.5e-11   5.1e-11   40.9   0.0     3   152    42   198    40   207 0.80 -
Q54FH3               -            419 PK_Tyr_Ser-Thr       PF07714.23   258   5.1e-19   67.1   0.0   2   2   1.8e-06   6.2e-06   24.2   0.0   168   255   289   382   277   384 0.78 -
O70444               -            326 PK_Tyr_Ser-Thr       PF07714.23   258   5.6e-19   67.0   0.0   1   1   2.7e-19   9.3e-19   66.3   0.0     3   255    42   288    40   290 0.83 -
C0LGU7               -            695 PK_Tyr_Ser-Thr       PF07714.23   258   8.1e-19   66.5   0.0   1   1   7.1e-19   2.4e-18   64.9   0.0    14   258   414   664   412   664 0.81 -
Q12003               -            364 PK_Tyr_Ser-Thr       PF07714.23   258   8.4e-19   66.4   0.0   1   1   8.3e-19   2.8e-18   64.7   0.0     3   257    32   358    30   359 0.81 -
P74745               -            535 PK_Tyr_Ser-Thr       PF07714.23   258   9.2e-19   66.3   0.0   1   1   3.7e-19   1.3e-18   65.8   0.0     3   250    14   264    12   272 0.84 -
Q76MJ5               -            926 PK_Tyr_Ser-Thr       PF07714.23   258   1.1e-18   66.0   0.0   1   1   4.7e-19   1.6e-18   65.5   0.0     5   207   524   726   520   773 0.85 -
Q4WKP8               -           1165 PK_Tyr_Ser-Thr       PF07714.23   258   1.5e-18   65.5   0.0   1   2   5.8e-17     2e-16   58.6   0.0     6   179   716   894   712   900 0.83 -
Q4WKP8               -           1165 PK_Tyr_Ser-Thr       PF07714.23   258   1.5e-18   65.5   0.0   2   2       1.9       6.3    4.5   0.0   178   212   921   955   916   997 0.69 -
O76324               -            440 PK_Tyr_Ser-Thr       PF07714.23   258   1.7e-18   65.4   0.0   1   1   6.8e-19   2.3e-18   65.0   0.0     3   256    11   271     9   273 0.82 -
P32801               -            640 PK_Tyr_Ser-Thr       PF07714.23   258     2e-18   65.2   0.0   1   2       0.9         3    5.6   0.0     7    53    94   139    88   149 0.70 -
P32801               -            640 PK_Tyr_Ser-Thr       PF07714.23   258     2e-18   65.2   0.0   2   2   1.6e-16   5.5e-16   57.2   0.0    56   257   173   405   143   406 0.74 -
O10269               -            274 PK_Tyr_Ser-Thr       PF07714.23   258     2e-18   65.2   0.0   1   1   7.2e-19   2.4e-18   64.9   0.0    51   238    57   239    21   247 0.84 -
P54734               -            564 PK_Tyr_Ser-Thr       PF07714.23   258   2.5e-18   64.8   0.0   1   1   9.8e-19   3.3e-18   64.4   0.0     3   250    11   261     9   270 0.83 -
O64816               -            432 PK_Tyr_Ser-Thr       PF07714.23   258   2.7e-18   64.7   0.0   1   1   1.7e-18   5.9e-18   63.6   0.0     3   210   134   331   132   349 0.84 -
Q8BI55               -            632 PK_Tyr_Ser-Thr       PF07714.23   258   3.4e-18   64.4   0.1   1   1   2.1e-18   7.2e-18   63.4   0.1     3   208   221   422   219   444 0.80 -
Q9UTE5               -            639 PK_Tyr_Ser-Thr       PF07714.23   258     4e-18   64.2   0.0   1   2   1.6e-06   5.5e-06   24.4   0.0     5    72   175   238   171   255 0.86 -
Q9UTE5               -            639 PK_Tyr_Ser-Thr       PF07714.23   258     4e-18   64.2   0.0   2   2     2e-10   6.8e-10   37.2   0.0    85   255   367   582   344   584 0.74 -
P15790               -            372 PK_Tyr_Ser-Thr       PF07714.23   258   4.2e-18   64.1   1.8   1   2   0.00017   0.00057   17.8   0.5     2    63    41    94    40   108 0.88 -
P15790               -            372 PK_Tyr_Ser-Thr       PF07714.23   258   4.2e-18   64.1   1.8   2   2   6.1e-13   2.1e-12   45.5   0.0    59   212   129   279   102   295 0.80 -
Q6IQ55               -           1244 PK_Tyr_Ser-Thr       PF07714.23   258   5.6e-18   63.7   0.0   1   1   2.7e-18   9.2e-18   63.0   0.0     3   223    23   244    21   276 0.86 -
P47042               -            667 PK_Tyr_Ser-Thr       PF07714.23   258     6e-18   63.6   0.0   1   1   7.6e-17   2.6e-16   58.3   0.0     3   258   175   526   173   526 0.89 -
P36003               -            928 PK_Tyr_Ser-Thr       PF07714.23   258   6.9e-18   63.4   0.0   1   2   2.6e-15   8.7e-15   53.2   0.0     3   161   451   619   449   625 0.84 -
P36003               -            928 PK_Tyr_Ser-Thr       PF07714.23   258   6.9e-18   63.4   0.0   2   2      0.18      0.62    7.8   0.0   184   257   826   911   822   912 0.73 -
E0W1I1               -            575 PK_Tyr_Ser-Thr       PF07714.23   258   7.2e-18   63.3   0.0   1   2      0.11      0.38    8.6   0.0     2    51   160   210   159   235 0.75 -
E0W1I1               -            575 PK_Tyr_Ser-Thr       PF07714.23   258   7.2e-18   63.3   0.0   2   2   7.2e-15   2.4e-14   51.8   0.0    78   249   288   470   280   477 0.83 -
Q12505               -            502 PK_Tyr_Ser-Thr       PF07714.23   258   7.2e-18   63.3   0.0   1   2         9        30    2.3   0.0     3    41    12    46    10    67 0.76 -
Q12505               -            502 PK_Tyr_Ser-Thr       PF07714.23   258   7.2e-18   63.3   0.0   2   2   2.1e-18   7.2e-18   63.3   0.0    55   257   114   330    93   331 0.84 -
Q55G97               -           1033 PK_Tyr_Ser-Thr       PF07714.23   258     8e-18   63.2   0.0   1   1   4.2e-17   1.4e-16   59.1   0.0    45   215   119   293   111   319 0.80 -
D6WMX4               -            570 PK_Tyr_Ser-Thr       PF07714.23   258   8.9e-18   63.0   0.0   1   1   6.5e-17   2.2e-16   58.5   0.0     2   249   163   471   162   476 0.82 -
Q7XJT7               -            465 PK_Tyr_Ser-Thr       PF07714.23   258   8.9e-18   63.0   0.0   1   2   5.2e-16   1.8e-15   55.5   0.0    15   157    64   202    56   212 0.89 -
Q7XJT7               -            465 PK_Tyr_Ser-Thr       PF07714.23   258   8.9e-18   63.0   0.0   2   2      0.79       2.7    5.8   0.0   187   258   213   288   202   288 0.82 -
Q8VZF4               -            355 PK_Tyr_Ser-Thr       PF07714.23   258   9.6e-18   62.9   0.0   1   1   6.3e-18   2.1e-17   61.8   0.0    33   258    93   345    80   345 0.79 -
Q6FJ85               -            766 PK_Tyr_Ser-Thr       PF07714.23   258   1.3e-17   62.5   0.0   1   1   8.1e-18   2.8e-17   61.4   0.0     6   204   454   683   450   749 0.69 -
A7TGR2               -            758 PK_Tyr_Ser-Thr       PF07714.23   258   1.6e-17   62.2   0.0   1   1     1e-17   3.4e-17   61.1   0.0     6   199   447   671   443   741 0.70 -
Q10156               -            690 PK_Tyr_Ser-Thr       PF07714.23   258   1.7e-17   62.1   0.0   1   1   9.7e-18   3.3e-17   61.2   0.0     3   216   364   590   362   597 0.83 -
Q9XTF3               -            817 PK_Tyr_Ser-Thr       PF07714.23   258   2.1e-17   61.8   0.0   1   1   1.5e-17   5.1e-17   60.6   0.0     3   227   463   683   461   690 0.80 -
P0C5K0               -            361 PK_Tyr_Ser-Thr       PF07714.23   258   2.3e-17   61.7   0.0   1   1   9.3e-18   3.1e-17   61.3   0.0     3   197    45   235    43   267 0.86 -
P38970               -            855 PK_Tyr_Ser-Thr       PF07714.23   258   2.6e-17   61.5   0.0   1   1   2.9e-17     1e-16   59.6   0.0    58   202   598   766   594   834 0.77 -
P54735               -            505 PK_Tyr_Ser-Thr       PF07714.23   258   3.2e-17   61.2   0.0   1   1   1.7e-17   5.8e-17   60.4   0.0     3   250    11   258     9   266 0.76 -
Q8I265               -           1595 PK_Tyr_Ser-Thr       PF07714.23   258   3.5e-17   61.1   5.8   1   2   1.7e-13   5.7e-13   47.3   0.3    75   166  1325  1414  1305  1427 0.87 -
Q8I265               -           1595 PK_Tyr_Ser-Thr       PF07714.23   258   3.5e-17   61.1   5.8   2   2    0.0046     0.016   13.1   0.0   160   209  1494  1543  1458  1572 0.83 -
C0LGH8               -            664 PK_Tyr_Ser-Thr       PF07714.23   258   3.6e-17   61.1   0.0   1   1   1.7e-17   5.6e-17   60.4   0.0     5   207   364   569   361   627 0.82 -
Q54ET3               -            369 PK_Tyr_Ser-Thr       PF07714.23   258   3.7e-17   61.0   0.0   1   2   1.1e-12   3.9e-12   44.6   0.0     3   137    24   169    22   180 0.88 -
Q54ET3               -            369 PK_Tyr_Ser-Thr       PF07714.23   258   3.7e-17   61.0   0.0   2   2    0.0017    0.0057   14.5   0.0   159   257   256   362   232   363 0.73 -
Q00094               -            962 PK_Tyr_Ser-Thr       PF07714.23   258   3.8e-17   61.0   0.0   1   1   3.5e-17   1.2e-16   59.4   0.0     5   216   305   518   301   592 0.81 -
Q757X8               -            683 PK_Tyr_Ser-Thr       PF07714.23   258   4.3e-17   60.8   0.0   1   1     5e-17   1.7e-16   58.9   0.0    57   197   447   595   365   666 0.76 -
Q5Z754               -            479 PK_Tyr_Ser-Thr       PF07714.23   258   4.7e-17   60.7   0.0   1   2   4.5e-14   1.5e-13   49.2   0.0     7   159    30   178    24   194 0.88 -
Q5Z754               -            479 PK_Tyr_Ser-Thr       PF07714.23   258   4.7e-17   60.7   0.0   2   2     0.066      0.22    9.3   0.0   168   200   296   330   281   347 0.85 -
F4J3H7               -            269 PK_Tyr_Ser-Thr       PF07714.23   258   5.1e-17   60.6   0.0   1   1   2.4e-17     8e-17   59.9   0.0    24   152    96   230    87   239 0.88 -
O80345               -            479 PK_Tyr_Ser-Thr       PF07714.23   258   5.1e-17   60.5   0.0   1   2   8.4e-15   2.8e-14   51.6   0.0     4   164    24   183    21   188 0.89 -
O80345               -            479 PK_Tyr_Ser-Thr       PF07714.23   258   5.1e-17   60.5   0.0   2   2      0.42       1.4    6.7   0.0   166   200   293   329   272   353 0.76 -
C0LGJ9               -            742 PK_Tyr_Ser-Thr       PF07714.23   258   5.6e-17   60.4   0.2   1   1   4.9e-16   1.6e-15   55.6   0.2    20   205   467   647   459   716 0.74 -
P32742               -            820 PK_Tyr_Ser-Thr       PF07714.23   258   6.4e-17   60.2   0.0   1   1   5.1e-17   1.7e-16   58.8   0.0     4   212    24   258    21   279 0.82 -
Q6FQH2               -            813 PK_Tyr_Ser-Thr       PF07714.23   258   6.5e-17   60.2   0.0   1   1   9.6e-17   3.2e-16   57.9   0.1    56   254   574   794   552   797 0.72 -
Q9W3Y1               -            700 PK_Tyr_Ser-Thr       PF07714.23   258   8.4e-17   59.8   2.7   1   2   4.5e-15   1.5e-14   52.5   0.0     3   153   129   277   127   292 0.88 -
Q9W3Y1               -            700 PK_Tyr_Ser-Thr       PF07714.23   258   8.4e-17   59.8   2.7   2   2      0.52       1.8    6.4   0.0   168   200   472   505   442   523 0.79 -
P36004               -            724 PK_Tyr_Ser-Thr       PF07714.23   258   9.2e-17   59.7   0.0   1   1   5.1e-17   1.7e-16   58.8   0.0     7   218   418   663   415   708 0.75 -
P74297               -            574 PK_Tyr_Ser-Thr       PF07714.23   258   9.3e-17   59.7   0.0   1   1   4.1e-17   1.4e-16   59.1   0.0     6   206    39   248    35   292 0.77 -
Q54LR6               -            605 PK_Tyr_Ser-Thr       PF07714.23   258   9.5e-17   59.7   2.4   1   1   4.7e-17   1.6e-16   58.9   0.0     3   196   314   497   312   520 0.86 -
P93756               -            764 PK_Tyr_Ser-Thr       PF07714.23   258   1.5e-16   59.0   0.0   1   1   1.1e-16   3.6e-16   57.8   0.0    19   149   516   644   509   663 0.86 -
P40236               -            400 PK_Tyr_Ser-Thr       PF07714.23   258   1.8e-16   58.8   0.0   1   1   6.5e-17   2.2e-16   58.5   0.0     3   217    14   226    12   273 0.82 -
Q9CAI5               -            465 PK_Tyr_Ser-Thr       PF07714.23   258   1.8e-16   58.8   0.0   1   1   6.3e-17   2.1e-16   58.5   0.0     2   222    10   232     9   272 0.76 -
Q6UDG0               -            492 PK_Tyr_Ser-Thr       PF07714.23   258   1.9e-16   58.7   0.0   1   1   7.9e-17   2.7e-16   58.2   0.0     6   208   152   361   147   378 0.83 -
O00311               -            574 PK_Tyr_Ser-Thr       PF07714.23   258     2e-16   58.6   0.0   1   2   1.3e-13   4.3e-13   47.7   0.1     2   155    59   206    58   225 0.90 -
O00311               -            574 PK_Tyr_Ser-Thr       PF07714.23   258     2e-16   58.6   0.0   2   2      0.24      0.82    7.5   0.0   170   210   379   419   358   444 0.81 -
Q9P7X5               -            749 PK_Tyr_Ser-Thr       PF07714.23   258   3.2e-16   57.9   0.0   1   1   1.6e-16   5.4e-16   57.2   0.0    46   255    76   312    40   314 0.83 -
O13889               -            704 PK_Tyr_Ser-Thr       PF07714.23   258   5.8e-16   57.1   0.0   1   2   0.00032    0.0011   16.9   0.0     4    68   227   288   224   296 0.85 -
O13889               -            704 PK_Tyr_Ser-Thr       PF07714.23   258   5.8e-16   57.1   0.0   2   2   1.8e-10   6.2e-10   37.3   0.0   105   255   468   658   409   661 0.75 -
Q54C38               -           1371 PK_Tyr_Ser-Thr       PF07714.23   258     1e-15   56.3   0.3   1   2   7.9e-08   2.7e-07   28.7   0.0    50   208    58   222    17   246 0.74 -
Q54C38               -           1371 PK_Tyr_Ser-Thr       PF07714.23   258     1e-15   56.3   0.3   2   2   9.2e-07   3.1e-06   25.2   0.1    63   199  1199  1342  1173  1367 0.67 -
Q20471               -            497 PK_Tyr_Ser-Thr       PF07714.23   258     1e-15   56.3   0.0   1   1     4e-16   1.4e-15   55.9   0.0     2   226   192   418   191   454 0.75 -
Q45FA5               -            426 PK_Tyr_Ser-Thr       PF07714.23   258   1.1e-15   56.2   0.4   1   1   4.5e-14   1.5e-13   49.2   0.2     3   201    58   312    56   328 0.83 -
Q09690               -           1087 PK_Tyr_Ser-Thr       PF07714.23   258   1.2e-15   56.0   0.0   1   1     1e-15   3.5e-15   54.5   0.0     5   211   703   905   699   916 0.78 -
Q556Y4               -            426 PK_Tyr_Ser-Thr       PF07714.23   258   1.4e-15   55.8   0.0   1   1   1.1e-15   3.6e-15   54.5   0.0     3   221    11   229     9   273 0.78 -
A0A509AMC3           -           2591 PK_Tyr_Ser-Thr       PF07714.23   258     2e-15   55.3   0.0   1   3     0.022     0.074   10.9   0.0     5    99  1878  1971  1874  1999 0.79 -
A0A509AMC3           -           2591 PK_Tyr_Ser-Thr       PF07714.23   258     2e-15   55.3   0.0   2   3   2.2e-09   7.5e-09   33.8   0.0    76   158  2306  2401  2256  2411 0.82 -
A0A509AMC3           -           2591 PK_Tyr_Ser-Thr       PF07714.23   258     2e-15   55.3   0.0   3   3      0.66       2.2    6.0   0.0   180   257  2447  2523  2420  2524 0.82 -
Q54PK8               -           1212 PK_Tyr_Ser-Thr       PF07714.23   258   2.1e-15   55.3   0.0   1   1   1.1e-15   3.6e-15   54.5   0.0    38   257   947  1177   926  1178 0.79 -
Q8SQR2               -            318 PK_Tyr_Ser-Thr       PF07714.23   258   2.5e-15   55.0   0.0   1   1   9.8e-16   3.3e-15   54.6   0.0     3   151    10   153     8   175 0.91 -
Q555U5               -            854 PK_Tyr_Ser-Thr       PF07714.23   258   2.6e-15   54.9   3.9   1   2   1.1e-05   3.6e-05   21.7   0.3    76   159    36   118    15   129 0.81 -
Q555U5               -            854 PK_Tyr_Ser-Thr       PF07714.23   258   2.6e-15   54.9   3.9   2   2   2.6e-09   8.9e-09   33.5   0.0   159   250   157   256   134   262 0.72 -
Q6CXN5               -            772 PK_Tyr_Ser-Thr       PF07714.23   258     3e-15   54.8   0.0   1   1   1.9e-15   6.4e-15   53.7   0.0    59   194   538   680   531   755 0.75 -
Q8SS96               -            304 PK_Tyr_Ser-Thr       PF07714.23   258   5.4e-15   53.9   0.0   1   1   1.9e-15   6.6e-15   53.6   0.0     1   219     8   226     8   249 0.83 -
Q8S8N4               -            633 PK_Tyr_Ser-Thr       PF07714.23   258   5.7e-15   53.8   0.0   1   1   5.9e-15     2e-14   52.1   0.0     4   153   358   502   355   511 0.87 -
P35507               -            336 PK_Tyr_Ser-Thr       PF07714.23   258   6.1e-15   53.8   0.0   1   1   2.4e-15   8.1e-15   53.4   0.0     2   254    18   277    17   281 0.76 -
O64798               -            389 PK_Tyr_Ser-Thr       PF07714.23   258   6.3e-15   53.7   0.0   1   1   2.8e-15   9.6e-15   53.1   0.0    24   195    73   242    65   276 0.82 -
Q5RD27               -            655 PK_Tyr_Ser-Thr       PF07714.23   258   6.7e-15   53.6   0.0   1   2   3.2e-11   1.1e-10   39.8   0.0     3   139    82   225    80   229 0.83 -
Q5RD27               -            655 PK_Tyr_Ser-Thr       PF07714.23   258   6.7e-15   53.6   0.0   2   2     0.018     0.061   11.1   0.0   137   202   489   548   474   563 0.79 -
Q4J9K4               -            623 PK_Tyr_Ser-Thr       PF07714.23   258   6.7e-15   53.6   0.0   1   1   7.4e-15   2.5e-14   51.7   0.0     5   250   321   613   317   621 0.72 -
P43568               -            368 PK_Tyr_Ser-Thr       PF07714.23   258   8.3e-15   53.3   0.0   1   1   3.6e-15   1.2e-14   52.8   0.0    32   194    29   234    12   250 0.80 -
P36616               -            544 PK_Tyr_Ser-Thr       PF07714.23   258   8.8e-15   53.2   0.0   1   2   4.3e-10   1.5e-09   36.1   0.0     3   136    83   223    81   248 0.82 -
P36616               -            544 PK_Tyr_Ser-Thr       PF07714.23   258   8.8e-15   53.2   0.0   2   2    0.0013    0.0044   14.9   0.0   140   201   355   410   346   426 0.83 -
P32350               -            737 PK_Tyr_Ser-Thr       PF07714.23   258     9e-15   53.2   0.0   1   1   6.1e-15   2.1e-14   52.0   0.0     4   233   316   572   313   578 0.86 -
P29295               -            494 PK_Tyr_Ser-Thr       PF07714.23   258     1e-14   53.0   0.0   1   1     6e-15     2e-14   52.0   0.0     2   251    10   266     9   273 0.80 -
P54367               -            337 PK_Tyr_Ser-Thr       PF07714.23   258   1.1e-14   52.9   0.0   1   1   4.1e-15   1.4e-14   52.6   0.0     3   254    22   280    20   284 0.79 -
Q6NRT0               -            460 PK_Tyr_Ser-Thr       PF07714.23   258   1.1e-14   52.9   0.0   1   1   4.2e-15   1.4e-14   52.6   0.0     2   221    45   267    44   305 0.83 -
P34516               -            346 PK_Tyr_Ser-Thr       PF07714.23   258     2e-14   52.1   0.1   1   1   6.2e-15   2.1e-14   52.0   0.1     3   159    22   181    20   283 0.78 -
Q8T126               -           1304 PK_Tyr_Ser-Thr       PF07714.23   258   2.5e-14   51.7   0.7   1   2   6.3e-13   2.1e-12   45.4   1.1     7   164    39   212    33   220 0.71 -
Q8T126               -           1304 PK_Tyr_Ser-Thr       PF07714.23   258   2.5e-14   51.7   0.7   2   2       4.8        16    3.2   0.0   171   195   321   350   312   394 0.80 -
Q197B6               -            335 PK_Tyr_Ser-Thr       PF07714.23   258   3.7e-14   51.2   0.0   1   1   1.8e-14   5.9e-14   50.5   0.0    44   250    96   315    78   322 0.77 -
Q8CFE4               -            930 PK_Tyr_Ser-Thr       PF07714.23   258   4.2e-14   51.0   0.0   1   1   3.3e-14   1.1e-13   49.6   0.0     9   255    43   322    32   324 0.71 -
O80795               -            372 PK_Tyr_Ser-Thr       PF07714.23   258   4.3e-14   51.0   0.0   1   1   2.4e-14   8.2e-14   50.1   0.0    45   201    92   247    65   311 0.85 -
Q93Z18               -            415 PK_Tyr_Ser-Thr       PF07714.23   258   4.4e-14   50.9   0.0   1   1   1.7e-14   5.6e-14   50.6   0.0     2   251    10   266     9   273 0.82 -
Q6FRE7               -            777 PK_Tyr_Ser-Thr       PF07714.23   258   6.1e-14   50.5   0.0   1   1   2.8e-14   9.6e-14   49.8   0.0     5   176   226   409   223   450 0.72 -
Q54US6               -            392 PK_Tyr_Ser-Thr       PF07714.23   258     1e-13   49.8   0.0   1   1   4.3e-14   1.4e-13   49.2   0.0    89   232   148   290    82   298 0.89 -
Q55BQ3               -           1125 PK_Tyr_Ser-Thr       PF07714.23   258     1e-13   49.7   0.0   1   2   7.1e-09   2.4e-08   32.1   0.0     3   155    32   210    30   220 0.83 -
Q55BQ3               -           1125 PK_Tyr_Ser-Thr       PF07714.23   258     1e-13   49.7   0.0   2   2     0.001    0.0034   15.3   0.0   168   204   247   283   234   347 0.77 -
P36002               -            662 PK_Tyr_Ser-Thr       PF07714.23   258   1.1e-13   49.7   0.0   1   1   5.2e-14   1.7e-13   49.0   0.0     5   178   200   385   197   414 0.75 -
Q9LSX4               -            480 PK_Tyr_Ser-Thr       PF07714.23   258   1.3e-13   49.4   0.0   1   1   5.3e-14   1.8e-13   48.9   0.0     2   226    10   237     9   247 0.82 -
P23292               -            546 PK_Tyr_Ser-Thr       PF07714.23   258   1.4e-13   49.3   0.0   1   1   8.9e-14     3e-13   48.2   0.0     2   224    77   304    76   313 0.86 -
P47116               -            818 PK_Tyr_Ser-Thr       PF07714.23   258   1.6e-13   49.1   0.0   1   1   7.9e-14   2.7e-13   48.4   0.0     5   178   259   444   256   487 0.72 -
Q03563               -           1003 PK_Tyr_Ser-Thr       PF07714.23   258   1.7e-13   49.0   5.5   1   2   1.5e-11     5e-11   40.9   4.4     3   144   424   573   422   640 0.76 -
Q03563               -           1003 PK_Tyr_Ser-Thr       PF07714.23   258   1.7e-13   49.0   5.5   2   2      0.56       1.9    6.2   0.0   141   202   744   799   740   882 0.85 -
P78362               -            688 PK_Tyr_Ser-Thr       PF07714.23   258   2.1e-13   48.7   0.1   1   2   2.4e-10   8.2e-10   36.9   0.1     3   136    83   223    81   230 0.82 -
P78362               -            688 PK_Tyr_Ser-Thr       PF07714.23   258   2.1e-13   48.7   0.1   2   2     0.064      0.22    9.3   0.0   138   201   523   580   507   595 0.81 -
Q91FD5               -            411 PK_Tyr_Ser-Thr       PF07714.23   258   2.5e-13   48.5   0.0   1   1   1.6e-13   5.4e-13   47.4   0.0     4   172   129   309   127   340 0.78 -
P40233               -            446 PK_Tyr_Ser-Thr       PF07714.23   258   2.9e-13   48.2   0.0   1   1   1.3e-13   4.4e-13   47.7   0.0     2   239    13   259    12   276 0.80 -
Q9UYB9               -            220 PK_Tyr_Ser-Thr       PF07714.23   258   3.5e-13   48.0   0.1   1   1   1.3e-13   4.4e-13   47.7   0.1     6   152     3   151     1   178 0.81 -
Q55BM1               -           1360 PK_Tyr_Ser-Thr       PF07714.23   258   4.2e-13   47.7   0.0   1   1   1.2e-13   4.2e-13   47.7   0.0    60   215   694   868   688   886 0.84 -
P22219               -           1454 PK_Tyr_Ser-Thr       PF07714.23   258   4.4e-13   47.7   0.0   1   1   2.5e-13   8.6e-13   46.7   0.0    28   256    48   293    32   295 0.84 -
P57993               -            763 PK_Tyr_Ser-Thr       PF07714.23   258   4.8e-13   47.5   0.0   1   1   2.2e-13   7.4e-13   46.9   0.0     7   152   166   313   160   352 0.83 -
P53009               -            804 PK_Tyr_Ser-Thr       PF07714.23   258   5.6e-13   47.3   0.1   1   1   1.8e-12   6.1e-12   43.9   0.0    46   207    82   262    65   310 0.79 -
Q55FV5               -            536 PK_Tyr_Ser-Thr       PF07714.23   258     6e-13   47.2   2.1   1   1   1.3e-12   4.5e-12   44.3   2.1     8   221    21   277    15   289 0.85 -
P50582               -            507 PK_Tyr_Ser-Thr       PF07714.23   258   6.1e-13   47.2   0.0   1   1   2.1e-09   7.2e-09   33.8   0.0     4   140    71   258    68   380 0.72 -
Q550K8               -           2454 PK_Tyr_Ser-Thr       PF07714.23   258     1e-12   46.5   1.3   1   1   6.3e-13   2.1e-12   45.4   0.0     5   255  1734  2024  1730  2027 0.74 -
Q54V35               -            442 PK_Tyr_Ser-Thr       PF07714.23   258     1e-12   46.4   0.0   1   1   5.2e-13   1.8e-12   45.7   0.0    96   218   200   324   156   352 0.86 -
Q554L2               -            831 PK_Tyr_Ser-Thr       PF07714.23   258   1.2e-12   46.3   1.3   1   1     4e-13   1.3e-12   46.1   0.0    45   200   461   644   447   679 0.78 -
O86560               -           1557 PK_Tyr_Ser-Thr       PF07714.23   258   1.2e-12   46.2   0.0   1   2     2e-10   6.7e-10   37.2   0.0    44   249   240   477   229   486 0.82 -
O86560               -           1557 PK_Tyr_Ser-Thr       PF07714.23   258   1.2e-12   46.2   0.0   2   2       1.4       4.6    5.0   0.0    96   152   644   704   531   769 0.71 -
F4I313               -            913 PK_Tyr_Ser-Thr       PF07714.23   258   1.2e-12   46.2   0.1   1   1   1.4e-12   4.8e-12   44.3   0.0    54   250   110   333    92   338 0.75 -
Q54UA9               -            932 PK_Tyr_Ser-Thr       PF07714.23   258   1.3e-12   46.1   0.0   1   1   1.2e-12   3.9e-12   44.6   0.0     4   218   593   837   590   853 0.82 -
Q54V83               -            460 PK_Tyr_Ser-Thr       PF07714.23   258   1.4e-12   46.1   0.0   1   1   6.8e-13   2.3e-12   45.3   0.0    23   209   120   332   109   370 0.85 -
Q9UPE1               -            567 PK_Tyr_Ser-Thr       PF07714.23   258   1.5e-12   45.9   0.0   1   2   1.2e-09   4.2e-09   34.6   0.0     3   136    81   221    79   239 0.84 -
Q9UPE1               -            567 PK_Tyr_Ser-Thr       PF07714.23   258   1.5e-12   45.9   0.0   2   2     0.086      0.29    8.9   0.0   131   201   388   459   385   474 0.78 -
Q61IS6               -           1132 PK_Tyr_Ser-Thr       PF07714.23   258   1.5e-12   45.9   5.7   1   2     7e-11   2.4e-10   38.7   4.2     3   144   497   646   495   710 0.76 -
Q61IS6               -           1132 PK_Tyr_Ser-Thr       PF07714.23   258   1.5e-12   45.9   5.7   2   2      0.69       2.3    6.0   0.0   141   201   884   938   880  1020 0.86 -
P9WI69               -            585 PK_Tyr_Ser-Thr       PF07714.23   258   1.5e-12   45.9   0.0   1   1   6.1e-13   2.1e-12   45.5   0.0     4   151    15   165    12   191 0.87 -
O82318               -            960 PK_Tyr_Ser-Thr       PF07714.23   258   1.9e-12   45.6   0.0   1   1   7.5e-12   2.5e-11   41.9   0.0    33   257   716   938   695   939 0.86 -
Q0KHV6               -            721 PK_Tyr_Ser-Thr       PF07714.23   258     2e-12   45.5   0.0   1   1   1.4e-12   4.7e-12   44.3   0.0    95   250   436   626   366   632 0.74 -
Q9BXM7               -            581 PK_Tyr_Ser-Thr       PF07714.23   258   2.5e-12   45.2   0.0   1   1   2.7e-12   9.1e-12   43.3   0.0    78   252   316   501   303   507 0.75 -
Q06098               -            443 PK_Tyr_Ser-Thr       PF07714.23   258   2.8e-12   45.0   0.0   1   1   2.1e-12   7.1e-12   43.7   0.0     4   209   138   369   135   374 0.77 -
Q28FH2               -            827 PK_Tyr_Ser-Thr       PF07714.23   258   3.7e-12   44.6   0.0   1   1     5e-12   1.7e-11   42.5   0.0    29   203    41   215    27   230 0.81 -
Q86Y07               -            508 PK_Tyr_Ser-Thr       PF07714.23   258   3.9e-12   44.5   0.0   1   1   4.3e-12   1.5e-11   42.7   0.0     3   218    31   263    29   287 0.70 -
Q10447               -            665 PK_Tyr_Ser-Thr       PF07714.23   258   4.5e-12   44.3   0.0   1   1   1.9e-12   6.4e-12   43.9   0.0    18   213   401   588   389   633 0.75 -
P0C8F4               -            299 PK_Tyr_Ser-Thr       PF07714.23   258   4.6e-12   44.3   0.1   1   1   2.9e-12   9.8e-12   43.2   0.1    50   256    76   273    48   274 0.84 -
Q9UQY9               -            429 PK_Tyr_Ser-Thr       PF07714.23   258   4.7e-12   44.3   0.0   1   2   5.2e-09   1.7e-08   32.6   0.0     5   153    44   209    40   223 0.82 -
Q9UQY9               -            429 PK_Tyr_Ser-Thr       PF07714.23   258   4.7e-12   44.3   0.0   2   2     0.087      0.29    8.9   0.0   169   199   266   297   249   313 0.78 -
Q54YZ5               -           1433 PK_Tyr_Ser-Thr       PF07714.23   258   5.9e-12   44.0   0.1   1   2   0.00031     0.001   16.9   0.1    68   237    91   252    46   259 0.77 -
Q54YZ5               -           1433 PK_Tyr_Ser-Thr       PF07714.23   258   5.9e-12   44.0   0.1   2   2   1.7e-06   5.6e-06   24.4   0.0    72   195  1273  1402  1229  1425 0.73 -
P73469               -            495 PK_Tyr_Ser-Thr       PF07714.23   258   7.8e-12   43.6   0.0   1   1   3.3e-12   1.1e-11   43.0   0.0     5   203    50   263    48   307 0.81 -
Q7KRY6               -            599 PK_Tyr_Ser-Thr       PF07714.23   258     8e-12   43.5   0.0   1   1   4.8e-12   1.6e-11   42.5   0.0     6   156    52   216    48   326 0.81 -
Q96S38               -           1066 PK_Tyr_Ser-Thr       PF07714.23   258   8.3e-12   43.5   0.0   1   2      0.98       3.3    5.5   0.0    60    95   384   419   354   448 0.81 -
Q96S38               -           1066 PK_Tyr_Ser-Thr       PF07714.23   258   8.3e-12   43.5   0.0   2   2   6.1e-10   2.1e-09   35.6   0.0   106   248   908  1039   888  1042 0.87 -
Q54S77               -           1966 PK_Tyr_Ser-Thr       PF07714.23   258   8.5e-12   43.4   0.0   1   1   6.2e-12   2.1e-11   42.2   0.0     2   250    22   280    21   287 0.80 -
Q9J523               -            303 PK_Tyr_Ser-Thr       PF07714.23   258   9.8e-12   43.2   0.3   1   1   1.2e-11   4.1e-11   41.2   0.3     3   211    27   249    25   302 0.66 -
Q5AHA0               -           2471 PK_Tyr_Ser-Thr       PF07714.23   258   2.1e-11   42.2   0.0   1   1   1.4e-11   4.6e-11   41.0   0.0    95   248   436   624   418   633 0.73 -
Q21776               -            987 PK_Tyr_Ser-Thr       PF07714.23   258   2.3e-11   42.0   1.0   1   1   8.8e-12     3e-11   41.7   0.1     2   199   691   900   690   939 0.80 -
Q5F349               -            353 PK_Tyr_Ser-Thr       PF07714.23   258   3.3e-11   41.5   0.1   1   2   2.8e-10   9.5e-10   36.7   0.1     4   125    86   195    83   201 0.75 -
Q5F349               -            353 PK_Tyr_Ser-Thr       PF07714.23   258   3.3e-11   41.5   0.1   2   2         8        27    2.5   0.0   232   255   307   330   297   332 0.85 -
Q54Q69               -           3432 PK_Tyr_Ser-Thr       PF07714.23   258   3.7e-11   41.4   0.0   1   2   9.7e-06   3.3e-05   21.9   0.0    96   154   554   612   543   634 0.85 -
Q54Q69               -           3432 PK_Tyr_Ser-Thr       PF07714.23   258   3.7e-11   41.4   0.0   2   2   0.00054    0.0018   16.1   0.0   170   249   696   779   681   785 0.81 -
Q9Y6S9               -            549 PK_Tyr_Ser-Thr       PF07714.23   258   4.4e-11   41.1   0.0   1   1     4e-11   1.4e-10   39.5   0.0    96   248   381   522   175   527 0.73 -
P42169               -            341 PK_Tyr_Ser-Thr       PF07714.23   258   6.1e-11   40.6   0.1   1   1   2.3e-11   7.6e-11   40.3   0.1     4   217    53   270    50   302 0.76 -
Q5U3W1               -            347 PK_Tyr_Ser-Thr       PF07714.23   258   8.1e-11   40.2   0.0   1   1     2e-10   6.7e-10   37.2   0.0     4   121    82   193    79   227 0.75 -
Q9LZV4               -            495 PK_Tyr_Ser-Thr       PF07714.23   258   1.2e-10   39.7   0.0   1   2     0.047      0.16    9.8   0.1     4    41   136   173   133   190 0.73 -
Q9LZV4               -            495 PK_Tyr_Ser-Thr       PF07714.23   258   1.2e-10   39.7   0.0   2   2   1.6e-07   5.2e-07   27.7   0.0    76   175   238   355   222   360 0.80 -
O74135               -            439 PK_Tyr_Ser-Thr       PF07714.23   258   1.9e-10   39.1   0.0   1   1   8.5e-11   2.9e-10   38.4   0.0     3   224    17   243    15   279 0.81 -
Q6FRH8               -           1410 PK_Tyr_Ser-Thr       PF07714.23   258     2e-10   39.0   0.0   1   1   1.2e-10   4.1e-10   37.9   0.0    26   256    50   292    30   294 0.81 -
Q80X41               -            440 PK_Tyr_Ser-Thr       PF07714.23   258   2.2e-10   38.8   0.0   1   1   4.5e-10   1.5e-09   36.1   0.0     6   155    42   207    37   224 0.70 -
Q9BXU1               -           1019 PK_Tyr_Ser-Thr       PF07714.23   258   2.5e-10   38.7   0.0   1   1   1.8e-10     6e-10   37.4   0.0    69   195   798   919   792   933 0.88 -
Q54W07               -            252 PK_Tyr_Ser-Thr       PF07714.23   258   4.6e-10   37.8   0.3   1   1   1.8e-10   6.2e-10   37.4   0.3    43   153    78   190    42   201 0.83 -
Q00095               -            673 PK_Tyr_Ser-Thr       PF07714.23   258   6.9e-10   37.2   0.0   1   1   1.4e-09   4.7e-09   34.4   0.0    38   199   153   320   133   341 0.84 -
Q19848               -            610 PK_Tyr_Ser-Thr       PF07714.23   258   7.4e-10   37.1   0.4   1   1     1e-09   3.4e-09   34.9   0.3    73   179   115   223    33   249 0.70 -
Q84V18               -            754 PK_Tyr_Ser-Thr       PF07714.23   258     1e-09   36.7   0.0   1   2   0.00037    0.0013   16.7   0.2     2    43   140   180   139   205 0.82 -
Q84V18               -            754 PK_Tyr_Ser-Thr       PF07714.23   258     1e-09   36.7   0.0   2   2   0.00021    0.0007   17.5   0.0    87   152   243   328   225   351 0.68 -
Q55GS2               -            813 PK_Tyr_Ser-Thr       PF07714.23   258   2.7e-09   35.3   0.0   1   1   1.4e-09   4.7e-09   34.5   0.0    15   223    29   243    19   255 0.76 -
Q86A12               -            656 PK_Tyr_Ser-Thr       PF07714.23   258   3.2e-09   35.0   0.2   1   2   3.6e-06   1.2e-05   23.3   0.1    29   138   192   309   180   351 0.76 -
Q86A12               -            656 PK_Tyr_Ser-Thr       PF07714.23   258   3.2e-09   35.0   0.2   2   2      0.15      0.52    8.1   0.0   169   202   510   542   490   556 0.86 -
A8WU31               -            559 PK_Tyr_Ser-Thr       PF07714.23   258   3.5e-09   34.9   0.0   1   1   2.3e-09   7.9e-09   33.7   0.0    45   180    85   224    33   252 0.66 -
A0A7J6K7Y0           -            640 PK_Tyr_Ser-Thr       PF07714.23   258   4.1e-09   34.7   0.0   1   1     5e-09   1.7e-08   32.6   0.0    23   237   384   588   371   591 0.76 -
Q8BX57               -            582 PK_Tyr_Ser-Thr       PF07714.23   258   6.3e-09   34.1   0.0   1   2   3.5e-07   1.2e-06   26.6   0.0    46   143   192   303   185   308 0.92 -
Q8BX57               -            582 PK_Tyr_Ser-Thr       PF07714.23   258   6.3e-09   34.1   0.0   2   2       1.5       5.1    4.8   0.0   182   236   330   390   321   410 0.73 -
Q03656               -            742 PK_Tyr_Ser-Thr       PF07714.23   258   6.4e-09   34.0   2.3   1   2     1e-06   3.4e-06   25.1   1.4     3   137   160   304   158   331 0.71 -
Q03656               -            742 PK_Tyr_Ser-Thr       PF07714.23   258   6.4e-09   34.0   2.3   2   2      0.32       1.1    7.0   0.0   140   201   545   600   535   615 0.84 -
A0A7H0DNE9           -            303 PK_Tyr_Ser-Thr       PF07714.23   258   8.1e-09   33.7   0.0   1   1   3.2e-09   1.1e-08   33.3   0.0     7   219    22   245    17   275 0.75 -
P41676               -            215 PK_Tyr_Ser-Thr       PF07714.23   258   9.3e-09   33.5   0.0   1   1   4.1e-09   1.4e-08   32.9   0.0    76   257    24   200    12   201 0.76 -
Q9M0E5               -           1494 PK_Tyr_Ser-Thr       PF07714.23   258   9.6e-09   33.4   0.0   1   1   4.9e-09   1.7e-08   32.7   0.0     2   251    28   287    27   293 0.79 -
Q9S713               -            562 PK_Tyr_Ser-Thr       PF07714.23   258     1e-08   33.3   0.0   1   1   6.2e-09   2.1e-08   32.3   0.0     3   175   136   327   134   336 0.79 -
Q09503               -            290 PK_Tyr_Ser-Thr       PF07714.23   258   1.1e-08   33.2   0.0   1   1   4.1e-09   1.4e-08   32.9   0.0    96   250    53   223     6   231 0.70 -
Q6BHA8               -            260 PK_Tyr_Ser-Thr       PF07714.23   258   1.3e-08   33.1   0.0   1   1   5.4e-09   1.8e-08   32.5   0.0    45   152    70   186    49   197 0.83 -
Q758T2               -            342 PK_Tyr_Ser-Thr       PF07714.23   258   1.6e-08   32.7   0.0   1   1   6.8e-09   2.3e-08   32.2   0.0    95   209   158   265   109   285 0.80 -
Q54LU8               -           1221 PK_Tyr_Ser-Thr       PF07714.23   258   1.6e-08   32.7   0.0   1   1   1.8e-08   6.1e-08   30.8   0.0    72   156   392   503   369   531 0.84 -
O08901               -           1058 PK_Tyr_Ser-Thr       PF07714.23   258   1.7e-08   32.6   0.1   1   1   8.9e-09     3e-08   31.8   0.1     4   137   764   901   761   982 0.78 -
B7XIB8               -            203 PK_Tyr_Ser-Thr       PF07714.23   258   2.2e-08   32.2   0.5   1   1   8.6e-09   2.9e-08   31.9   0.5    33   157    30   154     3   162 0.81 -
Q9SL76               -           1094 PK_Tyr_Ser-Thr       PF07714.23   258   2.7e-08   32.0   0.0   1   1   1.4e-08   4.7e-08   31.2   0.0    43   248   822  1022   793  1025 0.83 -
A0A7J6K7I9           -            553 PK_Tyr_Ser-Thr       PF07714.23   258   6.1e-08   30.8   0.0   1   1   1.2e-07   4.1e-07   28.1   0.0    96   193   247   347   175   354 0.78 -
Q196W2               -            520 PK_Tyr_Ser-Thr       PF07714.23   258   6.5e-08   30.7   0.0   1   1   3.1e-08   1.1e-07   30.0   0.0    26   138   103   228    87   267 0.79 -
Q9UVG6               -           1340 PK_Tyr_Ser-Thr       PF07714.23   258   7.2e-08   30.6   0.0   1   1   3.3e-08   1.1e-07   29.9   0.0     2   255    28   287    27   289 0.83 -
Q96RU7               -            358 PK_Tyr_Ser-Thr       PF07714.23   258   7.3e-08   30.6   0.0   1   1     3e-08     1e-07   30.1   0.0    60   250   117   305   102   311 0.80 -
P39962               -            524 PK_Tyr_Ser-Thr       PF07714.23   258   1.1e-07   30.0   0.0   1   1   5.3e-08   1.8e-07   29.3   0.0     5   215    18   263    14   282 0.83 -
Q09298               -            641 PK_Tyr_Ser-Thr       PF07714.23   258   1.3e-07   29.7   0.1   1   1   2.3e-07   7.7e-07   27.2   0.0    73   211   287   435   266   471 0.74 -
A0A0H3MBJ2           -            614 PK_Tyr_Ser-Thr       PF07714.23   258   1.4e-07   29.7   0.1   1   1   1.3e-07   4.3e-07   28.0   0.1    26   208    34   226    14   260 0.74 -
Q8RXY0               -            376 PK_Tyr_Ser-Thr       PF07714.23   258   1.4e-07   29.6   0.1   1   1   5.3e-08   1.8e-07   29.3   0.1    96   240   119   292    31   295 0.75 -
O42900               -           1706 PK_Tyr_Ser-Thr       PF07714.23   258   1.4e-07   29.6   0.0   1   1   6.5e-08   2.2e-07   29.0   0.0     5   250    28   280    24   287 0.72 -
O13733               -            637 PK_Tyr_Ser-Thr       PF07714.23   258   2.9e-07   28.6   0.0   1   1   2.3e-07   7.9e-07   27.2   0.0    50   152    67   163    36   197 0.82 -
Q2PAY2               -            554 PK_Tyr_Ser-Thr       PF07714.23   258   4.5e-07   28.0   0.0   1   1   2.5e-06   8.4e-06   23.8   0.0     5   199   256   478   252   520 0.82 -
Q8IV63               -            474 PK_Tyr_Ser-Thr       PF07714.23   258   4.7e-07   27.9   0.0   1   1     2e-07   6.8e-07   27.4   0.0    78   205   257   390   226   411 0.69 -
Q86YV5               -           1406 PK_Tyr_Ser-Thr       PF07714.23   258     6e-07   27.6   0.0   1   1   2.6e-06     9e-06   23.7   0.1    75   136  1087  1154  1080  1159 0.80 -
Q7ZUS1               -            425 PK_Tyr_Ser-Thr       PF07714.23   258   7.1e-07   27.3   0.0   1   1   4.5e-07   1.5e-06   26.2   0.0    78   155   130   208    39   325 0.82 -
Q9P7N1               -            238 PK_Tyr_Ser-Thr       PF07714.23   258   7.8e-07   27.2   0.0   1   1     3e-07     1e-06   26.8   0.0    44   156    65   179    58   214 0.87 -
Q9J509               -            292 PK_Tyr_Ser-Thr       PF07714.23   258   8.1e-07   27.1   0.2   1   1   4.2e-07   1.4e-06   26.3   0.2     2   194    15   219    14   287 0.70 -
O43683               -           1085 PK_Tyr_Ser-Thr       PF07714.23   258     1e-06   26.8   0.0   1   1   5.3e-07   1.8e-06   26.0   0.0     4   136   790   926   787   936 0.78 -
P34635               -            374 PK_Tyr_Ser-Thr       PF07714.23   258   1.8e-06   26.0   0.0   1   1     8e-07   2.7e-06   25.4   0.0     5   160    29   194    25   201 0.77 -
Q9H792               -           1746 PK_Tyr_Ser-Thr       PF07714.23   258     2e-06   25.8   0.0   1   1   1.6e-06   5.5e-06   24.4   0.0    68   248  1449  1653  1445  1662 0.81 -
O74539               -           2344 PK_Tyr_Ser-Thr       PF07714.23   258   2.4e-06   25.6   0.0   1   1   1.8e-06   6.2e-06   24.2   0.0   102   250   123   282   117   291 0.76 -
Q852L0               -            707 PK_Tyr_Ser-Thr       PF07714.23   258     3e-06   25.2   0.0   1   1   1.6e-06   5.3e-06   24.5   0.0     4   157   150   311   147   419 0.79 -
Q96S44               -            253 PK_Tyr_Ser-Thr       PF07714.23   258   3.4e-06   25.1   0.0   1   1   1.6e-06   5.3e-06   24.4   0.0    45   149    78   187    35   199 0.79 -
Q54TC3               -            585 PK_Tyr_Ser-Thr       PF07714.23   258   3.5e-06   25.1   0.0   1   1   1.8e-06   6.2e-06   24.2   0.0    53   145   165   291   149   295 0.90 -
Q5UQJ6               -            467 PK_Tyr_Ser-Thr       PF07714.23   258   3.8e-06   24.9   0.0   1   1   2.2e-06   7.5e-06   24.0   0.0    77   138   220   283   206   337 0.90 -
Q54WZ5               -            574 PK_Tyr_Ser-Thr       PF07714.23   258   4.6e-06   24.7   0.0   1   2   0.00012   0.00042   18.2   0.0    82   146   166   241   132   244 0.89 -
Q54WZ5               -            574 PK_Tyr_Ser-Thr       PF07714.23   258   4.6e-06   24.7   0.0   2   2       2.8       9.4    4.0   0.0   180   200   260   280   253   302 0.79 -
P73515               -            614 PK_Tyr_Ser-Thr       PF07714.23   258     5e-06   24.5   0.0   1   1   2.5e-06   8.4e-06   23.8   0.0    16   133    30   147    17   162 0.83 -
P0C0R5               -           1358 PK_Tyr_Ser-Thr       PF07714.23   258   5.3e-06   24.4   0.0   1   1   3.6e-05   0.00012   20.0   0.0     2   152    27   173    26   211 0.78 -
Q2NIA4               -            534 PK_Tyr_Ser-Thr       PF07714.23   258   1.3e-05   23.1   0.1   1   1   6.7e-06   2.3e-05   22.4   0.1     9   152   342   479   337   492 0.81 -
Q6C2A3               -            248 PK_Tyr_Ser-Thr       PF07714.23   258   1.4e-05   23.1   0.0   1   1   5.7e-06   1.9e-05   22.6   0.0    42   152    57   183    13   198 0.76 -
Q2PAY3               -            608 PK_Tyr_Ser-Thr       PF07714.23   258   2.4e-05   22.3   0.0   1   1     7e-05   0.00024   19.0   0.0    97   205   406   516   383   570 0.82 -
B0Y8Y4               -            393 PK_Tyr_Ser-Thr       PF07714.23   258   2.4e-05   22.3   0.0   1   2         2       6.9    4.4   0.0     4   127    64   190    61   191 0.67 -
B0Y8Y4               -            393 PK_Tyr_Ser-Thr       PF07714.23   258   2.4e-05   22.3   0.0   2   2    0.0008    0.0027   15.6   0.0   144   199   237   286   231   302 0.86 -
Q54SK3               -            528 PK_Tyr_Ser-Thr       PF07714.23   258   3.2e-05   21.9   0.0   1   1   1.7e-05   5.9e-05   21.0   0.0     6   217   141   386   136   417 0.72 -
O14002               -           2310 PK_Tyr_Ser-Thr       PF07714.23   258   5.2e-05   21.2   0.0   1   1   7.4e-05   0.00025   19.0   0.0    88   250   109   282    40   287 0.74 -
Q5UNT7               -            694 PK_Tyr_Ser-Thr       PF07714.23   258   9.5e-05   20.3   0.1   1   1   9.8e-05   0.00033   18.6   0.0    73   143   331   411   317   437 0.76 -
Q91F86               -            537 PK_Tyr_Ser-Thr       PF07714.23   258   0.00012   20.0   0.7   1   1   5.8e-05    0.0002   19.3   0.0    13   136   131   258   121   292 0.81 -
Q5UQ24               -            542 PK_Tyr_Ser-Thr       PF07714.23   258   0.00013   19.9   0.0   1   2       7.8        27    2.5   0.0    86   136   157   210    70   224 0.64 -
Q5UQ24               -            542 PK_Tyr_Ser-Thr       PF07714.23   258   0.00013   19.9   0.0   2   2    0.0019    0.0065   14.3   0.0   145   199   380   429   367   441 0.81 -
Q54V82               -            213 PK_Tyr_Ser-Thr       PF07714.23   258   0.00013   19.9   0.0   1   1     6e-05    0.0002   19.3   0.0   171   256   118   207   113   208 0.76 -
Q00097               -            380 PK_Tyr_Ser-Thr       PF07714.23   258   0.00014   19.8   0.0   1   1   0.00022   0.00073   17.4   0.0    80   170   171   260   163   367 0.79 -
O94751               -           1044 PK_Tyr_Ser-Thr       PF07714.23   258   0.00016   19.6   0.0   1   1   8.5e-05   0.00029   18.8   0.0     2   137   719   871   718   876 0.79 -
Q8TF76               -            798 PK_Tyr_Ser-Thr       PF07714.23   258   0.00022   19.1   0.0   1   2     0.038      0.13   10.1   0.0     2    37   485   514   484   543 0.80 -
Q8TF76               -            798 PK_Tyr_Ser-Thr       PF07714.23   258   0.00022   19.1   0.0   2   2      0.39       1.3    6.8   0.0    72   142   595   664   592   696 0.68 -
F4IVI0               -            525 PK_Tyr_Ser-Thr       PF07714.23   258   0.00027   18.8   0.0   1   1    0.0002   0.00068   17.6   0.0     7   136   228   356   222   371 0.81 -
Q01015               -            431 PK_Tyr_Ser-Thr       PF07714.23   258    0.0004   18.3   0.0   1   1   0.00035    0.0012   16.8   0.0    61   155   133   227    80   243 0.74 -
P41695               -           1021 PK_Tyr_Ser-Thr       PF07714.23   258    0.0007   17.5   0.0   1   1   0.00039    0.0013   16.6   0.0     5   136   709   842   706   873 0.86 -
A3CXS0               -            527 PK_Tyr_Ser-Thr       PF07714.23   258   0.00071   17.5   0.0   1   1   0.00033    0.0011   16.8   0.0   113   176   430   488   410   496 0.77 -
P0CP72               -            289 PK_Tyr_Ser-Thr       PF07714.23   258   0.00081   17.3   0.0   1   1    0.0005    0.0017   16.2   0.0   106   158   172   230   157   236 0.86 -
Q7AJA5               -            619 PK_Tyr_Ser-Thr       PF07714.23   258    0.0012   16.8   0.0   1   1   0.00069    0.0024   15.8   0.0    45   122    57   136    38   189 0.89 -
O27476               -            534 PK_Tyr_Ser-Thr       PF07714.23   258    0.0013   16.7   0.0   1   1   0.00073    0.0025   15.7   0.0   105   152   429   475   339   486 0.86 -
Q9Z0R0               -            754 PK_Tyr_Ser-Thr       PF07714.23   258    0.0016   16.4   0.0   1   2      0.72       2.4    5.9   0.0     2    37   441   470   440   500 0.73 -
Q9Z0R0               -            754 PK_Tyr_Ser-Thr       PF07714.23   258    0.0016   16.4   0.0   2   2      0.15       0.5    8.1   0.0    72   138   551   627   543   653 0.65 -
Q2HGY8               -            267 PK_Tyr_Ser-Thr       PF07714.23   258    0.0016   16.3   0.0   1   1   0.00059     0.002   16.0   0.0    95   157   121   209    26   216 0.77 -
Q504Y2               -            493 PK_Tyr_Ser-Thr       PF07714.23   258    0.0018   16.1   0.0   1   1   0.00082    0.0028   15.5   0.0    45    94   193   247   184   278 0.76 -
Q9Z1S0               -           1052 PK_Tyr_Ser-Thr       PF07714.23   258    0.0024   15.7   0.2   1   1   0.00072    0.0024   15.7   0.2    66   152   811   908   801   916 0.91 -
Q87T74               -            238 PK_Tyr_Ser-Thr       PF07714.23   258    0.0035   15.2   0.0   1   1    0.0014    0.0047   14.8   0.0   107   160   147   200   128   220 0.84 -
Q6LVM6               -            236 PK_Tyr_Ser-Thr       PF07714.23   258     0.004   15.0   0.1   1   1    0.0016    0.0053   14.6   0.1   108   147   147   186   122   207 0.86 -
P37562               -            338 PK_Tyr_Ser-Thr       PF07714.23   258    0.0043   14.9   0.0   1   1    0.0022    0.0075   14.1   0.0     2   145    29   167    28   183 0.74 -
J7I4B7               -            708 PK_Tyr_Ser-Thr       PF07714.23   258    0.0043   14.9   0.0   1   1    0.0024    0.0081   14.0   0.0    41   147   268   371   262   382 0.75 -
Q91FE4               -            528 PK_Tyr_Ser-Thr       PF07714.23   258    0.0052   14.7   0.2   1   1    0.0025    0.0083   14.0   0.2     4   126   159   294   156   324 0.79 -
Q00098               -            387 PK_Tyr_Ser-Thr       PF07714.23   258    0.0057   14.5   0.0   1   1    0.0036     0.012   13.5   0.0    85   173   180   271   167   378 0.79 -
P43633               -            760 PK_Tyr_Ser-Thr       PF07714.23   258    0.0062   14.4   0.0   1   1    0.0037     0.013   13.4   0.0   101   155   582   637   532   647 0.81 -
P83103               -            566 PK_Tyr_Ser-Thr       PF07714.23   258    0.0063   14.4   0.1   1   2      0.13      0.45    8.3   0.0     4    36   251   284   248   335 0.79 -
P83103               -            566 PK_Tyr_Ser-Thr       PF07714.23   258    0.0063   14.4   0.1   2   2       3.8        13    3.5   0.0   119   140   410   431   366   475 0.74 -
Q95PZ9               -            379 PK_Tyr_Ser-Thr       PF07714.23   258    0.0068   14.3   0.0   1   1    0.0026    0.0088   13.9   0.0    95   221   113   247    27   292 0.73 -
Q9CLD5               -            240 PK_Tyr_Ser-Thr       PF07714.23   258    0.0091   13.8   0.0   1   1    0.0042     0.014   13.2   0.0    49   138    90   181    80   193 0.70 -
