uniprot_id,label_original,label_recovered,label_used_for_experiments,label_source_tag
A0A075F7E9,CK1,,CK1,original
A0A0G2K344,Atypical,,Atypical,original
A0A0H2ZNH9,Histidine,,Histidine,original
A0A0J9X285,Other,TK,TK,name_regex
A0A0K3AV08,TKL,,TKL,original
A0A0P0VIP0,Other,,Other,original
A0A0P0XII1,CMGC,,CMGC,original
A0A0R6Y3I5,Other,,Other,original
A0A1D6E0S8,CAMK,,CAMK,original
A0A1D8PDV7,Atypical,,Atypical,original
A0A1L8HV70,Other,,Other,original
A0A2R6XIK6,Other,TKL,TKL,name_regex
A0A3Q0KGQ7,Other,,Other,original
A0A4X1UM84,CK1,,CK1,original
A0A509AH51,Other,RGC,RGC,mapping
A0A509AMC3,Other,RGC,RGC,mapping
A0A5K1K8H0,CAMK,,CAMK,original
A0A7J6K7I9,STE,,STE,original
A0A7J6K7Y0,STE,,STE,original
A0QXE4,Other,,Other,original
A0R758,Other,,Other,original
A1A4S6,Other,TKL,TKL,name_regex
A1A698,TK,,TK,original
A1X283,TK,,TK,original
A1Z7T0,Other,,Other,original
A1Z9X0,AGC,,AGC,original
A1ZB29,Other,,Other,original
A2AAJ9,CAMK,,CAMK,original
A2BD05,Other,,Other,original
A2BIL7,Other,AGC,AGC,name_regex
A2QIL5,Other,,Other,original
A2VDU2,AGC,,AGC,original
A2VDZ4,Other,,Other,original
A2XW02,CK1,,CK1,original
A3LSZ2,Other,,Other,original
A3MTW6,Other,,Other,original
A3QJU3,Atypical,,Atypical,original
A4L9P5,CMGC,,CMGC,original
A4QXX4,CMGC,,CMGC,original
A4RD09,Other,,Other,original
A4VCL2,Other,,Other,original
A4VFY3,Other,,Other,original
A5U4N0,Other,,Other,original
A6QGC0,Other,,Other,original
A6R8Q8,Other,,Other,original
A7E3S4,Atypical,,Atypical,original
A7HD43,Histidine,,Histidine,original
A7MBB4,Other,,Other,original
A7MCY6,Other,,Other,original
A7MRY4,Histidine,,Histidine,original
A7TIZ4,Other,,Other,original
A7X665,Other,,Other,original
A7YW45,Other,TK,TK,mapping
A8BPK8,Other,,Other,original
A8C984,CAMK,,CAMK,original
A8DYP0,CAMK,,CAMK,original
A8NMB4,Other,,Other,original
A8QCB2,Other,,Other,original
A8R7E6,CMGC,,CMGC,original
A8WUG4,AGC,,AGC,original
A8WVU9,AGC,,AGC,original
A9QT41,Other,,Other,original
A9RVK2,STE,,STE,original
A9SY39,STE,,STE,original
A9TXT1,CMGC,,CMGC,original
B0D6H2,Other,,Other,original
B0G126,Other,,Other,original
B2DD29,AGC,,AGC,original
B3VI55,Other,,Other,original
B3WFY8,CMGC,,CMGC,original
B4MR28,Other,TK,TK,name_regex
B5X4Z9,Other,,Other,original
B6JVD0,Other,,Other,original
B8GZM2,RGC,,RGC,original
B9DFG5,Other,TK,TK,name_regex
B9DGU7,Other,,Other,original
B9DGY1,Other,,Other,original
B9FDE0,CK1,,CK1,original
C0LGE0,TK,,TK,original
C0LGF4,Other,,Other,original
C0LGF5,Other,,Other,original
C0LGH8,TK,,TK,original
C0LGJ1,TK,,TK,original
C0LGJ9,TK,,TK,original
C0LGL4,TK,,TK,original
C0LGN2,TK,,TK,original
C0LGP9,TK,,TK,original
C0LGQ9,Other,,Other,original
C0LGR3,Other,,Other,original
C0LGR6,TK,,TK,original
C0LGR9,TK,,TK,original
C0LGS2,TK,,TK,original
C0LGS3,TK,,TK,original
C0LGT6,Other,,Other,original
C0LGU0,Other,,Other,original
C0LGU5,TK,,TK,original
C0LGU7,TK,,TK,original
C0LGX3,Other,,Other,original
C0LT23,CAMK,,CAMK,original
C4LZC2,Other,,Other,original
C5DVG6,Other,,Other,original
C6KTB8,Other,RGC,RGC,mapping
D0Z5N4,Other,RGC,RGC,mapping
D0ZV89,Histidine,,Histidine,original
D2H526,CMGC,,CMGC,original
D2IYS2,Other,TK,TK,name_regex
D3XDS2,Atypical,,Atypical,original
D3YVF0,CAMK,,CAMK,original
D3ZGQ5,Other,,Other,original
D3ZHP7,Other,,Other,original
D4A7V9,Other,RGC,RGC,mapping
D4GSE6,Other,,Other,original
D6WMX4,Atypical,,Atypical,original
D7SFH9,TK,,TK,original
D7UQM5,Other,,Other,original
E0W1I1,Atypical,,Atypical,original
E0X9C7,Histidine,,Histidine,original
E1BB52,CMGC,,CMGC,original
E1BFR5,AGC,,AGC,original
E1C2I2,AGC,,AGC,original
E2RTQ7,Other,,Other,original
E2RU81,Other,,Other,original
E7F3I6,Other,TK,TK,name_regex
E7F654,Other,TK,TK,name_regex
E9PSL7,AGC,,AGC,original
E9PUQ8,Other,,Other,original
E9PVA8,Other,RGC,RGC,mapping
E9Q394,Other,,Other,original
E9Q3L2,Other,,Other,original
F1LP90,CMGC,,CMGC,original
F1M3L7,Other,,Other,original
F1N9Y5,Other,TK,TK,mapping
F1QGZ6,CAMK,,CAMK,original
F1QU13,Other,,Other,original
F1QVU0,Other,TK,TK,name_regex
F1RKQ4,Atypical,,Atypical,original
F1SPM8,Other,,Other,original
F4HRJ4,STE,,STE,original
F4HVG8,Other,,Other,original
F4I0K2,Other,,Other,original
F4I2N7,Other,,Other,original
F4I313,Other,,Other,original
F4I7Y4,Other,,Other,original
F4IB81,Other,,Other,original
F4IS56,Other,,Other,original
F4IVI0,Other,,Other,original
F4J8C6,TK,,TK,original
F4JGR5,Other,,Other,original
F4JTP5,Other,TK,TK,name_regex
F4JY37,Other,,Other,original
F4JZW1,Other,,Other,original
F4KBF5,Other,,Other,original
F8W3R9,TK,,TK,original
G0RBE3,Other,TK,TK,name_regex
G0S3J5,Atypical,,Atypical,original
G1X456,Other,AGC,AGC,name_regex
G3V9H8,CAMK,,CAMK,original
G3V9M2,CMGC,,CMGC,original
G4NEB8,CMGC,,CMGC,original
G4RK16,Other,,Other,original
G4T4R7,Other,TK,TK,name_regex
G4V9S0,Other,CMGC,CMGC,name_regex
G5EBT1,CMGC,,CMGC,original
G5EBZ8,TK,,TK,original
G5ECJ6,TK,,TK,original
G5ECN5,STE,,STE,original
G5ECP4,TKL,,TKL,original
G5ECQ3,Other,,Other,original
G5EDA5,TKL,,TKL,original
G5EDB2,TK,,TK,original
G5EDF7,STE,,STE,original
G5EDT6,CMGC,,CMGC,original
G5EDY0,Atypical,,Atypical,original
G5EE56,TK,,TK,original
G5EEM6,STE,,STE,original
G5EEN4,STE,,STE,original
G5EFD2,TKL,,TKL,original
G5EFU0,STE,,STE,original
G5EFV5,CMGC,,CMGC,original
G5EGK5,Other,TK,TK,name_regex
G5EGQ3,STE,,STE,original
G5EGT9,Other,TK,TK,name_regex
H2KZH5,CMGC,,CMGC,original
H2KZU7,TK,,TK,original
H2KZW3,STE,,STE,original
H2L099,STE,,STE,original
I1RNG8,Other,,Other,original
I1Z695,Other,TK,TK,name_regex
J7I4B7,Other,TK,TK,name_regex
J9W0G9,AGC,,AGC,original
M3TYT0,AGC,,AGC,original
M9PGC5,Other,,Other,original
O00311,Other,,Other,original
O00329,Atypical,,Atypical,original
O00418,CAMK,,CAMK,original
O00443,Atypical,,Atypical,original
O00444,Other,,Other,original
O00459,Atypical,,Atypical,original
O00746,Atypical,,Atypical,original
O00750,Atypical,,Atypical,original
O01427,Other,,Other,original
O01510,Other,,Other,original
O01583,AGC,,AGC,original
O01700,STE,,STE,original
O01761,CAMK,,CAMK,original
O01775,Other,,Other,original
O02626,Other,,Other,original
O02697,Atypical,,Atypical,original
O05877,Other,,Other,original
O08333,Other,,Other,original
O08543,CMGC,,CMGC,original
O08560,Other,,Other,original
O08623,AGC,,AGC,original
O08873,Other,,Other,original
O08874,AGC,,AGC,original
O08901,Other,,Other,original
O08911,CMGC,,CMGC,original
O13839,Other,,Other,original
O13853,Other,,Other,original
O13889,Other,RGC,RGC,mapping
O13902,Atypical,,Atypical,original
O13911,Other,TK,TK,name_regex
O13924,Other,,Other,original
O13958,CMGC,,CMGC,original
O14019,Other,,Other,original
O14098,CMGC,,CMGC,original
O14132,Other,,Other,original
O14299,STE,,STE,original
O14305,STE,,STE,original
O14356,Other,TK,TK,name_regex
O14730,Atypical,,Atypical,original
O14757,CAMK,,CAMK,original
O14874,Atypical,,Atypical,original
O14936,CAMK,,CAMK,original
O14964,TK,,TK,original
O14976,Other,,Other,original
O15021,AGC,,AGC,original
O15146,TK,,TK,original
O15197,Other,TK,TK,name_regex
O15865,CAMK,,CAMK,original
O17622,Other,,Other,original
O18209,Other,TK,TK,name_regex
O18734,AGC,,AGC,original
O18735,TK,,TK,original
O19001,Other,CMGC,CMGC,name_regex
O19002,CMGC,,CMGC,original
O22040,STE,,STE,original
O22042,STE,,STE,original
O22267,Histidine,,Histidine,original
O22932,CAMK,,CAMK,original
O23304,STE,,STE,original
O24527,STE,,STE,original
O24585,Other,AGC,AGC,name_regex
O24767,Other,,Other,original
O25533,Other,,Other,original
O30245,Atypical,,Atypical,original
O34507,Other,,Other,original
O35099,CMGC,,CMGC,original
O35491,CMGC,,CMGC,original
O35495,CMGC,,CMGC,original
O35826,AGC,,AGC,original
O35831,CMGC,,CMGC,original
O35926,CMGC,,CMGC,original
O42422,Other,TK,TK,name_regex
O42844,CAMK,,CAMK,original
O42900,Other,,Other,original
O43187,TKL,,TKL,original
O43252,Other,,Other,original
O43293,CAMK,,CAMK,original
O43318,TKL,,TKL,original
O43353,TKL,,TKL,original
O43422,Other,TK,TK,name_regex
O43572,Atypical,,Atypical,original
O43683,Other,,Other,original
O43687,Other,,Other,original
O43741,CAMK,,CAMK,original
O43781,CMGC,,CMGC,original
O43921,CMGC,,CMGC,original
O44408,CMGC,,CMGC,original
O44514,CMGC,,CMGC,original
O44959,Atypical,,Atypical,original
O44997,CAMK,,CAMK,original
O45797,AGC,,AGC,original
O45818,CAMK,,CAMK,original
O46560,Other,,Other,original
O48709,Other,,Other,original
O49196,Other,,Other,original
O49203,Atypical,,Atypical,original
O49545,Other,,Other,original
O49839,TK,,TK,original
O50274,Other,TKL,TKL,mapping
O54838,Other,TK,TK,mapping
O54874,AGC,,AGC,original
O54885,CAMK,,CAMK,original
O54967,TK,,TK,original
O54992,AGC,,AGC,original
O55173,AGC,,AGC,original
O55222,TKL,,TKL,original
O58328,Other,,Other,original
O59748,Other,Atypical,Atypical,name_regex
O59763,Other,,Other,original
O59790,Other,,Other,original
O60229,CAMK,,CAMK,original
O60271,CMGC,,CMGC,original
O60285,CAMK,,CAMK,original
O60336,CMGC,,CMGC,original
O60674,Other,TK,TK,mapping
O61122,STE,,STE,original
O61125,STE,,STE,original
O61267,CAMK,,CAMK,original
O61460,TK,,TK,original
O61661,CAMK,,CAMK,original
O61847,CMGC,,CMGC,original
O62305,CAMK,,CAMK,original
O62618,CMGC,,CMGC,original
O62619,Other,,Other,original
O64629,Other,,Other,original
O64682,Other,,Other,original
O64768,Other,TK,TK,name_regex
O64816,Other,TK,TK,name_regex
O64825,Other,,Other,original
O65440,Other,,Other,original
O69729,TK,,TK,original
O70150,CAMK,,CAMK,original
O70167,Atypical,,Atypical,original
O70405,Other,,Other,original
O70444,CAMK,,CAMK,original
O73791,TK,,TK,original
O73875,TK,,TK,original
O74135,CK1,,CK1,original
O74304,STE,,STE,original
O74429,Histidine,,Histidine,original
O74536,CAMK,,CAMK,original
O74539,Histidine,,Histidine,original
O74630,Other,Atypical,Atypical,mapping
O74866,Other,,Other,original
O75011,Other,,Other,original
O75063,Other,,Other,original
O75460,Other,TK,TK,name_regex
O75563,TK,,TK,original
O75569,Other,TK,TK,name_regex
O75716,TKL,,TKL,original
O75838,CAMK,,CAMK,original
O75912,Other,,Other,original
O76039,CMGC,,CMGC,original
O76324,CK1,,CK1,original
O76360,AGC,,AGC,original
O76411,TK,,TK,original
O80345,CMGC,,CMGC,original
O80396,STE,,STE,original
O80397,STE,,STE,original
O80528,Other,,Other,original
O80568,Other,,Other,original
O80888,Other,,Other,original
O80963,Other,,Other,original
O81069,TK,,TK,original
O81472,CMGC,,CMGC,original
O81833,Other,,Other,original
O81852,Other,,Other,original
O81893,Other,,Other,original
O82318,Other,,Other,original
O83553,Other,,Other,original
O88351,Other,,Other,original
O88653,CMGC,,CMGC,original
O88763,Atypical,,Atypical,original
O88987,Other,,Other,original
O94235,Other,,Other,original
O94487,Other,,Other,original
O94537,Other,,Other,original
O94547,CAMK,,CAMK,original
O94684,CMGC,,CMGC,original
O94740,Other,TK,TK,name_regex
O94751,Other,,Other,original
O94768,CAMK,,CAMK,original
O94806,AGC,,AGC,original
O95147,Other,TK,TK,mapping
O95544,Other,,Other,original
O95819,CMGC,,CMGC,original
O95835,AGC,,AGC,original
O96838,Other,,Other,original
O97799,Other,TK,TK,name_regex
P00519,TK,,TK,original
P00522,TK,,TK,original
P00528,TK,,TK,original
P00533,TK,,TK,original
P00545,Other,TK,TK,name_regex
P00568,Other,,Other,original
P00572,Other,,Other,original
P03949,TK,,TK,original
P04290,Atypical,,Atypical,original
P04385,Other,TK,TK,mapping
P04413,Other,,Other,original
P05129,AGC,,AGC,original
P05130,AGC,,AGC,original
P05986,AGC,,AGC,original
P05987,Other,,Other,original
P06101,Other,TK,TK,name_regex
P06242,CMGC,,CMGC,original
P06782,CAMK,,CAMK,original
P06784,STE,,STE,original
P07250,CAMK,,CAMK,original
P07277,Other,,Other,original
P07278,AGC,,AGC,original
P07334,CAMK,,CAMK,original
P07527,Other,,Other,original
P08018,STE,,STE,original
P08182,Other,,Other,original
P08581,Other,TK,TK,name_regex
P08630,TK,,TK,original
P08631,TK,,TK,original
P08660,Other,,Other,original
P08760,Atypical,,Atypical,original
P08922,TK,,TK,original
P08923,TK,,TK,original
P08941,TK,,TK,original
P09099,Other,,Other,original
P09208,TK,,TK,original
P09605,Atypical,,Atypical,original
P09760,Other,TK,TK,name_regex
P09835,Histidine,,Histidine,original
P0A6C8,Other,TK,TK,mapping
P0A796,Other,,Other,original
P0AA93,Histidine,,Histidine,original
P0ABN1,Other,,Other,original
P0ACY3,Other,,Other,original
P0AD14,Histidine,,Histidine,original
P0AD61,Other,,Other,original
P0AE82,Histidine,,Histidine,original
P0AEC5,Histidine,,Histidine,original
P0AEC8,Histidine,,Histidine,original
P0AEJ4,Histidine,,Histidine,original
P0AEW6,Other,,Other,original
P0AEW9,Other,,Other,original
P0AFB5,Histidine,,Histidine,original
P0AGG0,Other,,Other,original
P0C0K3,Other,,Other,original
P0C0R5,Other,,Other,original
P0C0T1,Other,,Other,original
P0C1S8,Other,,Other,original
P0C5E2,TK,,TK,original
P0CM22,Other,,Other,original
P0DL10,Other,CMGC,CMGC,name_regex
P0DMC5,Histidine,,Histidine,original
P0DMM5,Other,TK,TK,name_regex
P0DPA8,Other,TK,TK,mapping
P0DV84,TK,,TK,original
P10506,CMGC,,CMGC,original
P10869,Other,,Other,original
P10880,Other,,Other,original
P11346,TKL,,TKL,original
P11792,AGC,,AGC,original
P11799,CAMK,,CAMK,original
P11801,CAMK,,CAMK,original
P11837,CAMK,,CAMK,original
P12624,CAMK,,CAMK,original
P12688,AGC,,AGC,original
P12798,CAMK,,CAMK,original
P12928,Other,,Other,original
P13185,CAMK,,CAMK,original
P13186,CAMK,,CAMK,original
P13234,CAMK,,CAMK,original
P13288,Atypical,,Atypical,original
P13388,TK,,TK,original
P13677,AGC,,AGC,original
P13799,Histidine,,Histidine,original
P14083,TK,,TK,original
P14377,Histidine,,Histidine,original
P14680,CMGC,,CMGC,original
P14681,Other,,Other,original
P15056,TKL,,TKL,original
P15442,Other,RGC,RGC,mapping
P15454,Other,,Other,original
P15700,Other,,Other,original
P15735,CAMK,,CAMK,original
P15790,Other,,Other,original
P16304,Other,,Other,original
P16788,Atypical,,Atypical,original
P16912,AGC,,AGC,original
P17423,Other,Histidine,Histidine,name_regex
P17709,Other,,Other,original
P17948,TK,,TK,original
P18106,Other,TK,TK,name_regex
P18160,TK,,TK,original
P18161,TK,,TK,original
P18431,CMGC,,CMGC,original
P18461,TK,,TK,original
P18475,Other,TK,TK,name_regex
P19525,Other,RGC,RGC,mapping
P20425,Other,,Other,original
P20485,Other,,Other,original
P20794,CMGC,,CMGC,original
P20827,CMGC,,CMGC,original
P20911,CMGC,,CMGC,original
P21127,CMGC,,CMGC,original
P21137,AGC,,AGC,original
P21268,Other,CK1,CK1,name_regex
P21373,Other,,Other,original
P21860,TK,,TK,original
P21965,CK1,,CK1,original
P22204,Other,,Other,original
P22211,Other,RGC,RGC,name_regex
P22216,CAMK,,CAMK,original
P22219,Other,TK,TK,name_regex
P22517,CAMK,,CAMK,original
P22887,Other,,Other,original
P22987,Other,,Other,original
P23292,CK1,,CK1,original
P23293,CMGC,,CMGC,original
P23298,AGC,,AGC,original
P23561,STE,,STE,original
P23573,CMGC,,CMGC,original
P23647,Other,,Other,original
P23677,CAMK,,CAMK,original
P23727,Atypical,,Atypical,original
P23743,CAMK,,CAMK,original
P23874,Other,,Other,original
P23919,Other,,Other,original
P24348,TK,,TK,original
P24518,Other,,Other,original
P24583,AGC,,AGC,original
P25323,CAMK,,CAMK,original
P25333,Other,,Other,original
P25341,Other,,Other,original
P25389,CAMK,,CAMK,original
P26512,Other,,Other,original
P27144,Atypical,,Atypical,original
P27450,TK,,TK,original
P27466,CAMK,,CAMK,original
P27515,Other,,Other,original
P27638,CMGC,,CMGC,original
P27697,Atypical,,Atypical,original
P27987,CAMK,,CAMK,original
P28178,AGC,,AGC,original
P28667,CAMK,,CAMK,original
P28708,CAMK,,CAMK,original
P28829,CMGC,,CMGC,original
P29295,CK1,,CK1,original
P29322,Other,TK,TK,name_regex
P29323,TK,,TK,original
P29597,TK,,TK,original
P29620,CMGC,,CMGC,original
P29931,Other,,Other,original
P30085,Other,,Other,original
P30086,Other,TK,TK,name_regex
P30290,Other,,Other,original
P30291,Other,,Other,original
P30530,Other,TK,TK,mapping
P30847,Histidine,,Histidine,original
P31006,Other,,Other,original
P31152,CMGC,,CMGC,original
P31318,Atypical,,Atypical,original
P31323,Other,,Other,original
P31374,Other,,Other,original
P32143,Other,,Other,original
P32171,Other,,Other,original
P32189,Atypical,,Atypical,original
P32325,Other,,Other,original
P32350,CMGC,,CMGC,original
P32361,Other,TK,TK,name_regex
P32490,STE,,STE,original
P32491,STE,,STE,original
P32562,Other,AGC,AGC,name_regex
P32577,TK,,TK,original
P32578,Other,,Other,original
P32600,Other,TK,TK,name_regex
P32622,CAMK,,CAMK,original
P32742,Other,,Other,original
P32789,Other,TK,TK,name_regex
P32801,Other,,Other,original
P32866,AGC,,AGC,original
P32944,Other,,Other,original
P33639,Histidine,,Histidine,original
P33886,STE,,STE,original
P33892,Other,RGC,RGC,mapping
P33981,Other,CMGC,CMGC,name_regex
P34093,Atypical,,Atypical,original
P34099,AGC,,AGC,original
P34125,Other,TK,TK,name_regex
P34164,Other,,Other,original
P34208,CAMK,,CAMK,original
P34244,CAMK,,CAMK,original
P34314,Other,,Other,original
P34331,Other,,Other,original
P34556,CMGC,,CMGC,original
P34609,CMGC,,CMGC,original
P34722,AGC,,AGC,original
P34756,Other,,Other,original
P34885,AGC,,AGC,original
P34908,TKL,,TKL,original
P34925,Other,TK,TK,name_regex
P34947,AGC,,AGC,original
P35507,CK1,,CK1,original
P35590,Other,TK,TK,mapping
P35739,TK,,TK,original
P35790,Other,,Other,original
P35968,TK,,TK,original
P35991,TK,,TK,original
P36003,Other,,Other,original
P36005,Other,TK,TK,name_regex
P36010,Atypical,,Atypical,original
P36027,Other,,Other,original
P36132,Other,,Other,original
P36204,Atypical,,Atypical,original
P36582,AGC,,AGC,original
P36583,AGC,,AGC,original
P36600,AGC,,AGC,original
P36615,CMGC,,CMGC,original
P36616,Other,,Other,original
P36894,TKL,,TKL,original
P36896,TKL,,TKL,original
P37172,TKL,,TKL,original
P37297,Other,,Other,original
P37349,Other,,Other,original
P37529,Other,,Other,original
P37530,Other,,Other,original
P37562,Other,,Other,original
P37677,Other,,Other,original
P38011,CK1,,CK1,original
P38070,AGC,,AGC,original
P38080,Other,,Other,original
P38110,Other,Atypical,Atypical,mapping
P38111,Other,Atypical,Atypical,mapping
P38147,CAMK,,CAMK,original
P38502,Other,,Other,original
P38623,CAMK,,CAMK,original
P38679,STE,,STE,original
P38691,Other,,Other,original
P38692,Other,,Other,original
P38930,Other,,Other,original
P38970,CAMK,,CAMK,original
P38990,Other,,Other,original
P38991,Other,,Other,original
P38994,Other,,Other,original
P39009,CAMK,,CAMK,original
P39104,Other,,Other,original
P39207,Other,,Other,original
P39745,CMGC,,CMGC,original
P39928,Histidine,,Histidine,original
P39962,CK1,,CK1,original
P40160,Atypical,,Atypical,original
P40228,Other,,Other,original
P40233,CK1,,CK1,original
P40236,CK1,,CK1,original
P40376,AGC,,AGC,original
P40380,Other,CMGC,CMGC,name_regex
P40484,Other,,Other,original
P40494,Other,,Other,original
P40530,Atypical,,Atypical,original
P41279,STE,,STE,original
P41695,Other,,Other,original
P41808,CMGC,,CMGC,original
P41835,Other,TK,TK,name_regex
P42338,Atypical,,Atypical,original
P42339,Atypical,,Atypical,original
P42345,Atypical,,Atypical,original
P42525,CMGC,,CMGC,original
P42527,Other,TK,TK,name_regex
P42679,Other,CK1,CK1,name_regex
P42680,Other,TK,TK,name_regex
P42681,TK,,TK,original
P42684,TK,,TK,original
P42773,CMGC,,CMGC,original
P42951,Other,,Other,original
P43057,AGC,,AGC,original
P43298,Other,,Other,original
P43403,TK,,TK,original
P43405,TK,,TK,original
P43563,Other,,Other,original
P43565,Other,,Other,original
P43602,Other,,Other,original
P43633,Other,TK,TK,name_regex
P43637,Other,TK,TK,name_regex
P43639,Other,,Other,original
P44308,Other,,Other,original
P45425,AGC,,AGC,original
P45510,CAMK,,CAMK,original
P45894,CAMK,,CAMK,original
P46014,Other,,Other,original
P46549,STE,,STE,original
P46551,CMGC,,CMGC,original
P46573,TK,,TK,original
P46962,Other,,Other,original
P46963,Other,,Other,original
P47075,Other,TK,TK,name_regex
P47116,Other,,Other,original
P47143,Other,,Other,original
P47735,Other,,Other,original
P47859,Other,,Other,original
P48562,STE,,STE,original
P48609,CMGC,,CMGC,original
P49137,AGC,,AGC,original
P49187,CMGC,,CMGC,original
P49593,CAMK,,CAMK,original
P49594,CAMK,,CAMK,original
P49619,CAMK,,CAMK,original
P49657,CMGC,,CMGC,original
P49759,CMGC,,CMGC,original
P49762,CMGC,,CMGC,original
P49771,TK,,TK,original
P49773,AGC,,AGC,original
P49842,Other,,Other,original
P49918,Other,CMGC,CMGC,name_regex
P49919,Other,CMGC,CMGC,name_regex
P50520,Atypical,,Atypical,original
P50526,Other,,Other,original
P50527,STE,,STE,original
P50528,Other,,Other,original
P50530,CK1,,CK1,original
P50582,Other,,Other,original
P51136,CMGC,,CMGC,original
P51480,CMGC,,CMGC,original
P51570,Other,TK,TK,mapping
P51813,TK,,TK,original
P51817,AGC,,AGC,original
P51948,CMGC,,CMGC,original
P51954,Other,,Other,original
P51955,Other,,Other,original
P51957,Other,,Other,original
P52101,Histidine,,Histidine,original
P52304,Other,,Other,original
P52333,Other,TK,TK,mapping
P52429,Other,,Other,original
P52489,Other,,Other,original
P52687,Histidine,,Histidine,original
P52797,CMGC,,CMGC,original
P52800,CMGC,,CMGC,original
P52824,Other,,Other,original
P53104,Other,TK,TK,name_regex
P53170,Atypical,,Atypical,original
P53350,Other,,Other,original
P53599,STE,,STE,original
P53682,CAMK,,CAMK,original
P53739,Other,,Other,original
P53915,Other,,Other,original
P53974,Other,,Other,original
P54199,Other,,Other,original
P54265,Atypical,,Atypical,original
P54350,Other,,Other,original
P54352,Other,,Other,original
P54360,Other,TK,TK,name_regex
P54367,CK1,,CK1,original
P54644,AGC,,AGC,original
P54645,CAMK,,CAMK,original
P54673,Atypical,,Atypical,original
P54674,Atypical,,Atypical,original
P54675,Atypical,,Atypical,original
P54685,CMGC,,CMGC,original
P54756,Other,Histidine,Histidine,name_regex
P54886,Atypical,,Atypical,original
P55263,Other,,Other,original
P55273,CMGC,,CMGC,original
P57078,AGC,,AGC,original
P61488,Other,,Other,original
P61584,AGC,,AGC,original
P61809,CMGC,,CMGC,original
P61925,Other,,Other,original
P62262,Other,AGC,AGC,name_regex
P62345,CAMK,,CAMK,original
P63208,CMGC,,CMGC,original
P70268,AGC,,AGC,original
P70600,CAMK,,CAMK,original
P70826,Other,,Other,original
P73276,Histidine,,Histidine,original
P75548,Other,,Other,original
P76014,Other,,Other,original
P76015,Other,,Other,original
P76339,Histidine,,Histidine,original
P76387,Other,TK,TK,name_regex
P76422,Other,TK,TK,name_regex
P77364,Other,,Other,original
P77510,Histidine,,Histidine,original
P78347,TK,,TK,original
P78362,CMGC,,CMGC,original
P78810,Other,TK,TK,name_regex
P78963,Other,TK,TK,mapping
P79701,TK,,TK,original
P80192,STE,,STE,original
P80197,Other,,Other,original
P80203,TKL,,TKL,original
P81900,Other,,Other,original
P83100,CMGC,,CMGC,original
P83103,Other,,Other,original
P85051,CMGC,,CMGC,original
P87050,CAMK,,CAMK,original
P90648,Other,TK,TK,name_regex
P92958,CAMK,,CAMK,original
P93194,Other,,Other,original
P96368,CAMK,,CAMK,original
P96716,Other,TK,TK,name_regex
P97343,Other,,Other,original
P97377,CMGC,,CMGC,original
P97756,CAMK,,CAMK,original
P97836,Other,TK,TK,name_regex
P98172,CMGC,,CMGC,original
P9WGK3,Histidine,,Histidine,original
P9WGK9,Histidine,,Histidine,original
P9WGL5,Histidine,,Histidine,original
P9WI63,Other,,Other,original
P9WI65,Other,,Other,original
P9WI66,Other,,Other,original
P9WI69,Other,,Other,original
P9WI71,Other,,Other,original
P9WI75,Other,,Other,original
P9WI77,Other,,Other,original
P9WI78,Other,,Other,original
P9WI81,Other,,Other,original
P9WID3,Other,,Other,original
P9WID7,Other,,Other,original
P9WKE1,Other,,Other,original
P9WKF5,Other,,Other,original
P9WLZ7,Other,,Other,original
P9WNM5,Other,TKL,TKL,mapping
P9WPI9,TK,,TK,original
Q00168,CAMK,,CAMK,original
Q00342,TK,,TK,original
Q00534,CMGC,,CMGC,original
Q00771,CAMK,,CAMK,original
Q00772,CMGC,,CMGC,original
Q01217,Atypical,,Atypical,original
Q01389,CK1,,CK1,original
Q01415,Other,TK,TK,mapping
Q01583,CAMK,,CAMK,original
Q01919,Other,,Other,original
Q01973,TK,,TK,original
Q02040,Other,TK,TK,name_regex
Q02099,Other,Atypical,Atypical,mapping
Q02111,AGC,,AGC,original
Q02499,Other,,Other,original
Q02606,CMGC,,CMGC,original
Q02952,CAMK,,CAMK,original
Q03002,Other,,Other,original
Q03042,AGC,,AGC,original
Q03043,AGC,,AGC,original
Q03142,TK,,TK,original
Q03145,Other,TK,TK,name_regex
Q03351,TK,,TK,original
Q03407,AGC,,AGC,original
Q03426,Other,,Other,original
Q03497,STE,,STE,original
Q03526,Other,TK,TK,name_regex
Q03533,Other,,Other,original
Q03563,Other,,Other,original
Q03603,CAMK,,CAMK,original
Q03656,Other,CMGC,CMGC,name_regex
Q03778,Atypical,,Atypical,original
Q03785,TK,,TK,original
Q03941,Atypical,,Atypical,original
Q03957,CMGC,,CMGC,original
Q03963,Other,RGC,RGC,mapping
Q04430,Other,,Other,original
Q04739,Other,,Other,original
Q04912,TK,,TK,original
Q04940,CAMK,,CAMK,original
Q04J43,Other,,Other,original
Q05512,CAMK,,CAMK,original
Q05599,Other,,Other,original
Q05609,TKL,,TKL,original
Q05652,TKL,,TKL,original
Q05655,AGC,,AGC,original
Q06067,Histidine,,Histidine,original
Q06147,Other,,Other,original
Q06204,Other,,Other,original
Q06240,Histidine,,Histidine,original
Q06259,Other,,Other,original
Q06418,Other,TK,TK,mapping
Q06685,Histidine,,Histidine,original
Q06807,TK,,TK,original
Q06904,Histidine,,Histidine,original
Q07192,CMGC,,CMGC,original
Q07292,TKL,,TKL,original
Q07407,TK,,TK,original
Q07538,CMGC,,CMGC,original
Q07845,Other,TK,TK,name_regex
Q08012,Other,,Other,original
Q08217,Other,,Other,original
Q08224,Other,TK,TK,name_regex
Q08345,CAMK,,CAMK,original
Q08J23,Atypical,,Atypical,original
Q09092,Other,,Other,original
Q09103,Other,TK,TK,name_regex
Q09147,TK,,TK,original
Q09170,CAMK,,CAMK,original
Q09298,Atypical,,Atypical,original
Q09437,CMGC,,CMGC,original
Q09488,TKL,,TKL,original
Q09499,Other,,Other,original
Q09595,CMGC,,CMGC,original
Q09639,AGC,,AGC,original
Q09690,CMGC,,CMGC,original
Q09815,CMGC,,CMGC,original
Q09898,Other,,Other,original
Q0D5R3,Other,,Other,original
Q0GGW5,CAMK,,CAMK,original
Q0GXS4,Other,,Other,original
Q0J4I1,CMGC,,CMGC,original
Q0JA29,Other,,Other,original
Q0KHQ5,STE,,STE,original
Q0KHV6,Atypical,,Atypical,original
Q0PW40,Other,,Other,original
Q0V3H0,Other,,Other,original
Q0WNX9,CK1,,CK1,original
Q0WNY5,Other,,Other,original
Q0WPH8,Other,,Other,original
Q0WUR5,Other,,Other,original
Q0WUY1,CAMK,,CAMK,original
Q0WW55,Atypical,,Atypical,original
Q10156,CMGC,,CMGC,original
Q10281,CK1,,CK1,original
Q10292,CAMK,,CAMK,original
Q10343,CAMK,,CAMK,original
Q10364,AGC,,AGC,original
Q10407,STE,,STE,original
Q10664,STE,,STE,original
Q10925,TK,,TK,original
Q10M74,AGC,,AGC,original
Q11179,CMGC,,CMGC,original
Q12003,Other,,Other,original
Q12055,Other,,Other,original
Q12100,TK,,TK,original
Q12126,CMGC,,CMGC,original
Q12196,Atypical,,Atypical,original
Q12236,AGC,,AGC,original
Q12246,Other,,Other,original
Q12263,CAMK,,CAMK,original
Q12469,STE,,STE,original
Q12494,AGC,,AGC,original
Q12505,Other,,Other,original
Q12659,Other,,Other,original
Q12701,AGC,,AGC,original
Q12706,AGC,,AGC,original
Q12792,TK,,TK,original
Q12802,Other,,Other,original
Q12866,TK,,TK,original
Q13023,Other,CMGC,CMGC,name_regex
Q13057,Atypical,,Atypical,original
Q13163,CMGC,,CMGC,original
Q13164,CMGC,,CMGC,original
Q13217,Other,TK,TK,name_regex
Q13232,AGC,,AGC,original
Q13233,CMGC,,CMGC,original
Q13237,AGC,,AGC,original
Q13308,TK,,TK,original
Q13309,CMGC,,CMGC,original
Q13470,TK,,TK,original
Q13516,CK1,,CK1,original
Q13546,TKL,,TKL,original
Q13554,CAMK,,CAMK,original
Q13627,CMGC,,CMGC,original
Q13882,TK,,TK,original
Q14296,Atypical,,Atypical,original
Q14393,CAMK,,CAMK,original
Q14CZ7,Atypical,,Atypical,original
Q15118,Atypical,,Atypical,original
Q15126,Other,,Other,original
Q15303,TK,,TK,original
Q15599,TK,,TK,original
Q15746,CAMK,,CAMK,original
Q15750,STE,,STE,original
Q15768,CMGC,,CMGC,original
Q15772,CAMK,,CAMK,original
Q16620,TK,,TK,original
Q16659,CMGC,,CMGC,original
Q16667,CMGC,,CMGC,original
Q16828,Other,TK,TK,mapping
Q16832,TK,,TK,original
Q16854,Atypical,,Atypical,original
Q17446,CMGC,,CMGC,original
Q17850,STE,,STE,original
Q17941,AGC,,AGC,original
Q18425,Atypical,,Atypical,original
Q18PE0,TK,,TK,original
Q19192,CMGC,,CMGC,original
Q19469,CAMK,,CAMK,original
Q19848,CK1,,CK1,original
Q1ECX4,Other,,Other,original
Q1L721,Other,,Other,original
Q1L8L9,Atypical,,Atypical,original
Q1PCB1,Other,,Other,original
Q1PDV6,Other,,Other,original
Q1PDW3,Other,,Other,original
Q1RMT8,TKL,,TKL,original
Q20085,Other,TK,TK,name_regex
Q20347,STE,,STE,original
Q20471,CK1,,CK1,original
Q21017,CAMK,,CAMK,original
Q21029,STE,,STE,original
Q21307,STE,,STE,original
Q21360,CAMK,,CAMK,original
Q21734,AGC,,AGC,original
Q21776,Other,,Other,original
Q22146,Other,,Other,original
Q22197,Other,CMGC,CMGC,name_regex
Q22258,Other,Atypical,Atypical,mapping
Q22695,Other,CMGC,CMGC,name_regex
Q22942,CAMK,,CAMK,original
Q23023,Other,,Other,original
Q23356,STE,,STE,original
Q23357,CMGC,,CMGC,original
Q23977,CMGC,,CMGC,original
Q24145,Other,TK,TK,name_regex
Q24210,CAMK,,CAMK,original
Q24324,CMGC,,CMGC,original
Q24488,Other,TK,TK,name_regex
Q24592,Other,TK,TK,mapping
Q27324,Other,TK,TK,name_regex
Q27564,CAMK,,CAMK,original
Q27705,Other,,Other,original
Q28GW8,CAMK,,CAMK,original
Q29092,CAMK,,CAMK,original
Q2G1M5,Other,,Other,original
Q2H6X2,Other,,Other,original
Q2L6W9,AGC,,AGC,original
Q2LGB3,TKL,,TKL,original
Q2M3C7,Other,CAMK,CAMK,name_regex
Q2MHE4,Other,TK,TK,name_regex
Q2PAY2,Other,,Other,original
Q2PAY3,Other,,Other,original
Q2QAV0,Other,,Other,original
Q2QM77,Other,,Other,original
Q2R2D5,Other,,Other,original
Q2R560,Other,,Other,original
Q2RAK2,Other,,Other,original
Q2RNU4,Other,,Other,original
Q2T9M1,CAMK,,CAMK,original
Q2TBE6,Atypical,,Atypical,original
Q2ULU3,STE,,STE,original
Q32MK0,CAMK,,CAMK,original
Q336V9,Other,,Other,original
Q38870,CAMK,,CAMK,original
Q388M1,CMGC,,CMGC,original
Q38914,Other,AGC,AGC,name_regex
Q38SD2,TKL,,TKL,original
Q39030,AGC,,AGC,original
Q39203,Other,,Other,original
Q39238,Other,,Other,original
Q3E8W4,Other,,Other,original
Q3E991,Other,,Other,original
Q3S4A7,Histidine,,Histidine,original
Q3TYD6,TK,,TK,original
Q3TZX8,Other,TK,TK,name_regex
Q3U6Q4,Atypical,,Atypical,original
Q3UH66,Other,,Other,original
Q3UIZ8,CAMK,,CAMK,original
Q3ULB5,STE,,STE,original
Q3UVC0,TKL,,TKL,original
Q3V016,CMGC,,CMGC,original
Q3V129,Other,,Other,original
Q3Y416,CAMK,,CAMK,original
Q40541,STE,,STE,original
Q40902,Other,,Other,original
Q496M5,Other,,Other,original
Q49GP3,Atypical,,Atypical,original
Q49HM9,AGC,,AGC,original
Q49MI3,Other,,Other,original
Q4FZD7,Other,,Other,original
Q4J9K4,Other,,Other,original
Q4JL91,Other,,Other,original
Q4KM34,CMGC,,CMGC,original
Q4P0K0,Other,,Other,original
Q4P8F6,Other,,Other,original
Q4R8E0,Other,RGC,RGC,mapping
Q4V920,Other,TK,TK,name_regex
Q4VSN4,Other,TK,TK,name_regex
Q4WHP3,STE,,STE,original
Q4WKP8,Other,TK,TK,name_regex
Q4WVG0,AGC,,AGC,original
Q4X1A8,AGC,,AGC,original
Q500Y9,Other,,Other,original
Q501Q9,Other,,Other,original
Q504Y2,AGC,,AGC,original
Q52EB3,Other,,Other,original
Q53GL0,Other,CK1,CK1,name_regex
Q53R41,Atypical,,Atypical,original
Q53W83,Other,,Other,original
Q54944,Other,,Other,original
Q54BM7,Other,,Other,original
Q54H46,TK,,TK,original
Q54HC6,TKL,,TKL,original
Q54I36,TKL,,TKL,original
Q54JC7,TK,,TK,original
Q54QB1,CMGC,,CMGC,original
Q54QQ1,TKL,,TKL,original
Q54QV3,CMGC,,CMGC,original
Q54R82,CMGC,,CMGC,original
Q54RB7,TKL,,TKL,original
Q54TA1,TK,,TK,original
Q54TM7,TK,,TK,original
Q54TW2,TK,,TK,original
Q54U87,Histidine,,Histidine,original
Q54UC0,AGC,,AGC,original
Q54WJ0,CAMK,,CAMK,original
Q54WX4,Other,,Other,original
Q54XQ2,TKL,,TKL,original
Q54YF2,AGC,,AGC,original
Q55168,Atypical,,Atypical,original
Q552C6,TKL,,TKL,original
Q556Y4,CK1,,CK1,original
Q558U1,TK,,TK,original
Q55BN8,TK,,TK,original
Q55C57,CMGC,,CMGC,original
Q55CL6,CMGC,,CMGC,original
Q55CS7,Other,TK,TK,mapping
Q55CZ1,TK,,TK,original
Q55D99,STE,,STE,original
Q55DD4,STE,,STE,original
Q55E58,TK,,TK,original
Q55EC7,TKL,,TKL,original
Q55FS2,STE,,STE,original
Q55FT4,TK,,TK,original
Q55GJ2,TK,,TK,original
Q55GV3,STE,,STE,original
Q56UN5,STE,,STE,original
Q571K4,STE,,STE,original
Q57849,Other,,Other,original
Q58327,Other,,Other,original
Q58487,Other,,Other,original
Q59H18,TKL,,TKL,original
Q59KM8,Other,,Other,original
Q59LR2,Other,Atypical,Atypical,mapping
Q59RW5,Atypical,,Atypical,original
Q59W62,CAMK,,CAMK,original
Q5A1D3,CMGC,,CMGC,original
Q5A599,Histidine,,Histidine,original
Q5A649,Other,,Other,original
Q5A6T5,STE,,STE,original
Q5A872,Histidine,,Histidine,original
Q5AAG6,CMGC,,CMGC,original
Q5ABC6,Other,,Other,original
Q5AG71,CAMK,,CAMK,original
Q5AHA0,Histidine,,Histidine,original
Q5AHG6,AGC,,AGC,original
Q5AHK2,CMGC,,CMGC,original
Q5AP53,STE,,STE,original
Q5AP97,Other,,Other,original
Q5APR8,STE,,STE,original
Q5BJQ0,Atypical,,Atypical,original
Q5BLX8,CMGC,,CMGC,original
Q5DU14,Other,TKL,TKL,mapping
Q5EAK6,Other,Atypical,Atypical,mapping
Q5EBM0,Atypical,,Atypical,original
Q5F3L1,AGC,,AGC,original
Q5GIT4,TK,,TK,original
Q5HZ38,Other,,Other,original
Q5I6B8,Other,,Other,original
Q5JHF1,Other,,Other,original
Q5JQC9,Other,,Other,original
Q5KSL6,Other,,Other,original
Q5NBY9,Other,,Other,original
Q5NTH4,Other,,Other,original
Q5QD51,CAMK,,CAMK,original
Q5R4L1,Other,,Other,original
Q5RD27,CMGC,,CMGC,original
Q5S006,Atypical,,Atypical,original
Q5TCQ9,Other,,Other,original
Q5TCS8,Other,,Other,original
Q5TCX8,TKL,,TKL,original
Q5TCY1,CK1,,CK1,original
Q5TCZ1,TK,,TK,original
Q5U303,STE,,STE,original
Q5U3W1,AGC,,AGC,original
Q5UQL3,Other,,Other,original
Q5VST9,CAMK,,CAMK,original
Q5WA76,CK1,,CK1,original
Q5ZJB4,Other,,Other,original
Q5ZM91,Other,,Other,original
Q60352,Other,,Other,original
Q60365,Other,,Other,original
Q60700,CMGC,,CMGC,original
Q60750,Other,TK,TK,name_regex
Q609I3,Other,,Other,original
Q61084,CMGC,,CMGC,original
Q61097,TKL,,TKL,original
Q61161,CMGC,,CMGC,original
Q61220,CAMK,,CAMK,original
Q62070,CAMK,,CAMK,original
Q62101,AGC,,AGC,original
Q62190,TK,,TK,original
Q62388,Other,Atypical,Atypical,mapping
Q62767,Other,TK,TK,mapping
Q62847,CAMK,,CAMK,original
Q62919,CAMK,,CAMK,original
Q62921,AGC,,AGC,original
Q63572,TKL,,TKL,original
Q63651,AGC,,AGC,original
Q63932,CMGC,,CMGC,original
Q64364,Atypical,,Atypical,original
Q64702,Other,,Other,original
Q64FQ2,Other,RGC,RGC,name_regex
Q66HA1,STE,,STE,original
Q67Y93,CMGC,,CMGC,original
Q67ZM7,Other,,Other,original
Q68DQ2,Other,TK,TK,name_regex
Q68FF6,AGC,,AGC,original
Q69ZM6,Other,,Other,original
Q6AVI8,CAMK,,CAMK,original
Q6B516,Other,,Other,original
Q6B9X6,Atypical,,Atypical,original
Q6BNF3,STE,,STE,original
Q6BRY2,CMGC,,CMGC,original
Q6C1X5,Other,,Other,original
Q6CCB0,CMGC,,CMGC,original
Q6DBX4,AGC,,AGC,original
Q6DGS3,CAMK,,CAMK,original
Q6DT37,AGC,,AGC,original
Q6FIU2,Other,,Other,original
Q6FL58,Other,,Other,original
Q6FRH8,Other,,Other,original
Q6FSR7,Other,,Other,original
Q6FV07,Other,,Other,original
Q6G7I0,Other,,Other,original
Q6GMN2,TK,,TK,original
Q6GPL3,Other,,Other,original
Q6H7D2,Other,,Other,original
Q6H9I1,Other,,Other,original
Q6IQ55,CK1,,CK1,original
Q6JBY9,Other,,Other,original
Q6JP77,Other,,Other,original
Q6K881,Other,,Other,original
Q6P0Q8,AGC,,AGC,original
Q6P1N0,AGC,,AGC,original
Q6P4S6,CAMK,,CAMK,original
Q6P5Z2,AGC,,AGC,original
Q6P9H4,Other,,Other,original
Q6PDN3,CAMK,,CAMK,original
Q6PEB6,Other,,Other,original
Q6QGP4,Other,,Other,original
Q6R2K3,Other,,Other,original
Q6RET6,CAMK,,CAMK,original
Q6SA08,CAMK,,CAMK,original
Q6TCH7,Other,TKL,TKL,name_regex
Q6TJY3,Atypical,,Atypical,original
Q6UD73,Other,,Other,original
Q6USK2,CAMK,,CAMK,original
Q6XHB2,TK,,TK,original
Q6ZMQ8,CMGC,,CMGC,original
Q6ZQ29,STE,,STE,original
Q6ZWH5,Other,,Other,original
Q70FJ1,Other,,Other,original
Q70IA6,Other,,Other,original
Q70PP2,Other,Atypical,Atypical,name_regex
Q70UQ0,Other,,Other,original
Q75CH3,Other,,Other,original
Q75DK7,STE,,STE,original
Q75JK0,TKL,,TKL,original
Q76MJ5,Other,TK,TK,name_regex
Q76NI1,Other,,Other,original
Q7FK82,TK,,TK,original
Q7K3L1,Other,,Other,original
Q7KRY6,CK1,,CK1,original
Q7L591,TK,,TK,original
Q7L8L6,Atypical,,Atypical,original
Q7LDG7,CAMK,,CAMK,original
Q7M537,Other,,Other,original
Q7M6U3,Other,,Other,original
Q7NBZ0,Other,,Other,original
Q7RAH3,CAMK,,CAMK,original
Q7RTN6,STE,,STE,original
Q7RZD3,STE,,STE,original
Q7T2V3,TKL,,TKL,original
Q7TPS0,AGC,,AGC,original
Q7TT37,Other,,Other,original
Q7XIT1,Other,TK,TK,name_regex
Q7XJR9,CAMK,,CAMK,original
Q7XJT7,TK,,TK,original
Q7XV05,CMGC,,CMGC,original
Q7Y0B9,Other,,Other,original
Q7Z2Y5,STE,,STE,original
Q7Z695,Atypical,,Atypical,original
Q7ZVS3,Other,,Other,original
Q7ZYJ3,Atypical,,Atypical,original
Q80V72,Other,,Other,original
Q80X41,CK1,,CK1,original
Q80XP9,Other,,Other,original
Q80Y86,CMGC,,CMGC,original
Q80YE7,CAMK,,CAMK,original
Q80YV4,Other,,Other,original
Q81WH6,Other,,Other,original
Q84JF0,Other,,Other,original
Q84MD8,Other,,Other,original
Q84UI5,CMGC,,CMGC,original
Q84VQ1,Other,,Other,original
Q84Y01,Other,,Other,original
Q852L0,CK1,,CK1,original
Q869N2,STE,,STE,original
Q86AT8,TKL,,TKL,original
Q86C65,Other,TK,TK,name_regex
Q86CS2,Other,,Other,original
Q86KF9,Other,,Other,original
Q86TB3,Other,,Other,original
Q86TW2,Atypical,,Atypical,original
Q86UE8,Other,,Other,original
Q86UL8,Other,Atypical,Atypical,name_regex
Q86UN6,Other,,Other,original
Q86WB0,Other,TK,TK,name_regex
Q86WV1,TK,,TK,original
Q86Y07,CK1,,CK1,original
Q86YV5,AGC,,AGC,original
Q8AXB3,TK,,TK,original
Q8AXB4,STE,,STE,original
Q8AXC6,Other,TK,TK,name_regex
Q8AXY6,TK,,TK,original
Q8AYG3,Other,,Other,original
Q8BI55,CMGC,,CMGC,original
Q8BLF2,CMGC,,CMGC,original
Q8BM65,Other,TK,TK,name_regex
Q8BTW9,STE,,STE,original
Q8BWQ5,CAMK,,CAMK,original
Q8BX05,Other,,Other,original
Q8BX57,Other,,Other,original
Q8BZN4,CAMK,,CAMK,original
Q8C015,STE,,STE,original
Q8C050,AGC,,AGC,original
Q8C078,CAMK,,CAMK,original
Q8C0Q4,Other,,Other,original
Q8C5H8,Atypical,,Atypical,original
Q8CE90,CMGC,,CMGC,original
Q8CEE6,CAMK,,CAMK,original
Q8CFE4,Other,,Other,original
Q8CFH6,CAMK,,CAMK,original
Q8CFV9,Other,,Other,original
Q8CIP4,CAMK,,CAMK,original
Q8CIR4,CAMK,,CAMK,original
Q8EIX3,Other,,Other,original
Q8GY82,Other,,Other,original
Q8GYJ3,CMGC,,CMGC,original
Q8GZ99,CAMK,,CAMK,original
Q8H186,CAMK,,CAMK,original
Q8H1D6,Other,,Other,original
Q8I113,CAMK,,CAMK,original
Q8I4S1,Other,,Other,original
Q8I7M8,CMGC,,CMGC,original
Q8IB06,Other,TK,TK,name_regex
Q8IJV6,Other,TK,TK,name_regex
Q8IL26,Other,RGC,RGC,mapping
Q8IMC6,CK1,,CK1,original
Q8INB9,AGC,,AGC,original
Q8IQG1,Other,,Other,original
Q8IQG9,Other,,Other,original
Q8IR79,TKL,,TKL,original
Q8IV63,CK1,,CK1,original
Q8IVH8,CMGC,,CMGC,original
Q8IVS8,Atypical,,Atypical,original
Q8IVT5,TKL,,TKL,original
Q8IWB6,AGC,,AGC,original
Q8IWQ3,AGC,,AGC,original
Q8IWU2,CMGC,,CMGC,original
Q8IXL6,CAMK,,CAMK,original
Q8IY84,CAMK,,CAMK,original
Q8J294,Other,,Other,original
Q8K1R7,Other,,Other,original
Q8K4B2,TKL,,TKL,original
Q8K4T3,STE,,STE,original
Q8K4T5,Other,TK,TK,mapping
Q8L4H0,Other,,Other,original
Q8L4H4,Other,CMGC,CMGC,name_regex
Q8L617,Other,,Other,original
Q8L794,Other,,Other,original
Q8L796,Other,,Other,original
Q8L7L1,Other,,Other,original
Q8L7R2,Other,,Other,original
Q8L850,Other,,Other,original
Q8LPB4,Other,,Other,original
Q8LPS5,CMGC,,CMGC,original
Q8MMZ7,AGC,,AGC,original
Q8MMZ8,AGC,,AGC,original
Q8MQ70,CMGC,,CMGC,original
Q8MXI4,CMGC,,CMGC,original
Q8MY12,Other,TK,TK,name_regex
Q8N1F8,Other,,Other,original
Q8N4C6,CMGC,,CMGC,original
Q8N726,Atypical,,Atypical,original
Q8NDC0,CMGC,,CMGC,original
Q8NDZ4,AGC,,AGC,original
Q8NFD2,AGC,,AGC,original
Q8NFT6,Other,,Other,original
Q8NFU5,Other,,Other,original
Q8NG66,Other,,Other,original
Q8NQH1,Other,TK,TK,name_regex
Q8QFP8,TKL,,TKL,original
Q8R4V0,AGC,,AGC,original
Q8R550,Other,,Other,original
Q8RWG1,Other,,Other,original
Q8RWH3,Other,TK,TK,name_regex
Q8RWW0,Other,,Other,original
Q8RWX4,Other,,Other,original
Q8RWZ1,Other,,Other,original
Q8RWZ5,Other,,Other,original
Q8S8Y9,Other,,Other,original
Q8SSS9,TK,,TK,original
Q8T0S6,STE,,STE,original
Q8T2I8,Other,,Other,original
Q8TBX8,Other,,Other,original
Q8TCT0,CAMK,,CAMK,original
Q8TDY2,Other,TK,TK,name_regex
Q8TE04,Other,,Other,original
Q8TE68,Other,,Other,original
Q8TEA7,Other,,Other,original
Q8TF76,Other,,Other,original
Q8TFN2,Other,,Other,original
Q8TG40,Other,,Other,original
Q8TGI1,Other,,Other,original
Q8VHF0,CAMK,,CAMK,original
Q8VYG2,CAMK,,CAMK,original
Q8VYT3,TK,,TK,original
Q8VYY5,Other,,Other,original
Q8VZG8,TK,,TK,original
Q8W1X2,Other,,Other,original
Q8W4S5,TK,,TK,original
Q8WP15,AGC,,AGC,original
Q8WQG9,CMGC,,CMGC,original
Q8WQL7,CMGC,,CMGC,original
Q8WV44,Other,,Other,original
Q8WVD3,Other,,Other,original
Q8WXG6,Other,,Other,original
Q8WXI2,Other,,Other,original
Q8WY54,CAMK,,CAMK,original
Q8ZPP5,Histidine,,Histidine,original
Q91618,Other,TK,TK,name_regex
Q91738,TK,,TK,original
Q91819,Other,,Other,original
Q91909,Other,TK,TK,name_regex
Q91VB2,CAMK,,CAMK,original
Q922K9,TK,,TK,original
Q92398,CMGC,,CMGC,original
Q92407,Other,,Other,original
Q924C5,Other,,Other,original
Q92551,Other,,Other,original
Q925K9,CAMK,,CAMK,original
Q92630,CMGC,,CMGC,original
Q92667,Atypical,,Atypical,original
Q92918,CMGC,,CMGC,original
Q92SA6,Other,,Other,original
Q93LQ8,AGC,,AGC,original
Q93VD3,CAMK,,CAMK,original
Q93VJ2,Other,TK,TK,name_regex
Q93Y08,Other,,Other,original
Q93YN1,Other,,Other,original
Q93YN9,Other,,Other,original
Q93Z18,CK1,,CK1,original
Q93Z30,Other,,Other,original
Q93ZY2,Other,Atypical,Atypical,name_regex
Q94125,Atypical,,Atypical,original
Q941T1,Other,,Other,original
Q942F3,Other,,Other,original
Q944A6,Other,TK,TK,name_regex
Q944I4,Other,,Other,original
Q944Q0,Other,,Other,original
Q949W8,Other,,Other,original
Q94AT3,Other,,Other,original
Q94C95,Other,,Other,original
Q94CG0,CAMK,,CAMK,original
Q94CL9,CMGC,,CMGC,original
Q95PZ9,CK1,,CK1,original
Q95Q34,Atypical,,Atypical,original
Q95QC4,CAMK,,CAMK,original
Q95RA8,Other,,Other,original
Q95RG8,Other,,Other,original
Q95UN8,TKL,,TKL,original
Q95YH0,CMGC,,CMGC,original
Q95ZQ4,CAMK,,CAMK,original
Q95ZV7,TK,,TK,original
Q960X8,TK,,TK,original
Q965G5,CAMK,,CAMK,original
Q969H4,Other,,Other,original
Q96AA8,Other,TK,TK,mapping
Q96D53,Atypical,,Atypical,original
Q96DU7,CAMK,,CAMK,original
Q96J92,Other,,Other,original
Q96L96,Other,,Other,original
Q96M32,Other,,Other,original
Q96MA6,Other,,Other,original
Q96P16,Other,CMGC,CMGC,name_regex
Q96PC2,Other,,Other,original
Q96PN8,CAMK,,CAMK,original
Q96PY6,Other,,Other,original
Q96Q04,TK,,TK,original
Q96Q15,Atypical,,Atypical,original
Q96Q40,CMGC,,CMGC,original
Q96QP1,Other,,Other,original
Q96QT4,CAMK,,CAMK,original
Q96QZ7,Other,Atypical,Atypical,name_regex
Q96RG2,CAMK,,CAMK,original
Q96RU7,CAMK,,CAMK,original
Q96S38,Other,AGC,AGC,name_regex
Q96S44,Other,,Other,original
Q96S53,TKL,,TKL,original
Q96WV9,CMGC,,CMGC,original
Q97ML3,Other,,Other,original
Q97QZ1,Other,,Other,original
Q97R83,Other,,Other,original
Q97U29,Other,,Other,original
Q97ZE2,Other,,Other,original
Q99490,Other,,Other,original
Q99558,STE,,STE,original
Q99640,Other,TK,TK,name_regex
Q99828,AGC,,AGC,original
Q99956,Other,TK,TK,mapping
Q99996,Atypical,,Atypical,original
Q99J45,Other,,Other,original
Q99JB8,Other,AGC,AGC,name_regex
Q99K30,Other,,Other,original
Q99PZ6,Other,,Other,original
Q9ASS4,TK,,TK,original
Q9BQY9,CK1,,CK1,original
Q9BRS2,Atypical,,Atypical,original
Q9BSF0,Other,CMGC,CMGC,name_regex
Q9BUB5,CAMK,,CAMK,original
Q9BV47,Other,TK,TK,mapping
Q9BVS4,Atypical,,Atypical,original
Q9BW66,CMGC,,CMGC,original
Q9BWU1,CMGC,,CMGC,original
Q9BXA7,CAMK,,CAMK,original
Q9BXM7,Atypical,,Atypical,original
Q9BXU1,AGC,,AGC,original
Q9BY84,Other,TK,TK,mapping
Q9BYP7,Other,,Other,original
Q9BYT3,CAMK,,CAMK,original
Q9C562,CAMK,,CAMK,original
Q9C5H5,STE,,STE,original
Q9C5S1,Other,TK,TK,name_regex
Q9C5S2,Other,TK,TK,name_regex
Q9C5S8,Other,,Other,original
Q9C5U0,Histidine,,Histidine,original
Q9C5U1,Histidine,,Histidine,original
Q9C5U2,Histidine,,Histidine,original
Q9C660,CMGC,,CMGC,original
Q9C7T7,TK,,TK,original
Q9C8I6,Other,,Other,original
Q9C8M9,Other,,Other,original
Q9C9L5,Other,,Other,original
Q9C9U5,CMGC,,CMGC,original
Q9CAD5,CMGC,,CMGC,original
Q9CAL3,Other,,Other,original
Q9CAV6,Other,,Other,original
Q9CIV7,Other,,Other,original
Q9CPY4,CMGC,,CMGC,original
Q9D2Y4,Other,,Other,original
Q9DE14,Other,Atypical,Atypical,mapping
Q9DGE0,CMGC,,CMGC,original
Q9EQ32,Other,,Other,original
Q9ER35,Other,,Other,original
Q9ESL4,TKL,,TKL,original
Q9ESN9,CMGC,,CMGC,original
Q9ESS0,Other,TK,TK,mapping
Q9EZ02,Other,,Other,original
Q9FAF8,Other,,Other,original
Q9FF29,Other,,Other,original
Q9FFN7,Other,,Other,original
Q9FFW5,CMGC,,CMGC,original
Q9FGL5,TK,,TK,original
Q9FGW5,Other,CMGC,CMGC,name_regex
Q9FHG4,TK,,TK,original
Q9FHX3,Other,,Other,original
Q9FII5,Other,,Other,original
Q9FIJ6,Other,,Other,original
Q9FIL7,CAMK,,CAMK,original
Q9FIU5,CAMK,,CAMK,original
Q9FIZ3,Other,,Other,original
Q9FJ54,CAMK,,CAMK,original
Q9FJI1,Other,,Other,original
Q9FJV0,STE,,STE,original
Q9FK63,CAMK,,CAMK,original
Q9FKS0,Other,,Other,original
Q9FKS4,Other,Atypical,Atypical,mapping
Q9FL28,Other,,Other,original
Q9FLT2,Other,,Other,original
Q9FLW9,Atypical,,Atypical,original
Q9FMJ0,Other,,Other,original
Q9FMY3,Other,,Other,original
Q9FMZ0,Other,,Other,original
Q9FN37,Other,,Other,original
Q9FN94,Other,,Other,original
Q9FPR3,CMGC,,CMGC,original
Q9FR53,Other,TK,TK,name_regex
Q9FRS6,Other,,Other,original
Q9FX43,STE,,STE,original
Q9FXF2,TK,,TK,original
Q9FYK0,Other,,Other,original
Q9GRT1,STE,,STE,original
Q9GRU1,CMGC,,CMGC,original
Q9GT24,TK,,TK,original
Q9GYV5,Other,,Other,original
Q9H0C8,Other,,Other,original
Q9H1E3,Other,CMGC,CMGC,name_regex
Q9H2G2,STE,,STE,original
Q9H2X6,CMGC,,CMGC,original
Q9H422,CMGC,,CMGC,original
Q9H4A3,Other,,Other,original
Q9H792,AGC,,AGC,original
Q9H7T9,Other,,Other,original
Q9H8X2,Other,,Other,original
Q9HA47,Other,,Other,original
Q9HBU6,Other,,Other,original
Q9HEW1,AGC,,AGC,original
Q9HGN1,Other,RGC,RGC,mapping
Q9HHB6,Other,TK,TK,mapping
Q9HIN1,Other,,Other,original
Q9HJT3,Other,,Other,original
Q9HUF7,TK,,TK,original
Q9I7F7,Other,TK,TK,name_regex
Q9IA88,CAMK,,CAMK,original
Q9JI10,STE,,STE,original
Q9JIH7,Other,,Other,original
Q9JJH5,Other,,Other,original
Q9JLQ2,AGC,,AGC,original
Q9JLV6,Other,TK,TK,name_regex
Q9JM52,CMGC,,CMGC,original
Q9KH71,Other,,Other,original
Q9KHI5,Histidine,,Histidine,original
Q9KM24,Atypical,,Atypical,original
Q9LD57,Other,,Other,original
Q9LE81,TK,,TK,original
Q9LFL6,Other,,Other,original
Q9LFL7,Other,,Other,original
Q9LFP7,Other,,Other,original
Q9LFS4,Other,TKL,TKL,name_regex
Q9LHP4,Other,,Other,original
Q9LIG2,Other,,Other,original
Q9LIK0,Other,,Other,original
Q9LJD8,STE,,STE,original
Q9LJM4,Other,,Other,original
Q9LK35,Other,,Other,original
Q9LK43,Other,,Other,original
Q9LM33,CMGC,,CMGC,original
Q9LMN8,CAMK,,CAMK,original
Q9LP77,TK,,TK,original
Q9LPP4,Other,CMGC,CMGC,name_regex
Q9LPT1,Other,,Other,original
Q9LS26,Other,,Other,original
Q9LSA9,Other,,Other,original
Q9LSE1,Other,AGC,AGC,name_regex
Q9LSF1,AGC,,AGC,original
Q9LSI9,Other,,Other,original
Q9LSL5,Other,,Other,original
Q9LSR8,Other,,Other,original
Q9LTW5,AGC,,AGC,original
Q9LUL2,Other,,Other,original
Q9LUM0,Other,,Other,original
Q9LW83,Other,AGC,AGC,name_regex
Q9LX30,Other,RGC,RGC,mapping
Q9LX66,CMGC,,CMGC,original
Q9LY03,TK,,TK,original
Q9LY50,Other,,Other,original
Q9LYN8,Other,TK,TK,name_regex
Q9LYU7,Other,AGC,AGC,name_regex
Q9LYU8,Other,,Other,original
Q9LZ78,Other,CMGC,CMGC,name_regex
Q9LZF8,Other,,Other,original
Q9LZG0,Other,,Other,original
Q9LZV4,Other,,Other,original
Q9LZV7,Other,,Other,original
Q9LZW4,CAMK,,CAMK,original
Q9M0E5,Other,,Other,original
Q9M0G7,Other,Atypical,Atypical,name_regex
Q9M1K2,Other,,Other,original
Q9M1L7,Other,,Other,original
Q9M2S4,Other,,Other,original
Q9M345,Other,,Other,original
Q9M394,Other,,Other,original
Q9M3G7,Other,Atypical,Atypical,name_regex
Q9M6A7,Other,,Other,original
Q9M8L4,Other,,Other,original
Q9M8T0,TK,,TK,original
Q9M9C5,TK,,TK,original
Q9M9E0,Other,,Other,original
Q9MA15,Other,,Other,original
Q9MB58,Other,,Other,original
Q9MYP4,CAMK,,CAMK,original
Q9N1F0,Other,,Other,original
Q9N3Z3,CAMK,,CAMK,original
Q9NAH6,AGC,,AGC,original
Q9NB31,STE,,STE,original
Q9NI63,Other,TK,TK,name_regex
Q9NIV1,CMGC,,CMGC,original
Q9NJP9,Other,,Other,original
Q9NJU9,CAMK,,CAMK,original
Q9NLA1,Other,,Other,original
Q9NPI5,Other,,Other,original
Q9NRA0,Atypical,,Atypical,original
Q9NRH2,CAMK,,CAMK,original
Q9NRM7,AGC,,AGC,original
Q9NRW4,CMGC,,CMGC,original
Q9NS73,CMGC,,CMGC,original
Q9NSY1,Other,,Other,original
Q9NVD7,Other,Atypical,Atypical,name_regex
Q9NVF9,Other,,Other,original
Q9NWT1,STE,,STE,original
Q9NWW6,Other,,Other,original
Q9NWZ5,Other,,Other,original
Q9NYA1,CAMK,,CAMK,original
Q9NYY8,Atypical,,Atypical,original
Q9NZJ5,TK,,TK,original
Q9P2D0,TK,,TK,original
Q9P7I2,CAMK,,CAMK,original
Q9P7J8,AGC,,AGC,original
Q9P7Y9,Other,TK,TK,name_regex
Q9QNF7,Other,,Other,original
Q9QWI6,TK,,TK,original
Q9QXL7,Other,,Other,original
Q9QY01,Other,,Other,original
Q9QY17,Other,TK,TK,name_regex
Q9QYP6,Other,,Other,original
Q9R011,Other,,Other,original
Q9R088,Atypical,,Atypical,original
Q9R0A5,Other,,Other,original
Q9R0G8,STE,,STE,original
Q9R0T8,Other,,Other,original
Q9RE09,Other,,Other,original
Q9RRH3,Other,,Other,original
Q9S1H5,Other,,Other,original
Q9S713,Other,,Other,original
Q9S750,Other,,Other,original
Q9S7D9,Other,,Other,original
Q9S7I6,Other,,Other,original
Q9S7U9,STE,,STE,original
Q9S9M2,Other,,Other,original
Q9SA25,Other,,Other,original
Q9SAJ2,Other,TK,TK,name_regex
Q9SBA5,Other,,Other,original
Q9SBJ1,Atypical,,Atypical,original
Q9SCL7,Other,TK,TK,mapping
Q9SCR2,CMGC,,CMGC,original
Q9SCU5,TK,,TK,original
Q9SCY5,Other,,Other,original
Q9SCZ4,Other,TK,TK,name_regex
Q9SEE5,CAMK,,CAMK,original
Q9SH71,Other,,Other,original
Q9SHI2,Other,,Other,original
Q9SII6,TK,,TK,original
Q9SIQ7,CAMK,,CAMK,original
Q9SIT1,Other,,Other,original
Q9SJ05,Other,,Other,original
Q9SKB2,Other,TK,TK,name_regex
Q9SND6,CMGC,,CMGC,original
Q9SPK4,CK1,,CK1,original
Q9SSA4,Other,,Other,original
Q9SSL9,Other,,Other,original
Q9SWI1,Other,,Other,original
Q9SXA1,Other,,Other,original
Q9SXB8,Other,,Other,original
Q9SXL4,Histidine,,Histidine,original
Q9SYM0,Other,,Other,original
Q9TVL3,CMGC,,CMGC,original
Q9TW45,CAMK,,CAMK,original
Q9TXI7,Atypical,,Atypical,original
Q9TZC4,TKL,,TKL,original
Q9TZM3,TKL,,TKL,original
Q9U2H1,Other,CMGC,CMGC,name_regex
Q9U9Y8,CMGC,,CMGC,original
Q9UBU7,Other,,Other,original
Q9UEE5,CAMK,,CAMK,original
Q9UF33,Other,Histidine,Histidine,name_regex
Q9UFP1,Other,,Other,original
Q9UGJ0,CAMK,,CAMK,original
Q9UGK3,Other,,Other,original
Q9UHD2,Other,,Other,original
Q9UHJ6,Other,Histidine,Histidine,name_regex
Q9UIG0,Other,AGC,AGC,name_regex
Q9UJ70,Other,,Other,original
Q9UJT2,Other,,Other,original
Q9UJY1,Other,,Other,original
Q9UKA4,Other,,Other,original
Q9UKE5,STE,,STE,original
Q9ULH0,Other,,Other,original
Q9ULU4,Other,AGC,AGC,name_regex
Q9ULX6,Other,,Other,original
Q9UNA1,Other,TKL,TKL,name_regex
Q9UPE1,CMGC,,CMGC,original
Q9UPQ8,Other,,Other,original
Q9UPZ9,CMGC,,CMGC,original
Q9UQF2,CMGC,,CMGC,original
Q9UQY9,Other,,Other,original
Q9URY1,Other,,Other,original
Q9UTE5,Other,RGC,RGC,mapping
Q9UU96,Other,TK,TK,name_regex
Q9UYB9,Other,,Other,original
Q9V3D5,CMGC,,CMGC,original
Q9V3I5,Other,,Other,original
Q9V3Q6,TKL,,TKL,original
Q9V422,Other,TK,TK,name_regex
Q9V6K3,TK,,TK,original
Q9V853,Other,,Other,original
Q9V9J3,TK,,TK,original
Q9VA38,AGC,,AGC,original
Q9VBW3,TK,,TK,original
Q9VEZ5,Other,,Other,original
Q9VGU6,Atypical,,Atypical,original
Q9VI13,STE,,STE,original
Q9VK45,Other,TK,TK,name_regex
Q9VKN7,Other,,Other,original
Q9VLL3,Other,,Other,original
Q9VM90,Other,,Other,original
Q9VP22,CMGC,,CMGC,original
Q9VPC0,CMGC,,CMGC,original
Q9VR59,Histidine,,Histidine,original
Q9VVW5,Other,TK,TK,mapping
Q9VWQ2,Other,AGC,AGC,name_regex
Q9VXE5,STE,,STE,original
Q9VXG8,Other,Atypical,Atypical,mapping
Q9VXY2,Other,,Other,original
Q9VZI2,Other,,Other,original
Q9W0V1,AGC,,AGC,original
Q9W1B0,AGC,,AGC,original
Q9W2R3,Other,TK,TK,name_regex
Q9W354,Other,,Other,original
Q9W3Y1,Other,AGC,AGC,name_regex
Q9W4E2,Other,,Other,original
Q9WTR2,STE,,STE,original
Q9WUM7,CMGC,,CMGC,original
Q9WVS4,CMGC,,CMGC,original
Q9WYC5,Other,,Other,original
Q9WZP7,Other,TK,TK,name_regex
Q9X2A4,Other,TK,TK,mapping
Q9XDM4,Other,,Other,original
Q9XEC6,Other,,Other,original
Q9XF67,AGC,,AGC,original
Q9XI87,Other,,Other,original
Q9XIW0,CAMK,,CAMK,original
Q9XTF3,CMGC,,CMGC,original
Q9XTR1,CMGC,,CMGC,original
Q9XTW2,Other,AGC,AGC,name_regex
Q9XTY6,Other,AGC,AGC,name_regex
Q9XZT6,Other,,Other,original
Q9Y1J3,AGC,,AGC,original
Q9Y259,Other,,Other,original
Q9Y2D5,Other,,Other,original
Q9Y2I7,Other,,Other,original
Q9Y2K2,CAMK,,CAMK,original
Q9Y3D8,Other,,Other,original
Q9Y3F4,Other,,Other,original
Q9Y3S1,Other,,Other,original
Q9Y4B6,Other,,Other,original
Q9Y572,TKL,,TKL,original
Q9Y6E0,STE,,STE,original
Q9Y6J8,Atypical,,Atypical,original
Q9Y6K8,Other,,Other,original
Q9Y6R4,CMGC,,CMGC,original
Q9Y6T7,CAMK,,CAMK,original
Q9Y7J6,AGC,,AGC,original
Q9Y7K2,Other,TK,TK,name_regex
Q9Y7T4,Other,,Other,original
Q9Y7W4,CMGC,,CMGC,original
Q9Y884,STE,,STE,original
Q9Y899,CAMK,,CAMK,original
Q9YI66,Other,TK,TK,mapping
Q9Z0R0,Other,,Other,original
Q9Z138,TK,,TK,original
Q9Z1H9,Other,AGC,AGC,name_regex
Q9Z1J2,Other,,Other,original
Q9Z1S0,Other,,Other,original
Q9Z1W9,STE,,STE,original
Q9Z265,CAMK,,CAMK,original
Q9ZKJ5,Other,AGC,AGC,name_regex
Q9ZNQ8,CMGC,,CMGC,original
Q9ZPS9,Other,,Other,original
Q9ZPY9,Other,,Other,original
Q9ZQ31,Other,TK,TK,name_regex
Q9ZRF9,TK,,TK,original
Q9ZU46,Other,,Other,original
Q9ZUE0,CMGC,,CMGC,original
Q9ZUZ2,CAMK,,CAMK,original
Q9ZWC8,Other,,Other,original
S8GI44,Other,,Other,original
U4PR86,CAMK,,CAMK,original
V6CIV8,Other,TK,TK,mapping
W0T9X4,Other,,Other,original
X2JDY8,Other,TKL,TKL,name_regex
X5M5N0,Other,,Other,original
A0A061AE05,Other,,Other,original
A0A085GHR3,Other,TK,TK,name_regex
A0A0H3MBJ2,Other,,Other,original
A0A1D6F5N5,Other,,Other,original
A0A1H7TQR5,Other,,Other,original
A0A1L8F8I9,Other,,Other,original
A0A509AIU5,TK,,TK,original
A0A509ALV6,CAMK,,CAMK,original
A0A7J6KD88,STE,,STE,original
A0JM20,Other,TK,TK,mapping
A0KYQ6,AGC,,AGC,original
A0L7X0,Other,,Other,original
A1A697,TK,,TK,original
A1TYR4,Other,,Other,original
A1W0D6,Other,,Other,original
A2C536,Other,,Other,original
A2CI35,Other,TK,TK,name_regex
A2E9H3,Other,,Other,original
A2X4M8,Other,,Other,original
A2Z4C5,Other,,Other,original
A3BE68,TK,,TK,original
A3CXS0,TK,,TK,original
A3DM02,CMGC,,CMGC,original
A3MUZ0,AGC,,AGC,original
A3PF80,Other,,Other,original
A3R064,TK,,TK,original
A4IFM7,CAMK,,CAMK,original
A4IT50,Other,,Other,original
A5D7R8,Other,,Other,original
A5EWS4,Other,,Other,original
A5FVE7,Other,,Other,original
A5GVR3,Other,,Other,original
A5UMH5,TK,,TK,original
A6Q4Z6,Other,,Other,original
A6W0Z9,Other,,Other,original
A7HUC7,Other,,Other,original
A7Z050,Histidine,,Histidine,original
A7ZE26,Other,,Other,original
A8DZJ1,Other,AGC,AGC,name_regex
A8I5B0,Other,,Other,original
A8WU31,CK1,,CK1,original
A8WWX1,STE,,STE,original
A8X0C4,CAMK,,CAMK,original
A8X4H1,CMGC,,CMGC,original
A8X6H4,CAMK,,CAMK,original
A8XNJ6,AGC,,AGC,original
A8XQD5,CAMK,,CAMK,original
A8XSC1,Other,,Other,original
A8XWC4,CAMK,,CAMK,original
A8XZJ0,Atypical,,Atypical,original
A9HDB1,Other,,Other,original
A9KDJ2,Other,,Other,original
A9S5R3,STE,,STE,original
B0C6S1,Other,,Other,original
B0T663,Other,,Other,original
B1WAR9,AGC,,AGC,original
B2BW43,Other,,Other,original
B2USX2,Other,,Other,original
B3DL84,Other,,Other,original
B3E5M9,Other,,Other,original
B4MXR8,Other,,Other,original
B5X564,CMGC,,CMGC,original
B7GDS0,Other,,Other,original
B7MMH5,Other,TK,TK,mapping
B7XIB8,Other,,Other,original
B8CVJ1,Other,,Other,original
B8FB71,Other,,Other,original
C0LGD6,TK,,TK,original
C0LGD7,TK,,TK,original
C0LGD8,TK,,TK,original
C0LGD9,TK,,TK,original
C0LGE4,TK,,TK,original
C0LGG4,TK,,TK,original
C0LGG7,TK,,TK,original
C0LGG8,TK,,TK,original
C0LGH3,TK,,TK,original
C0LGI2,TK,,TK,original
C0LGK4,TK,,TK,original
C0LGK9,TK,,TK,original
C0LGP4,TK,,TK,original
C0LGQ7,TK,,TK,original
C0LGT1,TK,,TK,original
C0LGT5,TK,,TK,original
C0LGU1,TK,,TK,original
C0LGV0,TK,,TK,original
C3JXY0,Other,,Other,original
D2I3C6,CAMK,,CAMK,original
D4GYE6,Other,,Other,original
D4GYI5,Other,,Other,original
D4GYY1,Atypical,,Atypical,original
E1BMN8,CMGC,,CMGC,original
E1BPN0,Other,TK,TK,name_regex
E1BTE1,Other,,Other,original
E5KK10,Histidine,,Histidine,original
E8MF12,Other,,Other,original
E9P974,Atypical,,Atypical,original
F1NBT0,STE,,STE,original
F4HQ20,TK,,TK,original
F4HQ22,TK,,TK,original
F4I3V3,TK,,TK,original
F4J4C8,Other,,Other,original
F4J6F6,TK,,TK,original
F4JQ95,Other,,Other,original
F4KA50,TK,,TK,original
F5HGH5,Other,,Other,original
F9UPU7,TK,,TK,original
G4N7X0,CMGC,,CMGC,original
G4NDR3,CK1,,CK1,original
G4NH08,CMGC,,CMGC,original
G9LZD7,TK,,TK,original
J9VH94,AGC,,AGC,original
K7VCB9,Other,TK,TK,name_regex
O01991,CAMK,,CAMK,original
O02108,TK,,TK,original
O04567,TK,,TK,original
O07777,Histidine,,Histidine,original
O08542,CMGC,,CMGC,original
O14002,Histidine,,Histidine,original
O14047,Other,,Other,original
O14159,Other,,Other,original
O14328,Other,,Other,original
O22808,Other,,Other,original
O22834,TK,,TK,original
O22938,Other,TK,TK,name_regex
O25153,Histidine,,Histidine,original
O26153,Other,,Other,original
O27476,TK,,TK,original
O28471,Atypical,,Atypical,original
O30297,Other,,Other,original
O31502,Other,,Other,original
O31620,Other,TK,TK,name_regex
O31671,Histidine,,Histidine,original
O34757,Histidine,,Histidine,original
O35817,Other,,Other,original
O42565,TKL,,TKL,original
O42626,Other,,Other,original
O42650,Atypical,,Atypical,original
O43066,Other,,Other,original
O43077,Other,,Other,original
O48837,Other,,Other,original
O49445,TK,,TK,original
O49717,CAMK,,CAMK,original
O52788,Other,TK,TK,name_regex
O53637,Other,,Other,original
O57936,Other,TK,TK,name_regex
O58231,Other,STE,STE,name_regex
O59697,Other,,Other,original
O59722,Other,,Other,original
O59771,Other,,Other,original
O60145,Other,,Other,original
O64477,Other,,Other,original
O64774,Other,,Other,original
O64781,Other,,Other,original
O64793,Other,,Other,original
O64798,Other,,Other,original
O64842,TK,,TK,original
O65238,Other,,Other,original
O65405,Other,,Other,original
O65468,Other,,Other,original
O65482,Other,,Other,original
O65530,CMGC,,CMGC,original
O65924,Other,,Other,original
O66490,Other,,Other,original
O67883,Other,,Other,original
O74215,Atypical,,Atypical,original
O74427,Other,,Other,original
O74453,Other,Histidine,Histidine,name_regex
O74526,TK,,TK,original
O74960,TK,,TK,original
O74962,Other,,Other,original
O77617,CMGC,,CMGC,original
O77618,Other,CMGC,CMGC,name_regex
O80902,CAMK,,CAMK,original
O81832,Other,,Other,original
O81906,Other,,Other,original
O82359,Atypical,,Atypical,original
O85501,Other,,Other,original
O86560,TK,,TK,original
O88425,Other,,Other,original
O94265,Other,TK,TK,name_regex
O94324,Other,,Other,original
O94647,Atypical,,Atypical,original
O96907,Other,,Other,original
P00551,TK,,TK,original
P00552,TK,,TK,original
P00553,Other,TK,TK,name_regex
P06855,Other,TK,TK,name_regex
P08077,Other,,Other,original
P09251,Other,,Other,original
P0A208,TK,,TK,original
P0AFW4,Other,,Other,original
P0AG40,Other,,Other,original
P0C661,CMGC,,CMGC,original
P0C8M8,TK,,TK,original
P0CP60,Other,Atypical,Atypical,mapping
P0CP66,CMGC,,CMGC,original
P0CP70,Other,,Other,original
P0CP72,Other,,Other,original
P0CS76,CMGC,,CMGC,original
P0CW23,Other,,Other,original
P0CY23,STE,,STE,original
P0DOA0,Histidine,,Histidine,original
P0DP15,CAMK,,CAMK,original
P0DPS9,Other,,Other,original
P0DTQ2,Other,TK,TK,mapping
P0DW53,Other,TK,TK,name_regex
P10772,Other,,Other,original
P11553,Other,,Other,original
P12965,Other,,Other,original
P15054,TK,,TK,original
P16497,Histidine,,Histidine,original
P16527,CAMK,,CAMK,original
P16641,Other,,Other,original
P16911,AGC,,AGC,original
P17801,Other,,Other,original
P18294,Other,,Other,original
P19638,Other,,Other,original
P20048,Other,,Other,original
P22209,Other,,Other,original
P23524,Other,,Other,original
P23917,AGC,,AGC,original
P24275,CAMK,,CAMK,original
P24381,Other,,Other,original
P24521,Other,,Other,original
P24719,CAMK,,CAMK,original
P25390,STE,,STE,original
P25848,Other,,Other,original
P26460,Atypical,,Atypical,original
P28604,Other,TKL,TKL,mapping
P30662,Atypical,,Atypical,original
P31103,Other,,Other,original
P31748,AGC,,AGC,original
P32190,Other,,Other,original
P32264,Other,,Other,original
P32581,Other,,Other,original
P32718,AGC,,AGC,original
P33306,Other,,Other,original
P33543,Other,,Other,original
P33973,Other,,Other,original
P34038,Other,,Other,original
P34101,CAMK,,CAMK,original
P34649,Atypical,,Atypical,original
P34891,Other,TK,TK,name_regex
P34892,Other,TK,TK,name_regex
P35164,Histidine,,Histidine,original
P35202,Other,,Other,original
P36002,Other,,Other,original
P36004,CAMK,,CAMK,original
P36174,TK,,TK,original
P36590,Other,,Other,original
P37306,Other,,Other,original
P37569,Other,TK,TK,name_regex
P38134,Other,TK,TK,name_regex
P38622,CAMK,,CAMK,original
P38938,Other,AGC,AGC,name_regex
P39593,Other,TK,TK,name_regex
P39610,Other,,Other,original
P39764,Histidine,,Histidine,original
P39988,Other,,Other,original
P40192,Other,,Other,original
P40232,Other,,Other,original
P40386,TK,,TK,original
P40433,Other,,Other,original
P40758,Histidine,,Histidine,original
P41676,TK,,TK,original
P41888,Other,,Other,original
P42159,TK,,TK,original
P42826,Other,,Other,original
P42938,TK,,TK,original
P43568,CMGC,,CMGC,original
P45416,Other,,Other,original
P45543,Other,,Other,original
P46086,Other,,Other,original
P48479,CAMK,,CAMK,original
P49605,AGC,,AGC,original
P51566,CMGC,,CMGC,original
P52794,CMGC,,CMGC,original
P53233,TK,,TK,original
P53666,TKL,,TKL,original
P53727,Other,,Other,original
P54119,CMGC,,CMGC,original
P54302,Histidine,,Histidine,original
P54495,AGC,,AGC,original
P54677,Other,,Other,original
P54736,Other,,Other,original
P54737,Other,,Other,original
P54738,Other,,Other,original
P54742,Other,,Other,original
P54838,Atypical,,Atypical,original
P54889,TK,,TK,original
P54898,Atypical,,Atypical,original
P55205,RGC,,RGC,original
P56073,Other,,Other,original
P57058,CAMK,,CAMK,original
P60495,Other,,Other,original
P61422,Other,TK,TK,name_regex
P68251,Other,AGC,AGC,name_regex
P72292,Histidine,,Histidine,original
P72339,Other,TKL,TKL,mapping
P73302,Other,,Other,original
P73955,Other,,Other,original
P74653,Other,,Other,original
P76016,Other,TK,TK,name_regex
P78031,Other,,Other,original
P78789,CAMK,,CAMK,original
P79727,CMGC,,CMGC,original
P83099,AGC,,AGC,original
P83102,CMGC,,CMGC,original
P85285,Other,,Other,original
P87170,CAMK,,CAMK,original
P87248,Other,,Other,original
P87253,AGC,,AGC,original
P91309,Histidine,,Histidine,original
P91622,Atypical,,Atypical,original
P93050,TK,,TK,original
P93604,TK,,TK,original
P93756,Other,,Other,original
P93759,CAMK,,CAMK,original
P94417,Other,,Other,original
P94438,Histidine,,Histidine,original
P9WGK7,Histidine,,Histidine,original
P9WHV9,Other,,Other,original
P9WP28,Other,,Other,original
Q01917,CMGC,,CMGC,original
Q02332,TK,,TK,original
Q03228,Histidine,,Histidine,original
Q03306,Other,AGC,AGC,name_regex
Q03764,Other,,Other,original
Q04770,CMGC,,CMGC,original
Q04795,Other,,Other,original
Q05101,Other,,Other,original
Q06137,Other,,Other,original
Q06667,Other,,Other,original
Q06892,Atypical,,Atypical,original
Q07637,Other,,Other,original
Q08732,Other,,Other,original
Q08DZ2,CMGC,,CMGC,original
Q09178,Other,TK,TK,mapping
Q09527,Other,,Other,original
Q09780,Other,,Other,original
Q09831,Other,,Other,original
Q0A4T7,Other,,Other,original
Q0BUU1,Other,,Other,original
Q0C190,Other,,Other,original
Q0D598,TK,,TK,original
Q0J035,Other,,Other,original
Q0J0B2,Other,,Other,original
Q0KHT7,Other,,Other,original
Q0P8I9,Other,,Other,original
Q0P8J6,Other,,Other,original
Q0P8J9,CMGC,,CMGC,original
Q0PKV7,STE,,STE,original
Q0UY20,Other,,Other,original
Q10056,STE,,STE,original
Q10078,Other,,Other,original
Q10366,Other,,Other,original
Q110U9,Other,,Other,original
Q12084,Other,,Other,original
Q12222,Other,,Other,original
Q12310,Other,,Other,original
Q12471,Other,,Other,original
Q12657,Other,,Other,original
Q16975,AGC,,AGC,original
Q16W24,Other,,Other,original
Q17833,Other,TK,TK,name_regex
Q18846,AGC,,AGC,original
Q1DB00,Other,TK,TK,name_regex
Q1DN93,Other,,Other,original
Q1EBD3,Other,,Other,original
Q1EBK0,CMGC,,CMGC,original
Q1H3A0,Other,,Other,original
Q1IJZ0,Other,,Other,original
Q1L6Q1,Other,TK,TK,name_regex
Q1LX51,Other,,Other,original
Q1M667,Histidine,,Histidine,original
Q1PEM5,CMGC,,CMGC,original
Q1ZXD6,TK,,TK,original
Q20443,Other,,Other,original
Q20845,Other,,Other,original
Q21038,Other,TK,TK,name_regex
Q21041,Other,TK,TK,name_regex
Q26671,CMGC,,CMGC,original
Q27686,Other,,Other,original
Q28034,AGC,,AGC,original
Q2FV31,TK,,TK,original
Q2FWH7,Histidine,,Histidine,original
Q2G0P7,Other,TK,TK,name_regex
Q2GYV9,CMGC,,CMGC,original
Q2HGY8,Other,,Other,original
Q2JJ30,Other,,Other,original
Q2L1P5,Other,,Other,original
Q2NIA4,TK,,TK,original
Q2NWD9,Other,,Other,original
Q2QVG8,CAMK,,CAMK,original
Q2QWK9,TK,,TK,original
Q2RY67,Other,,Other,original
Q2TBL8,CMGC,,CMGC,original
Q2U639,Other,Atypical,Atypical,mapping
Q30T22,Other,,Other,original
Q31IC2,Other,,Other,original
Q31KC7,TK,,TK,original
Q31P38,Other,,Other,original
Q336M2,CMGC,,CMGC,original
Q39017,Other,,Other,original
Q39202,Other,,Other,original
Q3E936,TK,,TK,original
Q3E9X6,Other,,Other,original
Q3ECH2,TK,,TK,original
Q3EDL4,TK,,TK,original
Q3IHX7,Other,,Other,original
Q3MEJ8,Other,,Other,original
Q3UHL1,CAMK,,CAMK,original
Q3XZZ9,TK,,TK,original
Q45338,Other,,Other,original
Q45614,Histidine,,Histidine,original
Q45FA5,CMGC,,CMGC,original
Q49GP5,Other,,Other,original
Q4E409,Other,TK,TK,name_regex
Q4IB89,Other,Atypical,Atypical,mapping
Q4P5N0,STE,,STE,original
Q4P9T2,CMGC,,CMGC,original
Q4PCS5,Atypical,,Atypical,original
Q4V862,CMGC,,CMGC,original
Q4WP25,Other,,Other,original
Q4WTN5,CMGC,,CMGC,original
Q4WVM7,Other,Atypical,Atypical,mapping
Q52WX2,Other,,Other,original
Q54520,Other,TK,TK,name_regex
Q54B33,STE,,STE,original
Q54BF0,CAMK,,CAMK,original
Q54EY4,STE,,STE,original
Q54H45,TK,,TK,original
Q54IE8,TK,,TK,original
Q54JG7,STE,,STE,original
Q54LR6,TK,,TK,original
Q54M18,Atypical,,Atypical,original
Q54M77,TK,,TK,original
Q54MY9,TK,,TK,original
Q54P47,TK,,TK,original
Q54PB4,CAMK,,CAMK,original
Q54PK9,AGC,,AGC,original
Q54Q69,TK,,TK,original
Q54QI2,STE,,STE,original
Q54QJ9,Atypical,,Atypical,original
Q54RV3,STE,,STE,original
Q54S77,TK,,TK,original
Q54SF9,Other,TK,TK,name_regex
Q54SJ5,CAMK,,CAMK,original
Q54T05,Atypical,,Atypical,original
Q54UL8,TK,,TK,original
Q54UT2,Other,,Other,original
Q54VD8,Atypical,,Atypical,original
Q54W07,Other,,Other,original
Q54W86,CAMK,,CAMK,original
Q54WE5,CMGC,,CMGC,original
Q54WS5,TK,,TK,original
Q54XS3,TK,,TK,original
Q54Y26,TK,,TK,original
Q54Y32,Other,TK,TK,mapping
Q54YH4,Histidine,,Histidine,original
Q54YL2,Other,,Other,original
Q55074,Other,,Other,original
Q550K8,TK,,TK,original
Q556Q3,TK,,TK,original
Q556S2,STE,,STE,original
Q557G1,TK,,TK,original
Q55CY9,TK,,TK,original
Q55DJ8,TK,,TK,original
Q55EK9,Other,,Other,original
Q55EL3,Other,,Other,original
Q55GN6,TK,,TK,original
Q57688,Other,TK,TK,name_regex
Q57900,Other,TK,TK,name_regex
Q57BR6,Histidine,,Histidine,original
Q59229,Other,,Other,original
Q59263,Other,,Other,original
Q59S66,Other,,Other,original
Q5A3P6,AGC,,AGC,original
Q5A961,Other,,Other,original
Q5ABX0,Other,Atypical,Atypical,mapping
Q5AGC7,Other,,Other,original
Q5B4Z3,Other,,Other,original
Q5BHE2,Other,Atypical,Atypical,mapping
Q5F5C8,Other,,Other,original
Q5FQ97,Other,,Other,original
Q5FS52,Other,,Other,original
Q5JD03,CMGC,,CMGC,original
Q5JDG9,CAMK,,CAMK,original
Q5JLS2,CAMK,,CAMK,original
Q5MAI5,CMGC,,CMGC,original
Q5RFW2,STE,,STE,original
Q5SJ35,TK,,TK,original
Q5SML4,TK,,TK,original
Q5VJL3,TK,,TK,original
Q5VK71,Other,,Other,original
Q5VRN0,Other,,Other,original
Q5VVH5,TKL,,TKL,original
Q5Z754,CMGC,,CMGC,original
Q61IS6,Other,,Other,original
Q62270,TK,,TK,original
Q64649,CAMK,,CAMK,original
Q66KH9,CMGC,,CMGC,original
Q67T51,Other,TK,TK,name_regex
Q67X31,CMGC,,CMGC,original
Q696W0,CAMK,,CAMK,original
Q69IM9,CAMK,,CAMK,original
Q69JN6,Other,,Other,original
Q69Q47,CAMK,,CAMK,original
Q6BHA8,Other,,Other,original
Q6BM25,CMGC,,CMGC,original
Q6BS08,Other,,Other,original
Q6BV76,Other,Atypical,Atypical,mapping
Q6C2A3,Other,,Other,original
Q6C2X0,AGC,,AGC,original
Q6C3J2,Other,,Other,original
Q6C7U0,Other,,Other,original
Q6CAD2,Other,Atypical,Atypical,mapping
Q6CR51,CMGC,,CMGC,original
Q6CRA9,CMGC,,CMGC,original
Q6DGQ8,Other,,Other,original
Q6DHU8,STE,,STE,original
Q6EX42,Other,,Other,original
Q6FN53,STE,,STE,original
Q6FP74,STE,,STE,original
Q6FQ83,CMGC,,CMGC,original
Q6FTW0,Other,,Other,original
Q6FX42,Other,Atypical,Atypical,mapping
Q6GPK9,STE,,STE,original
Q6GPW6,Atypical,,Atypical,original
Q6I587,CAMK,,CAMK,original
Q6I5Y0,CMGC,,CMGC,original
Q6J9G1,TK,,TK,original
Q6K7H2,Other,,Other,original
Q6KZ25,Other,STE,STE,name_regex
Q6L243,TK,,TK,original
Q6L5D4,CMGC,,CMGC,original
Q6LX63,Other,,Other,original
Q6M056,TK,,TK,original
Q6NMK6,TK,,TK,original
Q6NRT0,CK1,,CK1,original
Q6P3R8,Other,,Other,original
Q6P431,CAMK,,CAMK,original
Q6R2J8,Other,,Other,original
Q6R2K1,Other,,Other,original
Q6R2K2,Other,,Other,original
Q6UWH4,Other,,Other,original
Q6XHA5,TK,,TK,original
Q6XHA7,TK,,TK,original
Q6YY75,Other,,Other,original
Q6Z8C8,CMGC,,CMGC,original
Q704D0,Other,,Other,original
Q74ZL1,Atypical,,Atypical,original
Q751J3,Other,Atypical,Atypical,mapping
Q755C4,Other,,Other,original
Q75D46,CMGC,,CMGC,original
Q75DB8,Other,Atypical,Atypical,mapping
Q7F8Q9,Other,,Other,original
Q7JYV7,Other,,Other,original
Q7M9U1,Other,,Other,original
Q7NJM6,Other,,Other,original
Q7RZT9,Other,Atypical,Atypical,mapping
Q7SY52,STE,,STE,original
Q7TMC8,Other,,Other,original
Q7TSC3,Other,,Other,original
Q7UMW2,Other,TKL,TKL,mapping
Q7UN00,Other,,Other,original
Q7V583,Other,,Other,original
Q7V9S8,Other,,Other,original
Q7VFZ3,Other,,Other,original
Q7VQQ6,Other,,Other,original
Q7VYK4,Other,,Other,original
Q7WGU8,Other,,Other,original
Q7WY62,Histidine,,Histidine,original
Q7WZY5,Histidine,,Histidine,original
Q7XMI0,Other,,Other,original
Q7XUF4,CMGC,,CMGC,original
Q7ZUS1,CK1,,CK1,original
Q80ZW0,Other,,Other,original
Q83XD3,Other,,Other,original
Q84M95,TK,,TK,original
Q84R36,Other,,Other,original
Q84SN3,CMGC,,CMGC,original
Q84V18,Other,,Other,original
Q84VX4,Other,,Other,original
Q869W6,CAMK,,CAMK,original
Q86AE1,TK,,TK,original
Q86CZ2,Histidine,,Histidine,original
Q86HN7,TK,,TK,original
Q86IX1,STE,,STE,original
Q86YV6,AGC,,AGC,original
Q871M9,CMGC,,CMGC,original
Q87DG7,Other,TKL,TKL,mapping
Q88QT3,Other,,Other,original
Q89HR3,Other,,Other,original
Q8BP74,Other,,Other,original
Q8BPM2,CMGC,,CMGC,original
Q8C1R0,CAMK,,CAMK,original
Q8CU87,Histidine,,Histidine,original
Q8DG73,Other,,Other,original
Q8DKG0,Histidine,,Histidine,original
Q8DMT2,Histidine,,Histidine,original
Q8DPA2,Other,,Other,original
Q8FWN5,AGC,,AGC,original
Q8G5X4,Other,,Other,original
Q8GUH1,Other,,Other,original
Q8GUQ5,Other,,Other,original
Q8GVC7,CAMK,,CAMK,original
Q8GX23,CMGC,,CMGC,original
Q8GXZ3,TK,,TK,original
Q8GYF5,Other,,Other,original
Q8H1E3,TK,,TK,original
Q8H1F7,Other,,Other,original
Q8I239,CAMK,,CAMK,original
Q8I265,Other,RGC,RGC,mapping
Q8IIT5,TK,,TK,original
Q8L710,Other,,Other,original
Q8LBB2,Atypical,,Atypical,original
Q8LEA0,TK,,TK,original
Q8LGD5,Other,,Other,original
Q8LJT8,Other,,Other,original
Q8NE28,TKL,,TKL,original
Q8NM65,Other,,Other,original
Q8NXR5,Histidine,,Histidine,original
Q8P709,Other,,Other,original
Q8PZ92,TK,,TK,original
Q8RXC8,Other,,Other,original
Q8RY67,Other,,Other,original
Q8S8S7,Other,,Other,original
Q8S8Y8,TK,,TK,original
Q8SR86,CMGC,,CMGC,original
Q8SSH4,Other,,Other,original
Q8SVD9,Other,,Other,original
Q8SVI7,TK,,TK,original
Q8TAE6,AGC,,AGC,original
Q8TFG6,Other,,Other,original
Q8U122,Other,,Other,original
Q8VYG0,TK,,TK,original
Q8VZF4,Other,,Other,original
Q8VZJ9,CAMK,,CAMK,original
Q8W1D5,CAMK,,CAMK,original
Q8X1E6,Other,TK,TK,name_regex
Q8Y7F2,Other,,Other,original
Q8ZKR2,Other,,Other,original
Q8ZP57,Other,TK,TK,name_regex
Q8ZYE0,Other,,Other,original
Q90ZY4,Other,,Other,original
Q91XN4,Other,,Other,original
Q91ZB0,Other,,Other,original
Q91ZR3,TK,,TK,original
Q940A2,TK,,TK,original
Q94CU5,Other,,Other,original
Q94E49,Other,,Other,original
Q94JM2,Other,,Other,original
Q95PI2,Histidine,,Histidine,original
Q95Q62,Other,,Other,original
Q95T10,Other,,Other,original
Q95YD4,Other,TK,TK,mapping
Q96287,CMGC,,CMGC,original
Q96LW2,Other,,Other,original
Q96M69,Other,,Other,original
Q96UX3,AGC,,AGC,original
Q96XN9,Other,,Other,original
Q96YZ3,Other,STE,STE,name_regex
Q98I54,Other,,Other,original
Q99027,Histidine,,Histidine,original
Q99078,STE,,STE,original
Q9ASQ6,TK,,TK,original
Q9C0W1,Other,,Other,original
Q9C5W3,CAMK,,CAMK,original
Q9C6K9,TK,,TK,original
Q9C821,CMGC,,CMGC,original
Q9C9Y8,TK,,TK,original
Q9CAI5,CK1,,CK1,original
Q9CAL2,Other,,Other,original
Q9CIV8,Other,,Other,original
Q9D7G9,CMGC,,CMGC,original
Q9DBJ3,TK,,TK,original
Q9DBZ1,Other,,Other,original
Q9DCJ7,Atypical,,Atypical,original
Q9DEI1,AGC,,AGC,original
Q9FF31,TK,,TK,original
Q9FG24,Other,,Other,original
Q9FG33,TK,,TK,original
Q9FHK7,TK,,TK,original
Q9FIF0,Other,,Other,original
Q9FIF1,TK,,TK,original
Q9FIJ7,Other,,Other,original
Q9FK10,TK,,TK,original
Q9FKB5,CMGC,,CMGC,original
Q9FKG5,Other,,Other,original
Q9FKG6,Other,,Other,original
Q9FL63,Other,,Other,original
Q9FLJ8,TK,,TK,original
Q9FLV4,Other,,Other,original
Q9FLX4,Other,,Other,original
Q9FM85,TK,,TK,original
Q9FNF8,Other,,Other,original
Q9FX86,CAMK,,CAMK,original
Q9FX99,TK,,TK,original
Q9FYE2,Other,,Other,original
Q9GRC0,Other,,Other,original
Q9HE76,Atypical,,Atypical,original
Q9HG11,AGC,,AGC,original
Q9HLA5,TK,,TK,original
Q9HLX1,Other,,Other,original
Q9HUI3,Histidine,,Histidine,original
Q9HZ47,Histidine,,Histidine,original
Q9I466,Other,,Other,original
Q9I6Z1,Other,,Other,original
Q9KUA9,Other,,Other,original
Q9LDQ3,Other,,Other,original
Q9LFG1,Other,,Other,original
Q9LFH9,Other,,Other,original
Q9LFV3,CAMK,,CAMK,original
Q9LK03,CMGC,,CMGC,original
Q9LMB9,Other,,Other,original
Q9LMT9,Other,,Other,original
Q9LP24,TK,,TK,original
Q9LP51,CAMK,,CAMK,original
Q9LPZ3,Other,,Other,original
Q9LQM8,STE,,STE,original
Q9LRB0,Other,,Other,original
Q9LRP3,TK,,TK,original
Q9LRT1,TK,,TK,original
Q9LRY0,CMGC,,CMGC,original
Q9LS95,CMGC,,CMGC,original
Q9LSX4,CK1,,CK1,original
Q9LT35,Other,,Other,original
Q9LT38,AGC,,AGC,original
Q9LTC0,TK,,TK,original
Q9LU47,Other,,Other,original
Q9LVL5,TK,,TK,original
Q9LZ76,Other,,Other,original
Q9LZM4,Other,,Other,original
Q9M0T3,CMGC,,CMGC,original
Q9M0X5,Other,,Other,original
Q9M1Z9,Other,,Other,original
Q9M342,Other,,Other,original
Q9M3D7,Other,,Other,original
Q9M682,Other,,Other,original
Q9M9T4,Other,,Other,original
Q9N3Q4,Other,Atypical,Atypical,mapping
Q9P6P3,Other,,Other,original
Q9P7N1,Other,,Other,original
Q9P7Q7,Histidine,,Histidine,original
Q9P7W5,Atypical,,Atypical,original
Q9PPX6,Other,,Other,original
Q9R9D6,Other,,Other,original
Q9RI12,AGC,,AGC,original
Q9S9U1,Other,,Other,original
Q9SCT4,TK,,TK,original
Q9SFX0,TK,,TK,original
Q9SGI7,Other,,Other,original
Q9SGP2,Other,,Other,original
Q9SGW8,Other,,Other,original
Q9SGY7,CMGC,,CMGC,original
Q9SI52,Other,,Other,original
Q9SIB6,TK,,TK,original
Q9SJ61,CAMK,,CAMK,original
Q9SJM3,Other,,Other,original
Q9SJQ1,Other,,Other,original
Q9SL76,TK,,TK,original
Q9SNA3,Other,,Other,original
Q9SR87,TK,,TK,original
Q9STJ8,Other,,Other,original
Q9STK6,TK,,TK,original
Q9SUQ3,TK,,TK,original
Q9SY89,Other,,Other,original
Q9SY91,TK,,TK,original
Q9SZD5,Other,,Other,original
Q9T020,TK,,TK,original
Q9T058,Other,,Other,original
Q9T0J1,Other,,Other,original
Q9TVW2,Other,,Other,original
Q9U1Y5,CAMK,,CAMK,original
Q9URT9,CMGC,,CMGC,original
Q9US14,Other,,Other,original
Q9USJ8,Other,,Other,original
Q9USK0,Other,,Other,original
Q9USL6,Other,TK,TK,name_regex
Q9USS2,Other,,Other,original
Q9USX7,AGC,,AGC,original
Q9USY1,Other,TK,TK,name_regex
Q9UT42,Other,,Other,original
Q9UTH3,Other,,Other,original
Q9UTK9,Other,,Other,original
Q9UU87,Other,,Other,original
Q9UU88,Other,,Other,original
Q9UVG6,Other,,Other,original
Q9UW24,Other,,Other,original
Q9UZK4,Other,,Other,original
Q9VC99,Other,,Other,original
Q9VJ90,Other,,Other,original
Q9W133,Atypical,,Atypical,original
Q9WY51,Other,,Other,original
Q9WYI3,Other,,Other,original
Q9WZY5,Other,,Other,original
Q9X1I0,AGC,,AGC,original
Q9X1S1,Other,STE,STE,name_regex
Q9XD15,Other,,Other,original
Q9XI37,Other,,Other,original
Q9XID3,Other,,Other,original
Q9XYQ1,Other,,Other,original
Q9Y6S9,Other,,Other,original
Q9Y898,CAMK,,CAMK,original
Q9YA47,AGC,,AGC,original
Q9YEU2,Other,,Other,original
Q9Z2N6,CAMK,,CAMK,original
Q9Z5B5,Other,,Other,original
Q9ZQH0,Other,,Other,original
Q9ZQQ7,Other,,Other,original
Q9ZR08,Other,,Other,original
Q9ZUU8,Other,,Other,original
Q9ZVA4,Other,,Other,original
S8EUF0,CMGC,,CMGC,original
A0A0D2YG09,Other,,Other,original
A0A0H2ZM62,Histidine,,Histidine,original
A0A178VE74,Other,,Other,original
A0A194VNL2,CMGC,,CMGC,original
A0A194W8T8,CMGC,,CMGC,original
A0A1D8PEL1,Other,,Other,original
A0A1D8PLH0,Other,,Other,original
A0A2P6MHT4,Other,,Other,original
A0A7H0DNE9,Atypical,,Atypical,original
A0AF20,Other,,Other,original
A0AFC3,Other,TK,TK,name_regex
A0AJ38,Other,TK,TK,mapping
A0AK41,Other,,Other,original
A0AUV4,CAMK,,CAMK,original
A0B8B0,Other,,Other,original
A0B9X4,Other,TK,TK,mapping
A0JNH1,Other,TK,TK,name_regex
A0JU88,Other,TK,TK,name_regex
A0K6D2,Other,,Other,original
A0KEF8,TK,,TK,original
A0KFV1,Other,TK,TK,mapping
A0KLY1,Other,,Other,original
A0KMM4,Other,Histidine,Histidine,name_regex
A0KN01,Other,TK,TK,name_regex
A0KZB1,Other,,Other,original
A0L1M6,TK,,TK,original
A0L407,Other,,Other,original
A0L5U5,Other,TK,TK,name_regex
A0L7P3,Other,,Other,original
A0L8G8,Other,,Other,original
A0L8H9,Other,,Other,original
A0L8Q7,Other,,Other,original
A0LDX4,Other,TK,TK,mapping
A0LEB5,Other,TK,TK,mapping
A0LFP6,Other,,Other,original
A0LG64,Other,,Other,original
A0LIB0,Other,,Other,original
A0LJZ1,Other,,Other,original
A0LP26,Other,TK,TK,name_regex
A0LPG9,Other,TK,TK,name_regex
A0LUH0,Other,,Other,original
A0LV52,Other,,Other,original
A0LXV8,Other,,Other,original
A0M5N3,Other,,Other,original
A0PGB3,Other,,Other,original
A0PPN3,Other,,Other,original
A0PXA5,Other,,Other,original
A0Q1F1,Other,TK,TK,mapping
A0Q299,Other,TK,TK,name_regex
A0Q492,Other,TK,TK,name_regex
A0Q4H3,Other,,Other,original
A0Q707,Other,,Other,original
A0Q713,Other,,Other,original
A0Q7I7,Other,,Other,original
A0Q7Q7,Other,,Other,original
A0QBR0,Histidine,,Histidine,original
A0R8D8,Other,,Other,original
A0RKS6,Other,,Other,original
A0RP54,Other,,Other,original
A0RTV6,Other,,Other,original
A0RXT6,Other,,Other,original
A0ZZZ1,Other,,Other,original
A1A0M5,Other,,Other,original
A1A1I1,Other,,Other,original
A1A1N3,Other,,Other,original
A1A5Q6,CAMK,,CAMK,original
A1ALW2,Other,,Other,original
A1APN7,Other,,Other,original
A1AU17,Other,,Other,original
A1AVE9,Other,TK,TK,name_regex
A1AVT7,Other,,Other,original
A1B0E7,Other,TK,TK,mapping
A1B2U9,Other,,Other,original
A1BHM3,Other,TK,TK,name_regex
A1BJZ1,Other,,Other,original
A1DG00,Other,,Other,original
A1JIM9,Other,,Other,original
A1JNV2,Other,,Other,original
A1JQJ2,Other,TK,TK,name_regex
A1JTT9,Other,,Other,original
A1K2R3,Other,,Other,original
A1K3E5,Other,,Other,original
A1KG98,Other,TK,TK,mapping
A1KLD5,Other,,Other,original
A1KSZ9,Other,,Other,original
A1KT64,Other,,Other,original
A1KTB5,Other,TK,TK,name_regex
A1KTV5,Other,,Other,original
A1KTW0,Other,TK,TK,mapping
A1RR74,Other,,Other,original
A1RRX6,Other,,Other,original
A1RWC8,Other,,Other,original
A1RXJ4,Other,,Other,original
A1S8L2,Other,,Other,original
A1SJI9,Other,TK,TK,mapping
A1SNG8,Other,TK,TK,name_regex
A1SNJ7,Other,,Other,original
A1SRI1,Other,TK,TK,mapping
A1STD9,Other,TK,TK,name_regex
A1SZE1,Other,,Other,original
A1SZU8,Other,,Other,original
A1TKW2,Other,,Other,original
A1TN71,Other,,Other,original
A1TYI2,Other,,Other,original
A1U371,Other,TK,TK,name_regex
A1U669,TK,,TK,original
A1UAA8,Other,,Other,original
A1UR75,Other,,Other,original
A1URV3,Other,TK,TK,name_regex
A1UUC1,Other,TK,TK,mapping
A1VBV4,Other,TK,TK,name_regex
A1VCX9,Other,,Other,original
A1VDQ8,Other,TK,TK,name_regex
A1VDW4,Other,TK,TK,mapping
A1VF55,Other,,Other,original
A1VXU8,Other,TK,TK,mapping
A1VZ01,Other,,Other,original
A1VZ44,Other,,Other,original
A1W091,Other,TK,TK,name_regex
A1WKB4,Other,,Other,original
A1WSH4,Other,,Other,original
A1WT61,Other,,Other,original
A1WVD8,Other,,Other,original
A1WX19,Other,,Other,original
A1WX34,Other,,Other,original
A1WZB0,Other,,Other,original
A1ZA92,Other,TK,TK,name_regex
A2A3V1,Other,TK,TK,name_regex
A2AJL3,Other,,Other,original
A2AQW0,CMGC,,CMGC,original
A2BK57,Other,,Other,original
A2BLM0,Other,,Other,original
A2BQS5,Other,,Other,original
A2BWR1,Other,TK,TK,name_regex
A2BZQ6,Other,,Other,original
A2C1Z6,Other,TK,TK,name_regex
A2C7M5,Other,TK,TK,mapping
A2CA52,Other,TK,TK,name_regex
A2RI94,Other,,Other,original
A2RKJ5,Other,TK,TK,name_regex
A2RM00,Other,TK,TK,mapping
A2S587,Other,,Other,original
A2SKU4,Other,TK,TK,name_regex
A2SQJ8,Other,,Other,original
A2SS66,Other,,Other,original
A2SSW4,Other,,Other,original
A2STY4,Other,,Other,original
A2STZ6,Other,TK,TK,mapping
A2SU11,Other,TK,TK,name_regex
A2X0Q3,Other,TK,TK,mapping
A2X5H5,Other,,Other,original
A2XBT1,Other,,Other,original
A2YH41,Other,Atypical,Atypical,mapping
A3CLY6,Other,TK,TK,mapping
A3CS46,Other,TK,TK,name_regex
A3CU51,Other,,Other,original
A3CUB9,Other,,Other,original
A3CY32,Other,,Other,original
A3DDC2,Other,,Other,original
A3DDM2,Other,,Other,original
A3DGK6,Other,TK,TK,mapping
A3DI26,Other,TK,TK,name_regex
A3DJJ3,Other,,Other,original
A3DMM2,Other,,Other,original
A3DNT5,Other,,Other,original
A3M2T7,Other,,Other,original
A3M3C8,Other,,Other,original
A3M6H8,Other,TK,TK,name_regex
A3M7M1,Other,,Other,original
A3MV29,Other,,Other,original
A3MYW5,Other,TK,TK,mapping
A3MZ69,Other,,Other,original
A3NJS6,Other,TK,TK,name_regex
A3PML8,Other,,Other,original
A4F6T2,Other,,Other,original
A4F7X3,Other,TK,TK,name_regex
A4FBE7,Other,,Other,original
A4FX33,Other,TK,TK,name_regex
A4IG55,Other,CK1,CK1,name_regex
A4IL48,Other,TK,TK,mapping
A4IPN3,Other,,Other,original
A4IPN9,Other,,Other,original
A4ITL0,Other,,Other,original
A4J0P1,Other,TK,TK,name_regex
A4J0X5,Other,TK,TK,name_regex
A4J233,Other,TK,TK,name_regex
A4J3G3,Other,,Other,original
A4J592,Other,,Other,original
A4QDZ0,Other,TK,TK,mapping
A4QPH2,Other,,Other,original
A4QQ05,Other,,Other,original
A4SEQ7,Other,,Other,original
A4SVI8,Other,,Other,original
A4TMJ3,AGC,,AGC,original
A4VIM1,Other,,Other,original
A4VSH4,Other,,Other,original
A4VTT4,Other,,Other,original
A4VTX6,Other,,Other,original
A4VUB1,Other,TK,TK,name_regex
A4WQ25,Other,TK,TK,name_regex
A4WVE5,Other,TK,TK,name_regex
A4X310,Other,TK,TK,name_regex
A4X608,Other,,Other,original
A4XBM5,Other,,Other,original
A4XL40,Other,,Other,original
A4XLL8,Other,TK,TK,name_regex
A4XLN3,Other,,Other,original
A4XR57,Other,TK,TK,name_regex
A4YHJ0,Other,,Other,original
A4YHL6,Other,,Other,original
A4YIQ9,Other,,Other,original
A4YVG4,Other,,Other,original
A5CD80,Other,,Other,original
A5CSW0,Other,TK,TK,name_regex
A5CTL3,Other,TK,TK,name_regex
A5CU93,Other,,Other,original
A5CXF1,Other,TK,TK,mapping
A5CXT4,Other,,Other,original
A5D2Z8,Other,,Other,original
A5D654,Other,TK,TK,name_regex
A5DAH9,Other,,Other,original
A5E1A0,Other,,Other,original
A5EV27,Other,,Other,original
A5EVK4,Other,,Other,original
A5EVU0,Other,,Other,original
A5EY60,Other,TK,TK,name_regex
A5F7C0,AGC,,AGC,original
A5FE24,Other,,Other,original
A5FJ93,Other,,Other,original
A5FK26,Other,,Other,original
A5FMV7,Other,,Other,original
A5FNY2,Other,,Other,original
A5FQ55,Other,,Other,original
A5FQ84,Other,TK,TK,mapping
A5FRW5,Other,,Other,original
A5FRZ4,Other,,Other,original
A5FS02,Other,,Other,original
A5FS34,Other,,Other,original
A5FS53,Other,TK,TK,name_regex
A5FS65,Other,,Other,original
A5FWG7,Other,,Other,original
A5FZU4,Other,,Other,original
A5G1J3,Other,,Other,original
A5G5C1,Other,,Other,original
A5G863,Other,,Other,original
A5GAW3,Other,,Other,original
A5GIS6,Other,,Other,original
A5GNU1,Other,,Other,original
A5GQN5,Other,,Other,original
A5GTK8,Other,TK,TK,name_regex
A5I2T0,Other,,Other,original
A5I323,Other,,Other,original
A5I421,Other,TK,TK,name_regex
A5I9V7,Other,,Other,original
A5IBP5,Other,,Other,original
A5IFY0,Other,,Other,original
A5IG02,Other,,Other,original
A5IHZ7,Other,,Other,original
A5ILH3,Other,,Other,original
A5ILX9,Other,,Other,original
A5IMA4,Other,,Other,original
A5IMJ0,Other,TK,TK,name_regex
A5IT66,Other,,Other,original
A5IVH3,Histidine,,Histidine,original
A5N1D3,Other,TK,TK,name_regex
A5N3L3,Other,TK,TK,name_regex
A5N4L9,Other,TK,TK,name_regex
A5N7J4,Other,,Other,original
A5N8A0,Other,,Other,original
A5PHT0,Other,,Other,original
A5U920,Other,,Other,original
A5UA83,Other,,Other,original
A5UB07,AGC,,AGC,original
A5UK92,Other,,Other,original
A5ULP3,Other,TK,TK,name_regex
A5UMN4,Other,,Other,original
A5UUV0,Other,,Other,original
A5UVB3,Other,,Other,original
A5UZX0,Other,TK,TK,mapping
A5V0J4,Other,TK,TK,mapping
A5V6F9,Other,,Other,original
A5VDT3,Other,TK,TK,name_regex
A5VE44,Other,,Other,original
A5VI11,Other,TK,TK,name_regex
A5VIG4,Other,,Other,original
A5VJ17,Other,,Other,original
A5VK99,Other,TK,TK,name_regex
A5VKU8,Other,,Other,original
A5VME2,Other,TK,TK,mapping
A5VXN1,Other,,Other,original
A5W6U4,Other,,Other,original
A5WA47,TK,,TK,original
A5WB73,Other,,Other,original
A5WDP1,Other,TK,TK,name_regex
A5WFD0,Other,,Other,original
A5WGH7,Other,TK,TK,mapping
A5WHA3,Other,TK,TK,name_regex
A6GZG2,Other,,Other,original
A6GZJ6,Other,,Other,original
A6KXG9,Other,,Other,original
A6L5X6,Other,TK,TK,name_regex
A6L9X1,Other,TK,TK,name_regex
A6LCB6,Other,,Other,original
A6LD69,Other,,Other,original
A6LFQ8,Other,,Other,original
A6LHA9,Other,,Other,original
A6LJZ9,Other,,Other,original
A6LMG9,Other,,Other,original
A6LPL2,Other,,Other,original
A6LSL7,Other,,Other,original
A6LU50,Other,,Other,original
A6M1P8,Other,TK,TK,mapping
A6M1Z8,Other,TK,TK,mapping
A6M250,Other,,Other,original
A6Q311,Other,,Other,original
A6Q782,Other,TK,TK,name_regex
A6Q9N6,Other,,Other,original
A6QAE9,Other,,Other,original
A6QBT0,Other,,Other,original
A6T2S0,Other,TK,TK,name_regex
A6T332,Other,,Other,original
A6TMN6,Other,TK,TK,name_regex
A6TR08,Other,,Other,original
A6TTJ1,Other,TK,TK,mapping
A6TVI5,Other,,Other,original
A6TWN2,Other,,Other,original
A6U6N3,Other,TK,TK,name_regex
A6UDV7,Other,,Other,original
A6URG2,Other,,Other,original
A6UVI4,Other,,Other,original
A6UZG7,Other,,Other,original
A6V8H8,Other,Histidine,Histidine,name_regex
A6VHC3,Other,,Other,original
A6VKY6,Other,TK,TK,mapping
A6VPG7,Other,TK,TK,name_regex
A6VQK2,Other,TK,TK,mapping
A6VXA6,Other,,Other,original
A6W1C6,Other,TK,TK,name_regex
A6W2T4,Other,,Other,original
A6W3A7,Other,,Other,original
A6W6A1,Other,TK,TK,name_regex
A6W6U5,Other,TK,TK,name_regex
A6X5X4,Histidine,,Histidine,original
A7FUT5,Other,,Other,original
A7GSF2,Other,TK,TK,mapping
A7GSP5,Other,,Other,original
A7GXF7,Other,,Other,original
A7GYC8,Other,,Other,original
A7H4H3,Other,,Other,original
A7HBN9,Other,,Other,original
A7HCN7,Other,,Other,original
A7HL98,Other,,Other,original
A7HM31,Other,,Other,original
A7HM80,Other,,Other,original
A7HNL5,Other,TK,TK,name_regex
A7HR11,Other,TK,TK,name_regex
A7I1G1,Other,,Other,original
A7I241,Other,TK,TK,mapping
A7I2H6,Other,,Other,original
A7I3S0,Other,,Other,original
A7I4M1,Other,,Other,original
A7I644,Other,,Other,original
A7I6B7,Other,,Other,original
A7IA08,Other,TK,TK,name_regex
A7IF36,Other,TK,TK,name_regex
A7INU8,Other,,Other,original
A7MBB8,TK,,TK,original
A7MHJ8,Other,TK,TK,name_regex
A7MMK0,Other,,Other,original
A7MPD7,Other,Histidine,Histidine,name_regex
A7MXC0,Other,TK,TK,mapping
A7N6S2,Other,,Other,original
A7NI79,Other,,Other,original
A7SNN5,Other,,Other,original
A7TGR2,CAMK,,CAMK,original
A7Z3A9,Other,TK,TK,mapping
A8A9X7,Other,,Other,original
A8AA51,Other,,Other,original
A8AAG3,Other,,Other,original
A8AXY8,Other,,Other,original
A8E4N3,Other,,Other,original
A8EWG2,Other,TK,TK,mapping
A8EXC2,Other,,Other,original
A8EYX8,Other,,Other,original
A8F450,Other,TK,TK,mapping
A8F4T2,Other,,Other,original
A8F7B1,Other,TK,TK,name_regex
A8F7B3,Other,,Other,original
A8FD25,Other,,Other,original
A8GHR8,TK,,TK,original
A8GM71,Other,,Other,original
A8GQY1,Other,,Other,original
A8H356,Other,,Other,original
A8LL57,Other,TK,TK,name_regex
A8M8Q8,Other,,Other,original
A8M9N5,Other,TK,TK,name_regex
A8ME45,Other,,Other,original
A8MFK5,Other,,Other,original
A8MK93,Other,TK,TK,name_regex
A8ML31,Other,TK,TK,name_regex
A8MLG1,Other,,Other,original
A8WYE4,CAMK,,CAMK,original
A8YUA3,Other,,Other,original
A8YUC7,Other,,Other,original
A8YXM6,Other,,Other,original
A8ZUS4,Other,,Other,original
A8ZV98,Other,TK,TK,name_regex
A8ZWQ4,Other,,Other,original
A8ZWU7,Other,,Other,original
A8ZZH7,Other,,Other,original
A9A1K7,Other,,Other,original
A9AZE0,Other,TK,TK,name_regex
A9B6X5,Other,,Other,original
A9B9H1,Other,,Other,original
A9BAP2,Other,,Other,original
A9BCM8,Other,,Other,original
A9BCW6,Other,,Other,original
A9BFC2,Other,TK,TK,name_regex
A9BHU3,Other,,Other,original
A9BI99,Other,TK,TK,mapping
A9BIX4,Other,,Other,original
A9BP67,Other,,Other,original
A9CES5,Other,,Other,original
A9FGE0,Other,,Other,original
A9G7W0,TK,,TK,original
A9GF63,Other,,Other,original
A9GQU6,Other,TK,TK,mapping
A9H3J9,Other,,Other,original
A9HAC0,Other,TK,TK,name_regex
A9HKR8,Other,TK,TK,mapping
A9I0P4,Other,,Other,original
A9I280,Other,,Other,original
A9IQ28,Other,,Other,original
A9KCL1,Other,,Other,original
A9KED8,Other,,Other,original
A9KEL6,Other,,Other,original
A9KG94,Other,,Other,original
A9KHN3,Other,TK,TK,mapping
A9KJH3,Other,,Other,original
A9KKE9,Other,TK,TK,name_regex
A9KMB6,Other,,Other,original
A9KSS1,Other,,Other,original
A9M159,Other,,Other,original
A9M1U5,Other,,Other,original
A9M2V4,Other,,Other,original
A9M9B4,Other,,Other,original
A9MKV9,Other,TK,TK,name_regex
A9MX50,Other,,Other,original
A9NEF4,Other,,Other,original
A9NFI4,Other,,Other,original
A9NGI4,Other,,Other,original
A9VK32,Other,,Other,original
A9VX42,Other,TK,TK,name_regex
A9W4R9,Other,,Other,original
A9WB97,Other,TK,TK,mapping
A9WCC8,Other,,Other,original
A9WFJ8,Other,,Other,original
A9WIJ8,Other,,Other,original
A9WKE4,Other,,Other,original
A9WKG4,Other,TK,TK,mapping
A9WT63,Other,,Other,original
B0B7Q0,Other,,Other,original
B0B8R9,Other,,Other,original
B0B931,Other,TK,TK,name_regex
B0JFW8,Other,,Other,original
B0JFY2,Other,,Other,original
B0JNB0,Other,TK,TK,name_regex
B0K0S9,Other,,Other,original
B0K0T1,Other,,Other,original
B0K0V4,Other,,Other,original
B0K474,Other,TK,TK,name_regex
B0K682,Other,,Other,original
B0R4Q3,Other,,Other,original
B0R502,Other,,Other,original
B0R548,Other,,Other,original
B0R5S5,Other,,Other,original
B0R683,Other,,Other,original
B0R6L8,Other,,Other,original
B0R6V9,Other,,Other,original
B0RLZ0,TK,,TK,original
B0RP52,Other,,Other,original
B0RWU0,Other,Histidine,Histidine,name_regex
B0RZT0,Other,,Other,original
B0S057,Other,TK,TK,name_regex
B0S0L6,Other,TK,TK,name_regex
B0S1H0,Other,,Other,original
B0S1N0,Other,,Other,original
B0S218,Other,,Other,original
B0S255,Other,,Other,original
B0S8M8,Other,,Other,original
B0S9J3,Other,,Other,original
B0SA95,Other,TK,TK,name_regex
B0SB21,Other,,Other,original
B0SE82,Other,TK,TK,name_regex
B0SG67,Other,,Other,original
B0SI62,Other,,Other,original
B0SZ33,Other,,Other,original
B0T130,Other,TK,TK,mapping
B0TB90,Other,TK,TK,name_regex
B0TBI9,Other,TK,TK,name_regex
B0TEJ8,Other,,Other,original
B0TL87,Other,TK,TK,mapping
B0U207,Other,,Other,original
B0U6C8,Other,,Other,original
B0UUJ6,Other,TK,TK,name_regex
B0V3F8,Other,TK,TK,name_regex
B0V8M8,Other,,Other,original
B0XXN8,CK1,,CK1,original
B0Y8Y4,CMGC,,CMGC,original
B1AIP0,Other,,Other,original
B1AIX1,Other,,Other,original
B1AJN5,Other,,Other,original
B1AJP1,Other,TK,TK,name_regex
B1GZA3,Other,,Other,original
B1GZU1,Other,,Other,original
B1GZX0,Other,,Other,original
B1H0L5,Other,TK,TK,mapping
B1HX32,Other,TK,TK,name_regex
B1I0X7,Other,,Other,original
B1I1P4,Other,,Other,original
B1I3D6,Other,,Other,original
B1JM88,Other,TK,TK,name_regex
B1JZB2,Other,,Other,original
B1MVZ4,Other,,Other,original
B1MW69,Other,,Other,original
B1MWD1,Other,TK,TK,mapping
B1MX61,Other,TK,TK,name_regex
B1MXP1,Other,,Other,original
B1MZP8,Other,,Other,original
B1VAC7,Other,,Other,original
B1VSI6,Other,,Other,original
B1VXB3,Other,,Other,original
B1W052,Other,,Other,original
B1WBU5,TKL,,TKL,original
B1XK39,Other,TK,TK,name_regex
B1XS63,Other,TK,TK,name_regex
B1XXX9,Other,,Other,original
B1Y3E4,Other,TK,TK,name_regex
B1Y6I4,Other,,Other,original
B1Y6R5,Other,,Other,original
B1YGP2,Other,TK,TK,name_regex
B1YIH8,Other,TK,TK,mapping
B1YJJ2,Other,TK,TK,name_regex
B1YLF7,Other,,Other,original
B1ZHK6,Other,,Other,original
B1ZUD7,Other,TK,TK,mapping
B2A1A8,Other,TK,TK,name_regex
B2A4G2,Other,,Other,original
B2A524,Other,,Other,original
B2AG52,Other,,Other,original
B2FIV8,Other,,Other,original
B2FKL6,TK,,TK,original
B2FQI7,Other,,Other,original
B2FR65,Other,,Other,original
B2GB54,Other,,Other,original
B2GBV7,Other,TK,TK,name_regex
B2GCQ8,Other,,Other,original
B2GKK6,Other,,Other,original
B2I5C0,Other,,Other,original
B2INA6,Other,TK,TK,name_regex
B2IX35,Other,,Other,original
B2J0A5,Other,TK,TK,name_regex
B2JCV1,TK,,TK,original
B2JKK7,Other,,Other,original
B2KBD0,Other,,Other,original
B2KC44,Other,,Other,original
B2KEK1,Other,,Other,original
B2RIJ4,Other,,Other,original
B2RIY8,Other,,Other,original
B2RJI6,Other,TK,TK,name_regex
B2RJJ6,Other,,Other,original
B2RKY9,Other,,Other,original
B2S0M7,Other,,Other,original
B2S0W8,Other,,Other,original
B2S2W8,Other,TK,TK,name_regex
B2S328,Other,,Other,original
B2S337,Other,,Other,original
B2S371,Other,,Other,original
B2S3D0,Other,,Other,original
B2S3I2,Other,,Other,original
B2S3I6,Other,,Other,original
B2S4P7,Other,,Other,original
B2SWU4,Other,Histidine,Histidine,name_regex
B2T3K5,Other,,Other,original
B2TQ14,Other,TK,TK,name_regex
B2TQ47,Other,,Other,original
B2UES6,Other,,Other,original
B2UKW8,Other,,Other,original
B2UP55,Other,TK,TK,name_regex
B2UQS1,Other,,Other,original
B2URE3,Other,TK,TK,mapping
B2US28,Other,,Other,original
B2UVU0,Other,,Other,original
B2V5N9,Other,,Other,original
B2V7G0,Other,TK,TK,name_regex
B2V7Y5,Other,TK,TK,mapping
B2V895,Other,,Other,original
B2VDQ9,AGC,,AGC,original
B2VIT0,Other,,Other,original
B3CQC3,Other,,Other,original
B3CT26,Other,,Other,original
B3DP37,Other,TK,TK,name_regex
B3DQ80,Other,TK,TK,name_regex
B3DVI7,Other,TK,TK,name_regex
B3DWU5,Other,,Other,original
B3DXL1,Other,,Other,original
B3E610,Other,,Other,original
B3E6Y9,Other,,Other,original
B3E9Y3,Other,TK,TK,mapping
B3EB76,Other,,Other,original
B3ENQ2,Other,,Other,original
B3PH50,TK,,TK,original
B3PJ64,Other,,Other,original
B3PK21,Other,,Other,original
B3PM40,Other,,Other,original
B3Q986,Other,Histidine,Histidine,name_regex
B3Q9Q6,Other,,Other,original
B3QA57,Other,,Other,original
B3QS41,Other,,Other,original
B3QT42,Other,TK,TK,name_regex
B3QV27,Other,,Other,original
B3QW77,Other,TK,TK,name_regex
B3QYG7,Other,,Other,original
B3W782,Other,TK,TK,name_regex
B3W7I5,Other,TK,TK,mapping
B4F0A6,Other,TK,TK,mapping
B4GXC2,CAMK,,CAMK,original
B4JHJ7,Other,,Other,original
B4R0A5,Other,,Other,original
B4RQI7,Other,,Other,original
B4S0H7,Other,TK,TK,mapping
B4SGW9,Other,,Other,original
B4U063,Other,,Other,original
B4U247,Other,,Other,original
B4U5Q9,Other,TK,TK,name_regex
B4U765,Other,,Other,original
B4U7A6,Other,TK,TK,mapping
B4UDP2,Other,,Other,original
B4ULC6,Other,TK,TK,name_regex
B4ULH7,Other,TK,TK,mapping
B5E4U6,Other,,Other,original
B5EB79,Other,,Other,original
B5EFY8,Other,,Other,original
B5FAW8,Other,,Other,original
B5FG51,Other,,Other,original
B5RRM3,Other,,Other,original
B5Y6I0,Other,TK,TK,name_regex
B5Y7W0,Other,,Other,original
B5Y8I0,Other,,Other,original
B5Y8S5,Other,,Other,original
B5YDE1,Other,,Other,original
B5YG57,Other,TK,TK,name_regex
B5YH69,Other,,Other,original
B5YHI3,Other,,Other,original
B5YJA6,Other,,Other,original
B5Z6Y9,Other,,Other,original
B5Z7K9,Other,TK,TK,name_regex
B5ZSI5,Other,,Other,original
B6IPH3,Other,TK,TK,mapping
B6ISW6,Other,,Other,original
B6J4A3,Other,,Other,original
B6JD20,Other,,Other,original
B6YQ14,Other,,Other,original
B6YQC6,Other,TK,TK,name_regex
B6YQJ0,Other,,Other,original
B6YRA7,Other,,Other,original
B6YS18,Other,TK,TK,mapping
B6YUD7,Other,,Other,original
B6YVU5,Other,,Other,original
B6YWL5,Other,,Other,original
B7GKQ7,Other,TK,TK,name_regex
B7H7M2,Other,,Other,original
B7ID76,Other,,Other,original
B7IDE2,Other,TK,TK,mapping
B7IE73,Other,,Other,original
B7IG15,Other,TK,TK,name_regex
B7J0Z2,Other,,Other,original
B7J1G9,Other,,Other,original
B7J3S7,Other,,Other,original
B7J4J4,Other,,Other,original
B7JSQ5,Other,,Other,original
B7JZT6,Other,,Other,original
B7VKH0,Other,TK,TK,name_regex
B7XHR6,CAMK,,CAMK,original
B8AVX5,Other,,Other,original
B8D075,Other,,Other,original
B8D093,Other,TK,TK,name_regex
B8D0S4,Other,,Other,original
B8D1G8,Other,TK,TK,mapping
B8D503,CMGC,,CMGC,original
B8D789,Other,,Other,original
B8D813,Other,,Other,original
B8DCW1,Other,,Other,original
B8DKV9,Other,,Other,original
B8DMG5,Other,,Other,original
B8E0Z4,Other,,Other,original
B8E191,Other,,Other,original
B8E2Z9,Other,,Other,original
B8EIS2,Other,,Other,original
B8F6K1,TK,,TK,original
B8F7P4,Other,TK,TK,name_regex
B8FJP4,Other,,Other,original
B8FN99,Other,,Other,original
B8FUD3,Other,TK,TK,name_regex
B8FWU9,Other,TK,TK,mapping
B8FY51,Other,TK,TK,name_regex
B8FZD1,Other,,Other,original
B8G7I8,Other,TK,TK,name_regex
B8GEC2,Other,,Other,original
B8GPV2,Other,,Other,original
B8GYI6,Other,,Other,original
B8H331,Other,,Other,original
B8H4F5,Other,,Other,original
B8HGC5,Other,TK,TK,mapping
B8HMS3,Other,,Other,original
B8HU41,Other,TK,TK,name_regex
B8HVB6,Other,,Other,original
B8I3A3,Other,,Other,original
B8I3J5,Other,TK,TK,name_regex
B8IZ74,Other,,Other,original
B8J0H2,Other,,Other,original
B8J468,Other,,Other,original
B8J4C1,Other,TK,TK,name_regex
B8J4D3,Other,,Other,original
B8ZRH2,Other,,Other,original
B8ZU51,Other,,Other,original
B8ZU60,Other,TK,TK,name_regex
B9DIP5,Other,,Other,original
B9DNJ4,Other,,Other,original
B9DNU7,Other,,Other,original
B9DSE2,Other,,Other,original
B9E6S1,Other,,Other,original
B9E8D6,Other,TK,TK,name_regex
B9E8V7,Other,TK,TK,name_regex
B9JK65,Other,TK,TK,name_regex
B9JS00,Other,,Other,original
B9KCQ6,Other,,Other,original
B9KD06,Other,TK,TK,name_regex
B9KFZ4,Other,,Other,original
B9KGY6,Other,,Other,original
B9KHW8,Other,,Other,original
B9KIB9,Other,TK,TK,name_regex
B9KXL1,Other,,Other,original
B9KZ66,Other,,Other,original
B9L0J2,Other,,Other,original
B9LPF8,Other,,Other,original
B9LSK0,Other,,Other,original
B9MN44,Other,,Other,original
B9MRX9,Other,,Other,original
C0H582,Other,,Other,original
C0HKC8,CAMK,,CAMK,original
C0Q9Z7,Other,,Other,original
C0QAT7,Other,TK,TK,name_regex
C0QHQ9,Other,,Other,original
C0QQW3,Other,TK,TK,name_regex
C0QU76,Other,,Other,original
C0QWJ2,Other,TK,TK,name_regex
C0QWN8,Other,,Other,original
C0QYU9,Other,TK,TK,mapping
C0R000,Other,,Other,original
C0R2S8,Other,TK,TK,name_regex
C0Z6Q2,Other,,Other,original
C0Z6T0,Other,TK,TK,mapping
C0ZAS6,Other,,Other,original
C0ZIE6,Other,TK,TK,name_regex
C0ZSV1,Other,,Other,original
C0ZZB5,Other,,Other,original
C1A163,Other,TK,TK,name_regex
C1A482,Other,,Other,original
C1A6S6,Other,,Other,original
C1AE25,Other,TK,TK,name_regex
C1CXE5,Other,,Other,original
C1D087,Other,,Other,original
C1D1C3,Other,,Other,original
C1D6U5,Other,,Other,original
C1D6Y0,Other,,Other,original
C1DCM4,Other,TK,TK,name_regex
C1DKJ6,Other,,Other,original
C1DRR3,Other,,Other,original
C1F1M9,Other,,Other,original
C1F1S2,Other,,Other,original
C1F227,Other,,Other,original
C1F4F1,Other,TK,TK,mapping
C1KYC3,Other,TK,TK,name_regex
C3MJ49,Other,,Other,original
C3MJB1,Other,,Other,original
C3MP45,Other,,Other,original
C3MQV5,Other,,Other,original
C3PJJ2,Other,,Other,original
C4K4I4,Other,,Other,original
C4K708,Other,,Other,original
C4K7W8,Other,,Other,original
C4K7Z0,Other,TK,TK,name_regex
C4KZE2,Other,TK,TK,name_regex
C4KZS5,Other,TK,TK,name_regex
C4L3Y8,Other,,Other,original
C4L493,Other,,Other,original
C4L6N1,Other,,Other,original
C4L8H9,Other,TK,TK,name_regex
C4LGQ3,Other,,Other,original
C4LL05,Other,,Other,original
C4XHQ9,Other,TK,TK,name_regex
C4XIJ3,Other,TK,TK,name_regex
C4Z0G9,Other,,Other,original
C4Z205,Other,TK,TK,name_regex
C4Z9L7,Other,,Other,original
C4ZCY4,Other,,Other,original
C5BPP8,Other,,Other,original
C5BTP7,Other,,Other,original
C5BV64,Other,,Other,original
C5C8D9,Other,,Other,original
C5CC42,Other,,Other,original
C5CE10,Other,,Other,original
C5CFU0,Other,,Other,original
C5CGI1,Other,,Other,original
C5CYY6,Other,,Other,original
C6BUI7,Other,,Other,original
C6BYL8,Other,,Other,original
C6BZ93,Other,,Other,original
C6DJR3,Other,,Other,original
C6DKQ4,AGC,,AGC,original
C6E2B2,Other,,Other,original
D4GL26,Other,,Other,original
D4GWT7,Other,,Other,original
F4HPN2,TK,,TK,original
F4I114,TK,,TK,original
F4I1N8,Other,,Other,original
F4IRW0,Other,,Other,original
F4J3H7,Other,,Other,original
F5HB62,Other,,Other,original
F7E727,Atypical,,Atypical,original
F8D4I6,Other,,Other,original
F8WQ30,Other,TK,TK,name_regex
G0FS68,AGC,,AGC,original
G3JF10,Other,,Other,original
G4N525,Other,STE,STE,name_regex
G5EEW9,Other,,Other,original
I1RZD0,Other,,Other,original
I1WFB9,Other,,Other,original
I7FJX8,Other,,Other,original
J9VU26,Other,Histidine,Histidine,name_regex
O00940,Other,,Other,original
O01824,Other,,Other,original
O02608,Other,,Other,original
O04086,TK,,TK,original
O05118,Other,,Other,original
O05250,Histidine,,Histidine,original
O05262,Other,,Other,original
O05278,Other,,Other,original
O05514,Other,,Other,original
O06735,TK,,TK,original
O06979,Histidine,,Histidine,original
O07527,Histidine,,Histidine,original
O08309,Other,,Other,original
O08320,Other,TK,TK,mapping
O13810,TK,,TK,original
O13945,Other,,Other,original
O14242,Other,,Other,original
O15992,Other,TK,TK,name_regex
O22187,TK,,TK,original
O22199,Other,,Other,original
O23081,Other,,Other,original
O24706,Other,,Other,original
O24972,Histidine,,Histidine,original
O25026,Histidine,,Histidine,original
O25095,Other,,Other,original
O25502,Other,,Other,original
O25515,Other,TK,TK,name_regex
O25654,Other,,Other,original
O25827,Other,,Other,original
O25917,Histidine,,Histidine,original
O26009,Other,,Other,original
O26958,Other,,Other,original
O27121,Other,,Other,original
O27544,Other,,Other,original
O27656,Other,,Other,original
O27995,Other,,Other,original
O28174,Other,,Other,original
O28204,Other,TK,TK,name_regex
O28237,Other,,Other,original
O28278,Other,,Other,original
O28988,Other,TK,TK,mapping
O29581,Other,,Other,original
O29592,TK,,TK,original
O31433,Histidine,,Histidine,original
O31435,TK,,TK,original
O31516,Histidine,,Histidine,original
O31661,Histidine,,Histidine,original
O31714,Other,,Other,original
O32057,Other,,Other,original
O32153,Other,,Other,original
O32193,Histidine,,Histidine,original
O32198,Histidine,,Histidine,original
O34638,Histidine,,Histidine,original
O34640,Other,,Other,original
O34799,Other,,Other,original
O34934,Other,,Other,original
O34989,Histidine,,Histidine,original
O42632,AGC,,AGC,original
O42794,AGC,,AGC,original
O44006,Other,,Other,original
O48788,TK,,TK,original
O49204,Other,,Other,original
O49318,TK,,TK,original
O49564,Other,,Other,original
O51291,Other,,Other,original
O51323,Other,,Other,original
O51419,Other,,Other,original
O51477,Other,,Other,original
O51497,Other,,Other,original
O52352,Other,,Other,original
O52951,Other,,Other,original
O53857,Histidine,,Histidine,original
O57476,Other,TK,TK,name_regex
O58393,Other,,Other,original
O59398,Other,,Other,original
O59845,Other,,Other,original
O59906,Other,,Other,original
O60017,Atypical,,Atypical,original
O60163,Other,,Other,original
O64639,Other,,Other,original
O65472,Other,,Other,original
O65476,Other,,Other,original
O66519,Other,,Other,original
O66746,Other,,Other,original
O67055,Other,,Other,original
O67060,Other,TK,TK,name_regex
O67099,Other,,Other,original
O67174,TK,,TK,original
O67209,Other,,Other,original
O67221,Other,,Other,original
O67528,Other,,Other,original
O67572,Other,,Other,original
O67753,Other,,Other,original
O67772,Other,TK,TK,name_regex
O67792,Other,,Other,original
O67848,Other,TK,TK,mapping
O67907,Other,,Other,original
O67925,Other,,Other,original
O68984,Other,,Other,original
O69082,Other,,Other,original
O74426,Other,,Other,original
O74561,Other,,Other,original
O74815,Other,,Other,original
O74860,Other,,Other,original
O76206,Other,,Other,original
O80623,TK,,TK,original
O81024,TK,,TK,original
O81263,Other,,Other,original
O83153,Other,,Other,original
O83319,Other,,Other,original
O83362,Other,,Other,original
O83433,Other,TK,TK,mapping
O84191,Other,,Other,original
O84372,Other,,Other,original
O84407,Other,,Other,original
O84458,Other,,Other,original
O84499,Other,,Other,original
O84990,Other,,Other,original
O85786,Other,TK,TK,name_regex
O86224,Other,,Other,original
O94122,Other,,Other,original
O94266,Other,TK,TK,name_regex
O94281,Other,,Other,original
O96863,Other,CK1,CK1,name_regex
P00513,Other,,Other,original
P00530,Other,TK,TK,name_regex
P00542,Other,TK,TK,name_regex
P00544,TK,,TK,original
P00555,Other,,Other,original
P00557,Other,,Other,original
P03177,Atypical,,Atypical,original
P03781,Other,,Other,original
P09250,Other,,Other,original
P09296,Atypical,,Atypical,original
P09431,Histidine,,Histidine,original
P09885,Other,,Other,original
P09979,Other,,Other,original
P0A3Y5,Other,,Other,original
P0A4E1,AGC,,AGC,original
P0C0Z0,Histidine,,Histidine,original
P0C198,CAMK,,CAMK,original
P0C1B1,STE,,STE,original
P0C1F9,Other,,Other,original
P0C2D8,Other,,Other,original
P0C5D9,Other,,Other,original
P0C5K0,TKL,,TKL,original
P0C8F4,Atypical,,Atypical,original
P0CD62,TK,,TK,original
P0CL98,TK,,TK,original
P0DA16,Other,,Other,original
P0DA44,Other,,Other,original
P0DKI6,TK,,TK,original
P0DN88,Other,,Other,original
P0DSV5,Other,,Other,original
P0DW68,Histidine,,Histidine,original
P0DW71,Histidine,,Histidine,original
P0DXJ0,Other,,Other,original
P10251,Other,,Other,original
P10741,Other,,Other,original
P11977,Atypical,,Atypical,original
P12011,Other,,Other,original
P13082,TK,,TK,original
P13227,Other,TK,TK,mapping
P14508,Other,,Other,original
P14509,Other,,Other,original
P18150,Other,,Other,original
P19680,Other,,Other,original
P19906,Histidine,,Histidine,original
P21293,Other,,Other,original
P21901,AGC,,AGC,original
P22990,Other,,Other,original
P23049,Other,TK,TK,name_regex
P23354,Other,,Other,original
P23391,Other,,Other,original
P24425,Other,,Other,original
P25055,Other,,Other,original
P26472,Other,,Other,original
P28926,Other,,Other,original
P28966,Atypical,,Atypical,original
P29364,Other,Histidine,Histidine,name_regex
P29811,TK,,TK,original
P29945,Other,,Other,original
P30235,Other,,Other,original
P31320,AGC,,AGC,original
P31459,Other,,Other,original
P31865,Other,,Other,original
P32044,Other,,Other,original
P32216,Other,,Other,original
P33113,STE,,STE,original
P33802,Other,,Other,original
P34100,AGC,,AGC,original
P34102,AGC,,AGC,original
P34103,AGC,,AGC,original
P34516,Other,,Other,original
P34635,Other,,Other,original
P35735,Other,,Other,original
P35850,Other,,Other,original
P37944,Other,,Other,original
P38839,Other,CMGC,CMGC,name_regex
P39074,Other,,Other,original
P39208,Other,,Other,original
P39211,Other,,Other,original
P39410,Other,,Other,original
P39574,Other,TK,TK,mapping
P41476,Other,TK,TK,name_regex
P41503,Histidine,,Histidine,original
P41720,Other,,Other,original
P41762,Other,,Other,original
P42169,CK1,,CK1,original
P42245,Histidine,,Histidine,original
P42411,Other,,Other,original
P42422,Histidine,,Histidine,original
P42490,Other,,Other,original
P42690,Other,TK,TK,name_regex
P43294,CMGC,,CMGC,original
P43591,Other,AGC,AGC,name_regex
P43892,Other,,Other,original
P43906,Other,,Other,original
P44399,Other,,Other,original
P44401,Other,,Other,original
P44424,Other,,Other,original
P44482,Other,,Other,original
P44491,Other,,Other,original
P44697,Other,TK,TK,name_regex
P44861,Other,,Other,original
P44957,Other,,Other,original
P45670,Histidine,,Histidine,original
P46859,Other,,Other,original
P47042,TK,,TK,original
P47252,Other,,Other,original
P47280,Other,,Other,original
P47284,Other,,Other,original
P47353,Other,,Other,original
P47374,Other,,Other,original
P47391,Other,,Other,original
P47417,Other,,Other,original
P47506,Other,,Other,original
P47542,Other,,Other,original
P47572,Other,,Other,original
P47599,Other,,Other,original
P47622,Other,,Other,original
P47672,Other,,Other,original
P49673,AGC,,AGC,original
P49695,TK,,TK,original
P49982,Other,,Other,original
P49983,Other,,Other,original
P50312,Other,,Other,original
P50313,Other,,Other,original
P50845,Other,,Other,original
P50873,CMGC,,CMGC,original
P51544,Other,TK,TK,name_regex
P51546,Other,,Other,original
P51950,CMGC,,CMGC,original
P53046,Other,AGC,AGC,name_regex
P53118,Other,,Other,original
P53356,Other,TK,TK,name_regex
P54444,Histidine,,Histidine,original
P54556,Other,,Other,original
P54575,Other,,Other,original
P54663,Histidine,,Histidine,original
P54676,Atypical,,Atypical,original
P54734,Other,,Other,original
P54739,AGC,,AGC,original
P54740,AGC,,AGC,original
P54743,Other,,Other,original
P54883,Histidine,,Histidine,original
P55183,Histidine,,Histidine,original
P56091,Other,TK,TK,mapping
P56411,Other,,Other,original
P56848,Other,TK,TK,name_regex
P56858,TK,,TK,original
P56861,Other,,Other,original
P56904,Other,TK,TK,name_regex
P57065,Other,,Other,original
P57250,Other,,Other,original
P57272,Other,,Other,original
P57299,Other,,Other,original
P57702,Other,,Other,original
P57931,Other,TK,TK,name_regex
P57993,Other,,Other,original
P58055,Other,,Other,original
P58056,Other,,Other,original
P58100,Other,,Other,original
P58184,Other,,Other,original
P58593,Other,TK,TK,name_regex
P58897,Other,,Other,original
P59299,Other,TK,TK,mapping
P59429,Other,,Other,original
P59461,Other,,Other,original
P59488,Other,,Other,original
P59500,Other,,Other,original
P59578,Other,,Other,original
P60549,Other,,Other,original
P60553,Other,,Other,original
P61115,Other,,Other,original
P61323,Other,,Other,original
P61325,Other,,Other,original
P62410,Other,,Other,original
P62417,Other,,Other,original
P62511,Other,,Other,original
P63824,Other,,Other,original
P63828,Other,,Other,original
P63830,Other,,Other,original
P65248,Other,,Other,original
P65770,Other,,Other,original
P66915,Other,TK,TK,name_regex
P69103,CK1,,CK1,original
P69365,Other,TK,TK,mapping
P70954,Histidine,,Histidine,original
P71104,Other,,Other,original
P72641,Other,,Other,original
P72796,Other,,Other,original
P72940,TK,,TK,original
P73162,Other,,Other,original
P73469,Other,,Other,original
P73515,Other,,Other,original
P73534,Other,,Other,original
P73651,Other,,Other,original
P74045,Other,,Other,original
P74111,Histidine,,Histidine,original
P74199,Histidine,,Histidine,original
P74297,Other,,Other,original
P74706,Other,,Other,original
P74745,Other,AGC,AGC,name_regex
P75400,Other,,Other,original
P75587,Other,,Other,original
P75948,Other,,Other,original
P76393,Other,,Other,original
P76555,Other,,Other,original
P78825,Other,,Other,original
P83097,Other,TK,TK,name_regex
P83101,CMGC,,CMGC,original
P83104,STE,,STE,original
P83700,Other,TK,TK,name_regex
P84199,Other,,Other,original
P86275,Other,,Other,original
P88825,Other,TK,TK,name_regex
P94414,CMGC,,CMGC,original
P94465,Other,,Other,original
P94871,Other,,Other,original
P96601,TK,,TK,original
P96685,Histidine,,Histidine,original
Q00094,Other,,Other,original
Q00095,Other,,Other,original
Q00497,Other,,Other,original
Q01402,Other,,Other,original
Q01577,Other,,Other,original
Q01PF4,Other,,Other,original
Q01QR0,Other,TK,TK,name_regex
Q022T0,Other,,Other,original
Q02595,TK,,TK,original
Q02A16,Other,,Other,original
Q02B43,Other,TK,TK,mapping
Q02CZ9,Other,,Other,original
Q03021,Atypical,,Atypical,original
Q03786,TK,,TK,original
Q03CP2,Other,,Other,original
Q03EW6,Other,,Other,original
Q03F87,Other,,Other,original
Q03GM6,Other,TK,TK,name_regex
Q03LG8,Other,,Other,original
Q03PA8,Other,TK,TK,mapping
Q03QF3,Other,,Other,original
Q03XM8,Other,TK,TK,name_regex
Q03YX1,Other,TK,TK,name_regex
Q04663,Other,TK,TK,name_regex
Q04758,Other,,Other,original
Q04943,Histidine,,Histidine,original
Q04G65,Other,,Other,original
Q04NM2,Other,,Other,original
Q04V79,Other,,Other,original
Q05672,Other,,Other,original
Q057D8,Other,,Other,original
Q057S9,Other,,Other,original
Q057V8,Other,,Other,original
Q05888,Other,,Other,original
Q06098,Other,TK,TK,name_regex
Q06309,CMGC,,CMGC,original
Q07622,Other,,Other,original
Q07Y94,Other,,Other,original
Q07YV2,Other,,Other,original
Q08097,Other,,Other,original
Q081R7,TK,,TK,original
Q08430,Histidine,,Histidine,original
Q087I7,Other,TK,TK,name_regex
Q08942,Other,,Other,original
Q09537,AGC,,AGC,original
Q09629,TK,,TK,original
Q09792,Other,,Other,original
Q0A923,Other,,Other,original
Q0ABJ2,Other,,Other,original
Q0AC00,Other,TK,TK,name_regex
Q0AEA0,Other,,Other,original
Q0AEC9,Other,,Other,original
Q0AHG4,Other,,Other,original
Q0AHZ4,Other,,Other,original
Q0AJF4,Other,,Other,original
Q0ALG1,Other,,Other,original
Q0APW3,Other,,Other,original
Q0AUE7,Other,TK,TK,name_regex
Q0AUK1,Other,,Other,original
Q0AUM4,Other,TK,TK,mapping
Q0AYW5,Other,,Other,original
Q0AZ87,Other,TK,TK,name_regex
Q0AZE0,Other,,Other,original
Q0B0T2,Other,TK,TK,name_regex
Q0BI00,Other,,Other,original
Q0BMQ8,Other,,Other,original
Q0BPA5,Other,,Other,original
Q0BR06,Other,TK,TK,name_regex
Q0BSF0,Other,,Other,original
Q0BVF4,Other,TK,TK,name_regex
Q0C0I1,Other,,Other,original
Q0C4B4,Other,,Other,original
Q0C4D8,Other,TK,TK,name_regex
Q0D4B2,CAMK,,CAMK,original
Q0D541,TK,,TK,original
Q0D847,TK,,TK,original
Q0J6P7,TK,,TK,original
Q0JI49,CAMK,,CAMK,original
Q0JMW0,Other,,Other,original
Q0K4F6,Other,,Other,original
Q0KBC8,Other,TK,TK,name_regex
Q0P6D2,Other,,Other,original
Q0PBB6,Other,,Other,original
Q0SPE9,Other,,Other,original
Q0SQX1,Other,TK,TK,name_regex
Q0SRK8,Other,,Other,original
Q0SS07,Other,,Other,original
Q0ST92,Other,TK,TK,mapping
Q0STA0,Other,TK,TK,name_regex
Q0V7T5,TK,,TK,original
Q0VQV5,Other,,Other,original
Q0VRN6,Other,,Other,original
Q0VS81,Other,TK,TK,name_regex
Q0VSB2,TK,,TK,original
Q0VSN1,Other,,Other,original
Q0W0P5,Other,TK,TK,mapping
Q0W1L9,Other,TK,TK,name_regex
Q0W1W4,Other,,Other,original
Q0W3K6,Other,,Other,original
Q0W6F7,Other,,Other,original
Q0W8X1,Other,,Other,original
Q0WR59,TK,,TK,original
Q10024,Other,,Other,original
Q10105,Other,RGC,RGC,mapping
Q10242,TK,,TK,original
Q10276,Other,,Other,original
Q10447,Other,,Other,original
Q10454,TK,,TK,original
Q10GB1,Other,,Other,original
Q10SY2,Other,CMGC,CMGC,name_regex
Q10Y19,Other,,Other,original
Q11090,Other,AGC,AGC,name_regex
Q110C6,Other,,Other,original
Q11ED3,Other,,Other,original
Q11IJ6,Other,,Other,original
Q11KG9,Other,TK,TK,name_regex
Q11PL9,Other,,Other,original
Q11Q02,Other,,Other,original
Q11QI8,Other,TK,TK,mapping
Q11VT3,Other,TK,TK,name_regex
Q11XK2,Other,,Other,original
Q12152,Other,,Other,original
Q124G2,Other,Histidine,Histidine,name_regex
Q12DZ8,Other,TK,TK,name_regex
Q12VB0,Other,,Other,original
Q12VQ2,Other,,Other,original
Q12ZS7,Other,,Other,original
Q141E8,Other,,Other,original
Q14JW3,Other,,Other,original
Q15NP1,Other,,Other,original
Q15Q03,Other,,Other,original
Q15RS7,Other,,Other,original
Q15SQ6,Other,TK,TK,name_regex
Q15UF1,Other,,Other,original
Q15XV2,Other,Histidine,Histidine,name_regex
Q162K5,Other,TK,TK,name_regex
Q163E9,Other,TK,TK,name_regex
Q164E0,Other,,Other,original
Q165Y7,Other,,Other,original
Q17413,TK,,TK,original
Q17QS4,Other,,Other,original
Q181G8,Other,TK,TK,name_regex
Q181T8,Other,,Other,original
Q18486,Atypical,,Atypical,original
Q184N9,Other,,Other,original
Q186F4,Other,TK,TK,name_regex
Q187C4,Other,,Other,original
Q187N7,Other,,Other,original
Q188A2,Other,TK,TK,mapping
Q18GX8,Other,TK,TK,name_regex
Q18J88,Other,,Other,original
Q19238,Other,TK,TK,name_regex
Q196W2,TK,,TK,original
Q1AS30,Other,TK,TK,mapping
Q1ASC4,Other,TK,TK,name_regex
Q1AU02,Other,,Other,original
Q1AUH7,Other,,Other,original
Q1AW66,Other,,Other,original
Q1AXL8,Other,TK,TK,name_regex
Q1BYA7,Other,,Other,original
Q1CRI6,Other,TK,TK,name_regex
Q1CXI5,Other,,Other,original
Q1D264,Other,TK,TK,mapping
Q1D6P1,Other,,Other,original
Q1DCK9,Other,,Other,original
Q1GIM1,Other,,Other,original
Q1GPC0,Other,,Other,original
Q1GTW9,Other,TK,TK,name_regex
Q1GZJ0,Other,,Other,original
Q1H3J0,Other,TK,TK,name_regex
Q1I2K4,Other,,Other,original
Q1IIZ0,Other,TK,TK,mapping
Q1IJS7,Other,,Other,original
Q1ISV1,Other,,Other,original
Q1IVF9,Other,,Other,original
Q1IXJ0,Other,,Other,original
Q1IZI8,Other,,Other,original
Q1J201,Other,TK,TK,name_regex
Q1J237,Other,,Other,original
Q1J2A2,Other,TK,TK,mapping
Q1J3J2,Other,,Other,original
Q1J6N4,Other,,Other,original
Q1JPP8,Other,CMGC,CMGC,name_regex
Q1KKW7,TK,,TK,original
Q1LFU5,Other,,Other,original
Q1LR05,Other,,Other,original
Q1LSV5,Other,,Other,original
Q1LTH3,Other,TK,TK,name_regex
Q1LTX5,Other,,Other,original
Q1LU78,Other,,Other,original
Q1M799,Histidine,,Histidine,original
Q1MKS2,Other,TK,TK,name_regex
Q1MPA2,Other,,Other,original
Q1MPL4,Other,,Other,original
Q1MQD8,Other,TK,TK,name_regex
Q1MRD8,Other,,Other,original
Q1MRK3,Other,,Other,original
Q1MRP0,Other,,Other,original
Q1MS79,Other,,Other,original
Q1PE89,TK,,TK,original
Q1Q8Q8,Other,,Other,original
Q1QA44,Other,,Other,original
Q1QDX4,Other,,Other,original
Q1QED3,Other,TK,TK,name_regex
Q1QEQ3,Other,,Other,original
Q1QN09,Other,,Other,original
Q1QPW6,Other,,Other,original
Q1QR91,Other,,Other,original
Q1QT13,Other,,Other,original
Q1QUK4,TK,,TK,original
Q1QXD0,Other,TK,TK,name_regex
Q1QZY3,Other,,Other,original
Q1R031,Other,,Other,original
Q1R0I9,Other,,Other,original
Q1RGM9,Other,,Other,original
Q1RJM0,Other,,Other,original
Q1WSL8,Other,,Other,original
Q1WV68,Other,TK,TK,name_regex
Q1ZXC8,CAMK,,CAMK,original
Q1ZXH2,CAMK,,CAMK,original
Q1ZXI5,TK,,TK,original
Q1ZXR2,TK,,TK,original
Q20140,Other,,Other,original
Q21122,Other,,Other,original
Q21944,TK,,TK,original
Q21CL5,Other,,Other,original
Q21FL9,Other,TK,TK,name_regex
Q21JY6,Other,,Other,original
Q21LT1,Other,,Other,original
Q21MA1,Other,,Other,original
Q21MF7,Other,,Other,original
Q21Q74,Other,,Other,original
Q21UD7,Other,,Other,original
Q22018,Other,,Other,original
Q220S7,Other,,Other,original
Q23915,TK,,TK,original
Q24740,Other,TK,TK,name_regex
Q24XR7,Other,,Other,original
Q253G3,Other,TK,TK,name_regex
Q255D2,Other,,Other,original
Q26619,Other,,Other,original
Q27788,Other,,Other,original
Q28KN6,Other,,Other,original
Q28RF2,Other,,Other,original
Q28UT2,Other,,Other,original
Q28V59,Other,TK,TK,name_regex
Q28W00,Other,,Other,original
Q2A3U3,Other,,Other,original
Q2FNE1,Other,TK,TK,name_regex
Q2FPM5,Other,,Other,original
Q2FQ95,Other,,Other,original
Q2FR36,Other,,Other,original
Q2FWJ3,Other,,Other,original
Q2G1E0,Histidine,,Histidine,original
Q2G733,Other,,Other,original
Q2G7F1,Other,TK,TK,name_regex
Q2G982,Other,,Other,original
Q2GC60,Other,,Other,original
Q2GCI6,Other,,Other,original
Q2GD50,Other,TK,TK,name_regex
Q2GEB9,Other,,Other,original
Q2GG34,Other,,Other,original
Q2GG78,Other,TK,TK,name_regex
Q2GHN3,Other,,Other,original
Q2GJ76,Other,,Other,original
Q2GKD6,Other,TK,TK,name_regex
Q2IJI0,Other,Histidine,Histidine,name_regex
Q2IKH9,Other,,Other,original
Q2ILC5,Other,,Other,original
Q2IMF3,Other,,Other,original
Q2IMM2,Other,,Other,original
Q2IVR1,Other,,Other,original
Q2J528,Other,,Other,original
Q2J827,Other,,Other,original
Q2J862,Other,TK,TK,mapping
Q2JCJ1,Other,,Other,original
Q2JHF7,Other,TK,TK,mapping
Q2JIK8,Other,,Other,original
Q2JK57,Other,,Other,original
Q2JLD5,Other,,Other,original
Q2JLP6,Other,TK,TK,name_regex
Q2JLQ2,Other,,Other,original
Q2JLX1,Other,,Other,original
Q2JNZ0,Other,,Other,original
Q2JQ59,Other,,Other,original
Q2JRJ6,Other,,Other,original
Q2KE98,Other,,Other,original
Q2KW92,Other,,Other,original
Q2LR78,Other,,Other,original
Q2LUD6,Other,,Other,original
Q2LUJ9,Other,TK,TK,name_regex
Q2LUP6,Other,,Other,original
Q2LVL1,Other,,Other,original
Q2LWX9,Other,TK,TK,name_regex
Q2NA81,Other,,Other,original
Q2NB77,Histidine,,Histidine,original
Q2NC49,Other,,Other,original
Q2NCA3,Histidine,,Histidine,original
Q2NEP6,Other,,Other,original
Q2NGG1,Other,TK,TK,name_regex
Q2NGH3,Other,TK,TK,name_regex
Q2NGM5,Other,,Other,original
Q2NGV4,Other,TK,TK,mapping
Q2NHN9,Other,,Other,original
Q2NIM1,Other,,Other,original
Q2NIS4,Other,,Other,original
Q2NVB6,Other,,Other,original
Q2NVT9,Other,,Other,original
Q2QMI0,CAMK,,CAMK,original
Q2QPW1,AGC,,AGC,original
Q2QRN7,TK,,TK,original
Q2QSL4,CMGC,,CMGC,original
Q2QXC6,TK,,TK,original
Q2RA93,TK,,TK,original
Q2RBE3,TK,,TK,original
Q2RFR8,Other,,Other,original
Q2RGX6,Other,TK,TK,name_regex
Q2RHF1,Other,,Other,original
Q2RI74,Other,,Other,original
Q2RIC1,Other,,Other,original
Q2RKZ7,Other,,Other,original
Q2RM40,Other,TK,TK,name_regex
Q2RM94,Other,,Other,original
Q2RMC8,Other,TK,TK,name_regex
Q2RMW1,Other,,Other,original
Q2RN89,Other,,Other,original
Q2RSR4,Other,,Other,original
Q2RU25,Other,,Other,original
Q2RV05,Other,,Other,original
Q2RXS7,Other,TK,TK,name_regex
Q2RYU8,Other,,Other,original
Q2RZH4,Other,,Other,original
Q2RZV7,Other,,Other,original
Q2S1E4,Other,,Other,original
Q2S355,Other,,Other,original
Q2S3A7,Other,,Other,original
Q2S3M6,Other,,Other,original
Q2S4Q4,Other,TK,TK,name_regex
Q2S4T0,Other,,Other,original
Q2S560,Other,,Other,original
Q2S6J2,Other,,Other,original
Q2S8Y7,Other,,Other,original
Q2S8Z5,Other,,Other,original
Q2S9Q5,Other,,Other,original
Q2S9T4,Other,,Other,original
Q2SBL9,Other,,Other,original
Q2SLA0,Other,TK,TK,name_regex
Q2SSQ8,Other,,Other,original
Q2SSR8,Other,,Other,original
Q2SSX9,Other,,Other,original
Q2T0K1,Other,,Other,original
Q2T0V9,Histidine,,Histidine,original
Q2TAQ1,Other,,Other,original
Q2VWQ3,STE,,STE,original
Q2VYH5,Other,,Other,original
Q2VYT6,Other,TK,TK,name_regex
Q2W095,Other,,Other,original
Q2W2L1,Other,,Other,original
Q2W2T7,Other,,Other,original
Q2W8P4,Other,,Other,original
Q2Y748,Other,,Other,original
Q2Y796,Other,,Other,original
Q2YBB2,Other,,Other,original
Q2YBH5,Other,TK,TK,name_regex
Q2YBK8,Other,,Other,original
Q2YIQ1,Other,,Other,original
Q2YMB5,Other,TK,TK,name_regex
Q2YUZ7,Other,TK,TK,mapping
Q30NT6,Other,,Other,original
Q30NW0,Other,,Other,original
Q30RL8,Other,,Other,original
Q30S65,Other,,Other,original
Q30TG0,Other,TK,TK,name_regex
Q30UJ4,Other,,Other,original
Q30XS2,Other,,Other,original
Q30Y32,Other,,Other,original
Q30ZH4,Other,TK,TK,name_regex
Q316Q1,Other,,Other,original
Q31D25,Other,,Other,original
Q31DD4,Other,,Other,original
Q31DP8,Other,,Other,original
Q31E86,Other,,Other,original
Q31G45,Other,,Other,original
Q31HB0,Other,,Other,original
Q31I08,Other,,Other,original
Q31I33,Other,,Other,original
Q31IS6,Other,,Other,original
Q31IT3,Other,,Other,original
Q31M81,Other,,Other,original
Q31P96,Other,,Other,original
Q31PU5,Other,,Other,original
Q31RH7,Other,TK,TK,name_regex
Q31RL4,Other,,Other,original
Q38V25,Other,TK,TK,name_regex
Q38VN8,Other,,Other,original
Q38VS6,Other,,Other,original
Q38ZL9,Other,TK,TK,name_regex
Q39R83,Other,,Other,original
Q39RQ7,Other,TK,TK,name_regex
Q3A1D9,Other,,Other,original
Q3A241,Other,,Other,original
Q3A2Z3,Other,,Other,original
Q3A311,Other,TK,TK,name_regex
Q3A3N8,Other,,Other,original
Q3A6J1,Other,,Other,original
Q3A9L7,Other,,Other,original
Q3A9W2,Other,TK,TK,mapping
Q3AAN2,Other,,Other,original
Q3AAT8,Other,,Other,original
Q3ABL6,Other,,Other,original
Q3AE32,Other,TK,TK,name_regex
Q3AF41,Other,,Other,original
Q3AFM4,Other,TK,TK,name_regex
Q3AGR0,Other,,Other,original
Q3AH55,Other,,Other,original
Q3AR95,Other,,Other,original
Q3ARZ7,Other,,Other,original
Q3AVV9,Other,,Other,original
Q3B314,Other,,Other,original
Q3B316,Other,,Other,original
Q3B3J7,Other,,Other,original
Q3B422,Other,TK,TK,mapping
Q3EBR4,Other,,Other,original
Q3IEY8,Other,,Other,original
Q3IHD9,Other,Histidine,Histidine,name_regex
Q3IHK8,Other,,Other,original
Q3IID1,Other,,Other,original
Q3IIX6,Other,,Other,original
Q3IJV0,Other,,Other,original
Q3IK98,Other,TK,TK,name_regex
Q3IKY9,Other,Histidine,Histidine,name_regex
Q3IP35,Other,TK,TK,name_regex
Q3IR96,Other,,Other,original
Q3IYG8,Other,,Other,original
Q3J2I9,Other,,Other,original
Q3J7A3,Other,,Other,original
Q3JBV4,Other,,Other,original
Q3JCM5,Other,,Other,original
Q3JDR0,Other,TK,TK,name_regex
Q3JEA9,Other,,Other,original
Q3JEG4,Other,,Other,original
Q3JEM4,Other,,Other,original
Q3JW85,Other,TK,TK,name_regex
Q3K1L7,Other,TK,TK,name_regex
Q3K959,TK,,TK,original
Q3M7P3,Other,,Other,original
Q3MC63,Other,,Other,original
Q3MGH8,Other,,Other,original
Q3SGD0,Other,,Other,original
Q3SHA5,Other,,Other,original
Q3SLJ6,Other,,Other,original
Q3SLK0,Other,,Other,original
Q3SM89,Other,,Other,original
Q3SPE5,Other,TK,TK,name_regex
Q3SVM9,Other,,Other,original
Q3SZK4,Atypical,,Atypical,original
Q3T6E2,AGC,,AGC,original
Q3UXL4,Other,TK,TK,name_regex
Q3YS21,Other,TK,TK,mapping
Q3YSS7,Other,,Other,original
Q3Z6W5,Other,,Other,original
Q3ZZC3,Other,,Other,original
Q40884,CMGC,,CMGC,original
Q41140,Other,,Other,original
Q42806,Other,,Other,original
Q44473,Other,,Other,original
Q46078,Other,,Other,original
Q46289,Other,,Other,original
Q46526,Other,,Other,original
Q46631,Other,TK,TK,name_regex
Q466J4,Other,TK,TK,name_regex
Q46D93,Other,TK,TK,mapping
Q46HL7,Other,,Other,original
Q46HR4,Other,,Other,original
Q46I08,Other,,Other,original
Q46WJ3,Other,,Other,original
Q46X10,Other,,Other,original
Q473L9,Other,,Other,original
Q476F8,Other,TK,TK,name_regex
Q47745,Histidine,,Histidine,original
Q47909,Other,,Other,original
Q479J6,Other,,Other,original
Q479M3,Other,TK,TK,name_regex
Q479P3,Other,,Other,original
Q47BD0,Other,Histidine,Histidine,name_regex
Q47HJ4,Other,,Other,original
Q47JK7,Other,,Other,original
Q47LL4,Other,,Other,original
Q47MV7,Other,,Other,original
Q47NA3,Other,,Other,original
Q47QN9,Other,,Other,original
Q47QY8,Other,,Other,original
Q47SX2,Other,TK,TK,name_regex
Q47UY4,Other,,Other,original
Q47V03,Other,,Other,original
Q47VS4,Other,,Other,original
Q47Y90,Other,TK,TK,name_regex
Q48295,Other,,Other,original
Q483R5,Other,,Other,original
Q48759,Other,TK,TK,name_regex
Q487A4,Other,Histidine,Histidine,name_regex
Q489P5,Other,TK,TK,mapping
Q491V8,TK,,TK,original
Q492A4,Other,,Other,original
Q492C6,Other,,Other,original
Q492N1,Other,,Other,original
Q492W0,Other,TK,TK,name_regex
Q49396,Other,,Other,original
Q493A3,Other,,Other,original
Q493P4,Other,,Other,original
Q49VK4,Histidine,,Histidine,original
Q49XY2,Other,,Other,original
Q49Z66,Other,,Other,original
Q4A0M9,Other,TK,TK,mapping
Q4A743,Other,,Other,original
Q4A7B8,Other,,Other,original
Q4A7I8,Other,,Other,original
Q4A8J1,Other,,Other,original
Q4FLN8,Other,,Other,original
Q4FM76,Other,,Other,original
Q4FMN4,Other,,Other,original
Q4FNF2,Other,TK,TK,mapping
Q4FP45,Other,,Other,original
Q4FQ90,Other,,Other,original
Q4FRP5,Other,,Other,original
Q4J939,Other,,Other,original
Q4J963,Other,,Other,original
Q4J986,Other,,Other,original
Q4JAV3,Other,,Other,original
Q4JU24,Other,TK,TK,name_regex
Q4JVG1,Other,,Other,original
Q4JVX8,Other,,Other,original
Q4JW20,Other,,Other,original
Q4JWT5,Other,,Other,original
Q4JXQ4,Other,,Other,original
Q4L6N8,Other,,Other,original
Q4L7L1,Other,,Other,original
Q4R7T5,CMGC,,CMGC,original
Q4UXU8,Other,,Other,original
Q4W580,Other,,Other,original
Q4WID9,Other,TK,TK,name_regex
Q4WV38,Other,,Other,original
Q50178,Other,,Other,original
Q50299,Other,,Other,original
Q502L7,Other,,Other,original
Q50559,Other,,Other,original
Q51892,Other,,Other,original
Q53NI2,CAMK,,CAMK,original
Q54B48,TK,,TK,original
Q54BC9,CMGC,,CMGC,original
Q54C18,TK,,TK,original
Q54C71,STE,,STE,original
Q54CT8,TK,,TK,original
Q54CY9,CAMK,,CAMK,original
Q54D75,CMGC,,CMGC,original
Q54DC8,TK,,TK,original
Q54DF2,CAMK,,CAMK,original
Q54DK3,TK,,TK,original
Q54DK4,Other,,Other,original
Q54DN6,Other,TK,TK,mapping
Q54DY0,TK,,TK,original
Q54E34,TK,,TK,original
Q54EG9,TK,,TK,original
Q54ER4,TK,,TK,original
Q54ET3,TK,,TK,original
Q54F40,TK,,TK,original
Q54FR9,TK,,TK,original
Q54G43,Other,Histidine,Histidine,name_regex
Q54GN2,Other,,Other,original
Q54GY6,TKL,,TKL,original
Q54H05,TK,,TK,original
Q54HD2,TK,,TK,original
Q54IF2,TK,,TK,original
Q54IH8,TK,,TK,original
Q54IP4,TKL,,TKL,original
Q54JQ1,STE,,STE,original
Q54L00,TK,,TK,original
Q54L81,TK,,TK,original
Q54LH8,TK,,TK,original
Q54LU8,TK,,TK,original
Q54MB5,Other,,Other,original
Q54MH0,CAMK,,CAMK,original
Q54MV2,CAMK,,CAMK,original
Q54N73,TKL,,TKL,original
Q54P00,TK,,TK,original
Q54P26,TK,,TK,original
Q54PK8,TK,,TK,original
Q54PX0,TK,,TK,original
Q54QD5,TK,,TK,original
Q54R58,TK,,TK,original
Q54R62,Other,,Other,original
Q54R95,TK,,TK,original
Q54R98,TK,,TK,original
Q54RB2,CMGC,,CMGC,original
Q54RF5,Other,,Other,original
Q54RJ4,TK,,TK,original
Q54RP6,Histidine,,Histidine,original
Q54RP7,TK,,TK,original
Q54RR9,TK,,TK,original
Q54RZ7,TK,,TK,original
Q54SC4,TK,,TK,original
Q54SK3,TK,,TK,original
Q54SK5,Histidine,,Histidine,original
Q54SP4,Histidine,,Histidine,original
Q54TA3,CAMK,,CAMK,original
Q54TH6,TK,,TK,original
Q54TN4,STE,,STE,original
Q54U31,Other,Histidine,Histidine,name_regex
Q54U65,Other,,Other,original
Q54UA9,CMGC,,CMGC,original
Q54UZ1,TK,,TK,original
Q54V35,TK,,TK,original
Q54V83,TK,,TK,original
Q54VC0,TK,,TK,original
Q54VI1,CAMK,,CAMK,original
Q54VT8,TK,,TK,original
Q54VU4,CAMK,,CAMK,original
Q54VV7,TK,,TK,original
Q54W36,Histidine,,Histidine,original
Q54WD7,TK,,TK,original
Q54WR2,Other,RGC,RGC,mapping
Q54WW7,TK,,TK,original
Q54XF2,Other,,Other,original
Q54XJ4,TK,,TK,original
Q54XL6,STE,,STE,original
Q54XX5,TK,,TK,original
Q54XY6,TK,,TK,original
Q54XZ5,TK,,TK,original
Q54Y03,Other,,Other,original
Q54Y06,CMGC,,CMGC,original
Q54Y55,TKL,,TKL,original
Q54Y90,TK,,TK,original
Q54YZ5,TK,,TK,original
Q54YZ9,Histidine,,Histidine,original
Q54Z27,Other,TK,TK,name_regex
Q54ZN3,TK,,TK,original
Q55143,Other,,Other,original
Q551H4,STE,,STE,original
Q552C1,TK,,TK,original
Q552E9,AGC,,AGC,original
Q552Z2,TK,,TK,original
Q553E9,TK,,TK,original
Q55515,Other,,Other,original
Q55593,Other,,Other,original
Q556J6,CMGC,,CMGC,original
Q55863,Other,,Other,original
Q55932,Histidine,,Histidine,original
Q559A2,TK,,TK,original
Q559T8,TK,,TK,original
Q55A09,TK,,TK,original
Q55A55,CAMK,,CAMK,original
Q55BA0,TK,,TK,original
Q55CA6,TK,,TK,original
Q55CE0,STE,,STE,original
Q55CS8,Other,TK,TK,mapping
Q55CW2,TK,,TK,original
Q55CW3,TK,,TK,original
Q55DJ9,TK,,TK,original
Q55DK2,TK,,TK,original
Q55DU7,TK,,TK,original
Q55DV2,TK,,TK,original
Q55E44,Histidine,,Histidine,original
Q55EE0,TK,,TK,original
Q55EI8,TK,,TK,original
Q55F45,TK,,TK,original
Q55FJ6,CMGC,,CMGC,original
Q55FV4,TK,,TK,original
Q55FV5,TK,,TK,original
Q55GC2,STE,,STE,original
Q55GE6,TK,,TK,original
Q55GG4,TK,,TK,original
Q55GS4,CMGC,,CMGC,original
Q55GU0,TK,,TK,original
Q56301,Other,,Other,original
Q56416,Other,,Other,original
Q56A20,Other,,Other,original
Q57190,Other,,Other,original
Q57572,Other,,Other,original
Q57646,Other,,Other,original
Q57886,Atypical,,Atypical,original
Q57991,TK,,TK,original
Q58058,Other,,Other,original
Q58450,Other,,Other,original
Q58473,Atypical,,Atypical,original
Q58504,Other,Histidine,Histidine,name_regex
Q58656,Other,,Other,original
Q58933,Other,,Other,original
Q59KN8,Other,,Other,original
Q59U11,Other,TK,TK,name_regex
Q5B3G6,TK,,TK,original
Q5B4D1,Other,TK,TK,name_regex
Q5DTN8,Other,TK,TK,mapping
Q5DZD2,Other,,Other,original
Q5E4Z3,AGC,,AGC,original
Q5EA84,TK,,TK,original
Q5F349,AGC,,AGC,original
Q5FIV9,Other,,Other,original
Q5FKZ1,Other,,Other,original
Q5FP70,Other,,Other,original
Q5FPH6,Other,,Other,original
Q5FPK0,Other,,Other,original
Q5FQP6,Other,TK,TK,name_regex
Q5FSJ7,Other,,Other,original
Q5FTL1,Other,,Other,original
Q5FUL1,Other,,Other,original
Q5FUV0,Other,,Other,original
Q5GRV2,Other,,Other,original
Q5GSW4,Other,,Other,original
Q5GT26,Other,,Other,original
Q5HI96,Other,,Other,original
Q5HNJ4,Other,,Other,original
Q5HP11,Other,,Other,original
Q5HP23,Other,TK,TK,mapping
Q5HP76,Other,,Other,original
Q5HR29,Histidine,,Histidine,original
Q5HSQ6,Other,,Other,original
Q5JEK6,Other,,Other,original
Q5JGR7,Other,,Other,original
Q5JGT7,Other,,Other,original
Q5JJC6,Other,,Other,original
Q5JLQ9,CAMK,,CAMK,original
Q5KQF5,CAMK,,CAMK,original
Q5KWC4,Other,,Other,original
Q5L568,Other,TK,TK,name_regex
Q5L6Q2,Other,,Other,original
Q5LG50,Other,,Other,original
Q5LGL2,Other,,Other,original
Q5LIQ2,Other,TK,TK,mapping
Q5LIQ7,Other,,Other,original
Q5LLN2,Other,,Other,original
Q5LR94,Other,,Other,original
Q5LSN8,Other,,Other,original
Q5LSV4,Other,,Other,original
Q5LUY8,Other,,Other,original
Q5LX98,Other,TK,TK,name_regex
Q5M7G4,Other,,Other,original
Q5N133,Other,,Other,original
Q5N9J9,TK,,TK,original
Q5NEX0,Other,,Other,original
Q5NLB9,Other,,Other,original
Q5NLZ4,Other,,Other,original
Q5NME2,Other,TK,TK,mapping
Q5NMV7,Other,,Other,original
Q5NPY7,Other,,Other,original
Q5NQ29,Other,,Other,original
Q5NQ43,Other,,Other,original
Q5NR24,Other,,Other,original
Q5NRJ0,Other,,Other,original
Q5P1G9,Other,,Other,original
Q5P2L1,Other,,Other,original
Q5P2L4,Other,,Other,original
Q5P3M0,Other,,Other,original
Q5P5P2,Other,,Other,original
Q5P725,Other,TK,TK,name_regex
Q5PB43,Other,,Other,original
Q5QNM6,CAMK,,CAMK,original
Q5QV06,Other,TK,TK,name_regex
Q5QVP3,Other,,Other,original
Q5QWC7,Other,,Other,original
Q5QWZ3,Other,Histidine,Histidine,name_regex
Q5QXM6,Other,,Other,original
Q5QY57,Other,,Other,original
Q5QY78,Other,,Other,original
Q5R0N3,Other,,Other,original
Q5SGY0,Other,TK,TK,mapping
Q5SHX3,Other,,Other,original
Q5SII4,Other,,Other,original
Q5SIJ5,Other,,Other,original
Q5SKR5,Other,,Other,original
Q5T6J7,TK,,TK,original
Q5T7M9,Other,,Other,original
Q5U5V2,Other,,Other,original
Q5UQ24,Other,,Other,original
Q5UQD2,Other,TK,TK,name_regex
Q5UQG7,Other,,Other,original
Q5UQJ6,Atypical,,Atypical,original
Q5UXD1,Other,,Other,original
Q5UY62,Other,,Other,original
Q5VUD6,Other,,Other,original
Q5WB52,Other,,Other,original
Q5WDH1,Other,,Other,original
Q5WEG9,Other,,Other,original
Q5WEW9,Other,TK,TK,mapping
Q5WGU8,Other,,Other,original
Q5WH53,Other,,Other,original
Q5WL39,Other,,Other,original
Q5WLV5,Other,,Other,original
Q5WLV8,Other,TK,TK,name_regex
Q5WW92,Other,,Other,original
Q5WYR3,Other,,Other,original
Q5XF57,TK,,TK,original
Q5YNP4,Other,,Other,original
Q5YY83,Other,,Other,original
Q5YY98,Other,,Other,original
Q5YYJ6,Other,,Other,original
Q5Z6X0,CAMK,,CAMK,original
Q5ZIB8,Other,,Other,original
Q5ZUI0,Other,,Other,original
Q60382,Other,TK,TK,mapping
Q606C5,Other,,Other,original
Q607A2,Other,,Other,original
Q607I0,Other,,Other,original
Q60A17,Other,TK,TK,name_regex
Q60BY3,Other,,Other,original
Q60DG4,Other,,Other,original
Q60DX1,Other,,Other,original
Q60EY8,CAMK,,CAMK,original
Q621J7,TK,,TK,original
Q65EY9,Other,,Other,original
Q65G95,Other,,Other,original
Q65IS8,Other,,Other,original
Q65Q24,Other,,Other,original
Q65RE1,Other,,Other,original
Q65TV4,Other,,Other,original
Q65VP4,Other,,Other,original
Q65X23,TK,,TK,original
Q66624,Other,,Other,original
Q67JC2,Other,TK,TK,name_regex
Q67JI4,Other,,Other,original
Q67JI5,Other,,Other,original
Q67JN4,Other,TK,TK,name_regex
Q67JW4,Other,,Other,original
Q67KD3,Other,TK,TK,mapping
Q67L76,Other,,Other,original
Q67N09,Other,,Other,original
Q67NC1,Other,,Other,original
Q67NR4,Other,,Other,original
Q67PB5,Other,,Other,original
Q67R57,Other,,Other,original
Q68VZ7,Other,,Other,original
Q68W99,Other,,Other,original
Q6A6Q4,Other,,Other,original
Q6A7W9,Other,,Other,original
Q6A814,Other,TK,TK,mapping
Q6A9C5,Other,TK,TK,name_regex
Q6A9H7,Other,,Other,original
Q6A9I7,Other,,Other,original
Q6A9J3,Other,,Other,original
Q6A9M5,Other,,Other,original
Q6AAD6,Other,TK,TK,name_regex
Q6AB62,Other,,Other,original
Q6AF53,Other,,Other,original
Q6AFC1,Other,,Other,original
Q6AGG7,Other,,Other,original
Q6AGY7,Other,,Other,original
Q6AJL6,Other,TK,TK,name_regex
Q6AJM2,Other,,Other,original
Q6AK08,Other,,Other,original
Q6AKW8,Other,,Other,original
Q6AL12,Other,,Other,original
Q6AMG3,Other,,Other,original
Q6AP39,Other,,Other,original
Q6AQT5,Other,,Other,original
Q6AQZ6,Other,TK,TK,name_regex
Q6AR56,Other,TK,TK,mapping
Q6AS45,Other,,Other,original
Q6AX33,AGC,,AGC,original
Q6B8Z0,Other,TK,TK,mapping
Q6BV06,CMGC,,CMGC,original
Q6BVA0,Other,,Other,original
Q6C3D7,STE,,STE,original
Q6C842,CMGC,,CMGC,original
Q6CG11,Other,,Other,original
Q6CP76,Other,Atypical,Atypical,mapping
Q6CPK7,AGC,,AGC,original
Q6CT34,Other,Atypical,Atypical,mapping
Q6CT57,Other,,Other,original
Q6CVA2,STE,,STE,original
Q6CWQ4,Other,,Other,original
Q6CXN5,CAMK,,CAMK,original
Q6D0N7,Other,,Other,original
Q6D5T8,Other,,Other,original
Q6D8V6,Other,,Other,original
Q6DII7,TK,,TK,original
Q6DJ55,Atypical,,Atypical,original
Q6ERS4,CAMK,,CAMK,original
Q6EU49,TK,,TK,original
Q6F0I2,Other,,Other,original
Q6F0Q9,Other,,Other,original
Q6F1X3,Other,,Other,original
Q6F273,Other,,Other,original
Q6F8J0,Other,TK,TK,name_regex
Q6FDN3,Other,,Other,original
Q6FF48,Other,,Other,original
Q6FG11,Other,,Other,original
Q6FJ85,CAMK,,CAMK,original
Q6FQH2,CAMK,,CAMK,original
Q6FRE7,Other,,Other,original
Q6FRZ9,Other,Atypical,Atypical,mapping
Q6G1B3,Other,,Other,original
Q6G1H5,Other,,Other,original
Q6G327,Other,,Other,original
Q6G7L8,Other,TK,TK,name_regex
Q6H7U5,CAMK,,CAMK,original
Q6INI0,Other,,Other,original
Q6KH30,Other,,Other,original
Q6KH54,Other,,Other,original
Q6KI35,Other,,Other,original
Q6KIN6,Other,,Other,original
Q6KYV3,Other,,Other,original
Q6KZ23,Other,,Other,original
Q6KZB1,Other,,Other,original
Q6L0E8,Other,,Other,original
Q6L2M4,Other,,Other,original
Q6L4F8,CK1,,CK1,original
Q6LMG7,Other,,Other,original
Q6LP62,Other,,Other,original
Q6LPQ4,Other,TK,TK,name_regex
Q6LRE4,Other,,Other,original
Q6LUQ1,Other,Histidine,Histidine,name_regex
Q6M0I7,Other,,Other,original
Q6M923,Other,,Other,original
Q6M9Z8,Other,,Other,original
Q6MAN0,Other,,Other,original
Q6MAT6,Other,TK,TK,name_regex
Q6MBG3,Other,,Other,original
Q6MDK7,Other,,Other,original
Q6MEQ3,Other,,Other,original
Q6MGU4,Other,,Other,original
Q6MHW4,Other,,Other,original
Q6MII5,Other,,Other,original
Q6MIK8,Other,,Other,original
Q6MJQ2,Other,,Other,original
Q6NH03,Other,,Other,original
Q6NHI5,Other,,Other,original
Q6NIA1,Other,TK,TK,name_regex
Q6NLG3,TK,,TK,original
Q6NSM8,CAMK,,CAMK,original
Q6R6L0,Other,,Other,original
Q6UDG0,Other,,Other,original
Q6UDH7,Atypical,,Atypical,original
Q6XHA6,TK,,TK,original
Q6Z6G5,Other,CMGC,CMGC,mapping
Q6Z829,Other,,Other,original
Q6Z9F4,CAMK,,CAMK,original
Q6ZAG3,CMGC,,CMGC,original
Q6ZC69,TK,,TK,original
Q6ZVC0,Other,TK,TK,name_regex
Q70FG9,Histidine,,Histidine,original
Q71ZA4,Other,,Other,original
Q720R2,Other,,Other,original
Q72DA1,Other,,Other,original
Q72DN7,Other,,Other,original
Q72MV4,Other,,Other,original
Q72U12,Other,,Other,original
Q72U64,Other,TK,TK,name_regex
Q73CE0,Other,,Other,original
Q73HM2,Other,,Other,original
Q73M71,Other,,Other,original
Q73MB8,Other,,Other,original
Q73N18,Other,TK,TK,name_regex
Q73NP0,Other,,Other,original
Q74AU2,Other,,Other,original
Q74BL5,Other,,Other,original
Q74IB6,Other,,Other,original
Q753D9,Other,,Other,original
Q753I3,CAMK,,CAMK,original
Q757X8,CAMK,,CAMK,original
Q758T2,Other,,Other,original
Q75JN1,TK,,TK,original
Q76NV1,CMGC,,CMGC,original
Q76P07,CAMK,,CAMK,original
Q795K2,Histidine,,Histidine,original
Q7AJA5,Other,,Other,original
Q7JP68,Other,,Other,original
Q7M7Q5,Other,,Other,original
Q7MD16,Histidine,,Histidine,original
Q7MD31,AGC,,AGC,original
Q7MNR4,Other,Histidine,Histidine,name_regex
Q7MR67,Other,,Other,original
Q7MS38,Other,,Other,original
Q7MTP5,Other,,Other,original
Q7MWV3,Other,,Other,original
Q7N7B0,Other,,Other,original
Q7NAE2,Other,,Other,original
Q7NAU0,Other,,Other,original
Q7NAZ6,Other,,Other,original
Q7NBG7,Other,,Other,original
Q7NC20,Other,,Other,original
Q7NCI5,Other,,Other,original
Q7NEY1,Other,,Other,original
Q7NFK0,Other,,Other,original
Q7NH27,Other,,Other,original
Q7NI70,Other,,Other,original
Q7NIP9,Other,,Other,original
Q7NJT1,Other,,Other,original
Q7NKT5,Other,,Other,original
Q7NMT7,Other,,Other,original
Q7NND8,Other,,Other,original
Q7NPF3,Other,TK,TK,name_regex
Q7NQS8,Other,TK,TK,name_regex
Q7NRF7,Other,,Other,original
Q7NV67,Other,,Other,original
Q7NVK0,Other,,Other,original
Q7NXU5,Other,,Other,original
Q7NZU3,Other,,Other,original
Q7P0S9,Other,,Other,original
Q7P1G2,Other,,Other,original
Q7SH17,TK,,TK,original
Q7SXB3,Other,,Other,original
Q7T0B0,CAMK,,CAMK,original
Q7T6X2,Other,,Other,original
Q7T6Y2,Other,,Other,original
Q7U3D7,Other,,Other,original
Q7U3S5,Other,,Other,original
Q7U406,Other,,Other,original
Q7U871,Histidine,,Histidine,original
Q7UEV3,Other,TK,TK,name_regex
Q7UEW6,Other,,Other,original
Q7UEX1,Other,,Other,original
Q7UFR1,Other,,Other,original
Q7UIM1,Other,,Other,original
Q7UJA8,Other,,Other,original
Q7UJK7,Other,,Other,original
Q7ULJ4,Other,,Other,original
Q7UNW7,Other,,Other,original
Q7UQ02,Other,,Other,original
Q7UQW3,Other,,Other,original
Q7UQZ8,Other,TK,TK,mapping
Q7UTH1,Other,,Other,original
Q7UTP4,Other,,Other,original
Q7UU71,Other,,Other,original
Q7UVH5,Other,,Other,original
Q7UWB8,Other,,Other,original
Q7UZW3,Other,,Other,original
Q7V435,Other,,Other,original
Q7V844,Other,,Other,original
Q7VCH6,Other,TK,TK,name_regex
Q7VE24,Other,,Other,original
Q7VE34,Other,,Other,original
Q7VE85,Other,,Other,original
Q7VEG0,Other,,Other,original
Q7VFH6,Other,,Other,original
Q7VGL3,Other,,Other,original
Q7VGM5,Other,,Other,original
Q7VJB6,Other,,Other,original
Q7VJR4,Other,TK,TK,mapping
Q7VJU3,Other,,Other,original
Q7VL27,Other,,Other,original
Q7VM70,Other,,Other,original
Q7VRB6,Other,,Other,original
Q7VRG3,Other,,Other,original
Q7VSU7,Other,,Other,original
Q7VSV5,Other,,Other,original
Q7VT94,Other,,Other,original
Q7VUH0,Other,TK,TK,name_regex
Q7VZG1,Other,,Other,original
Q7WDP2,Other,Histidine,Histidine,name_regex
Q7WLV0,Other,,Other,original
Q7WSH2,Other,,Other,original
Q7WTU1,Other,,Other,original
Q7WZ28,Other,,Other,original
Q7XIW5,CAMK,,CAMK,original
Q7XR61,Other,TK,TK,mapping
Q7Y4Y9,Other,,Other,original
Q7ZXH3,Other,,Other,original
Q7ZYZ6,Other,TK,TK,name_regex
Q80V03,Other,,Other,original
Q80YS9,TKL,,TKL,original
Q81JB5,Other,,Other,original
Q822Z1,Other,,Other,original
Q827R9,Other,,Other,original
Q828K5,Other,,Other,original
Q82A24,Other,,Other,original
Q82DM5,Other,,Other,original
Q82TC0,Other,,Other,original
Q82WR4,Other,,Other,original
Q82Y30,Other,,Other,original
Q830V0,Other,,Other,original
Q834S1,Other,,Other,original
Q834T6,Other,,Other,original
Q837G2,Other,,Other,original
Q838L3,Other,,Other,original
Q839U9,Other,TK,TK,name_regex
Q83A42,Other,,Other,original
Q83AU6,Other,,Other,original
Q83D83,Other,,Other,original
Q83E10,Other,,Other,original
Q83E35,Other,,Other,original
Q83F01,Other,,Other,original
Q83FU3,Other,TK,TK,name_regex
Q83G05,Other,,Other,original
Q83GI2,Other,,Other,original
Q83IC3,Other,,Other,original
Q84JF7,TK,,TK,original
Q84MA9,Other,,Other,original
Q85FW5,Other,TK,TK,mapping
Q869L4,TK,,TK,original
Q869T7,STE,,STE,original
Q869X3,TK,,TK,original
Q86A12,TK,,TK,original
Q86AD7,CAMK,,CAMK,original
Q86AG7,Other,,Other,original
Q86AT9,Histidine,,Histidine,original
Q86HG9,TK,,TK,original
Q86HW6,TK,,TK,original
Q86I06,TK,,TK,original
Q86ZN7,AGC,,AGC,original
Q87A21,Other,TK,TK,name_regex
Q87A63,Other,,Other,original
Q87AA7,Other,,Other,original
Q87DA0,Other,,Other,original
Q87EH1,Other,,Other,original
Q87F08,Other,,Other,original
Q87IB3,TK,,TK,original
Q87LT4,Other,,Other,original
Q87UP6,Other,,Other,original
Q881J7,Histidine,,Histidine,original
Q88S49,Other,,Other,original
Q88VZ4,Other,,Other,original
Q88WV3,Other,,Other,original
Q88X60,Other,,Other,original
Q88XW5,Other,,Other,original
Q88YD2,Other,,Other,original
Q88Z91,Other,TK,TK,name_regex
Q890C2,Other,TK,TK,name_regex
Q891B8,Other,,Other,original
Q891L4,Other,Histidine,Histidine,name_regex
Q892J5,Other,,Other,original
Q893Q9,Other,TK,TK,name_regex
Q894H2,Other,,Other,original
Q896X8,Other,TK,TK,mapping
Q898Y8,Other,,Other,original
Q899A2,Other,TK,TK,name_regex
Q89AS8,Other,,Other,original
Q89WF1,Other,,Other,original
Q8A0V4,Other,,Other,original
Q8A1A3,Other,,Other,original
Q8A1E7,Other,,Other,original
Q8A6K1,Other,,Other,original
Q8A753,Other,,Other,original
Q8C0N0,CAMK,,CAMK,original
Q8C0V7,CAMK,,CAMK,original
Q8C0X8,CAMK,,CAMK,original
Q8CH19,Other,TK,TK,name_regex
Q8CR71,Other,,Other,original
Q8CUN0,Other,TK,TK,mapping
Q8CUQ5,Other,,Other,original
Q8CXF5,Other,,Other,original
Q8D1Y6,Other,,Other,original
Q8D227,Other,,Other,original
Q8D2G4,Other,,Other,original
Q8D2K6,Other,TK,TK,name_regex
Q8D2P9,Other,,Other,original
Q8D308,Other,,Other,original
Q8D320,Other,,Other,original
Q8D391,Other,,Other,original
Q8DGC2,Other,,Other,original
Q8DGH7,Other,,Other,original
Q8DJ87,Other,,Other,original
Q8DJS3,Other,,Other,original
Q8DKG1,Other,,Other,original
Q8DKH7,Other,,Other,original
Q8DMA8,Other,,Other,original
Q8DMC5,Histidine,,Histidine,original
Q8DML4,Other,,Other,original
Q8DNK7,Other,TK,TK,mapping
Q8DQ32,Other,,Other,original
Q8DQ58,Other,,Other,original
Q8DSZ0,Other,,Other,original
Q8DV23,Other,,Other,original
Q8DV44,Other,TK,TK,mapping
Q8EJP9,Other,,Other,original
Q8EL04,Other,,Other,original
Q8EN08,Other,,Other,original
Q8ENM6,Other,,Other,original
Q8EPB4,Other,,Other,original
Q8EPE7,Other,,Other,original
Q8ESJ1,Other,TK,TK,name_regex
Q8ESX1,Other,,Other,original
Q8ESZ2,Other,TK,TK,name_regex
Q8EU37,Other,TK,TK,name_regex
Q8EU99,Other,,Other,original
Q8EUB0,Other,,Other,original
Q8EUD3,Other,,Other,original
Q8EUG9,Other,,Other,original
Q8EUV2,Other,,Other,original
Q8EVD0,Other,,Other,original
Q8EWA5,Other,,Other,original
Q8FDU8,AGC,,AGC,original
Q8FQR2,Other,,Other,original
Q8FQZ4,Other,TK,TK,name_regex
Q8FTH7,Other,TK,TK,name_regex
Q8FTK6,Other,,Other,original
Q8G0U3,Other,,Other,original
Q8G0Z4,Other,,Other,original
Q8G3Z8,Other,,Other,original
Q8G5G8,Other,,Other,original
Q8G5L8,Other,,Other,original
Q8G6P9,TK,,TK,original
Q8GXI9,Other,,Other,original
Q8HSW1,Other,,Other,original
Q8I236,Other,TK,TK,name_regex
Q8J2J8,Other,,Other,original
Q8K980,Other,,Other,original
Q8K9D4,Other,,Other,original
Q8K9J3,Other,,Other,original
Q8K9M3,Other,,Other,original
Q8K9X1,Other,TK,TK,name_regex
Q8KBZ7,Other,,Other,original
Q8KCG4,Other,,Other,original
Q8KCK7,Other,,Other,original
Q8KCL0,Other,,Other,original
Q8KD46,Other,,Other,original
Q8KFN6,Other,,Other,original
Q8L7W7,TK,,TK,original
Q8LFN2,TK,,TK,original
Q8MYF1,TK,,TK,original
Q8MYQ1,Other,,Other,original
Q8NQV0,Other,,Other,original
Q8P3Y6,Other,,Other,original
Q8P8J6,Other,TK,TK,mapping
Q8PTD1,Other,,Other,original
Q8PV21,Other,,Other,original
Q8PYP3,Other,,Other,original
Q8PZ69,Other,,Other,original
Q8PZK7,Other,,Other,original
Q8QZV4,Other,,Other,original
Q8R5N8,Other,,Other,original
Q8R6C8,Other,TK,TK,name_regex
Q8R765,Other,TK,TK,name_regex
Q8R7S0,Other,TK,TK,name_regex
Q8R7X4,Other,,Other,original
Q8R807,Other,TK,TK,name_regex
Q8R8R7,Other,TK,TK,mapping
Q8RBE5,Other,,Other,original
Q8RBR5,Other,,Other,original
Q8RD30,Other,,Other,original
Q8RE31,Other,,Other,original
Q8RED7,Other,,Other,original
Q8RF94,Other,,Other,original
Q8RFE4,Other,,Other,original
Q8RGM4,Other,,Other,original
Q8RHR7,Other,,Other,original
Q8RII8,Other,,Other,original
Q8RLE0,Other,,Other,original
Q8RX66,Other,,Other,original
Q8RXT4,Other,,Other,original
Q8RY89,Other,,Other,original
Q8S8N4,TK,,TK,original
Q8S9D1,Other,Atypical,Atypical,name_regex
Q8SQP0,Other,,Other,original
Q8SQR2,CK1,,CK1,original
Q8SQU8,CMGC,,CMGC,original
Q8SQW2,CMGC,,CMGC,original
Q8SQY7,TK,,TK,original
Q8SQZ4,CMGC,,CMGC,original
Q8SR56,TK,,TK,original
Q8SR90,CMGC,,CMGC,original
Q8SRF5,CMGC,,CMGC,original
Q8SRI3,CMGC,,CMGC,original
Q8SRL5,Other,,Other,original
Q8SRM7,Other,,Other,original
Q8SRU0,TK,,TK,original
Q8SS96,CK1,,CK1,original
Q8SSA8,CAMK,,CAMK,original
Q8SSE7,TK,,TK,original
Q8SSV3,STE,,STE,original
Q8SSY6,CAMK,,CAMK,original
Q8SVC2,Other,,Other,original
Q8SW31,CAMK,,CAMK,original
Q8SW92,CMGC,,CMGC,original
Q8SWM6,TK,,TK,original
Q8T154,Other,,Other,original
Q8T277,CAMK,,CAMK,original
Q8TF77,AGC,,AGC,original
Q8TGY9,Other,,Other,original
Q8TMI8,Other,,Other,original
Q8TR06,Other,,Other,original
Q8TT90,Other,,Other,original
Q8TUU1,Other,,Other,original
Q8TUX2,Other,TK,TK,mapping
Q8TV10,Other,,Other,original
Q8TVJ1,Other,,Other,original
Q8TWH4,Other,,Other,original
Q8TXB4,Other,,Other,original
Q8TXD2,Other,,Other,original
Q8U191,Other,TK,TK,name_regex
Q8UAS9,TK,,TK,original
Q8UE38,Other,,Other,original
Q8UHP8,Other,TK,TK,name_regex
Q8VS15,Other,,Other,original
Q8VYP6,Other,TK,TK,name_regex
Q8W490,Other,,Other,original
Q8XBY4,Histidine,,Histidine,original
Q8XHU4,Other,,Other,original
Q8XIX0,Other,,Other,original
Q8Y1W6,Other,,Other,original
Q8Y241,Other,,Other,original
Q8Y2M4,Other,,Other,original
Q8Y3E7,Other,TK,TK,mapping
Q8Y3Y6,Other,,Other,original
Q8Y8K6,Other,,Other,original
Q8YPJ8,Other,,Other,original
Q8Z0M3,Other,,Other,original
Q8ZMG5,Other,TK,TK,name_regex
Q8ZPP6,Histidine,,Histidine,original
Q8ZRS5,Other,,Other,original
Q8ZU30,Other,,Other,original
Q8ZV53,Other,,Other,original
Q8ZWK6,Other,,Other,original
Q8ZWY4,Other,,Other,original
Q91F86,TK,,TK,original
Q91FE4,TK,,TK,original
Q91WL0,Other,,Other,original
Q92209,Other,Histidine,Histidine,name_regex
Q92338,Atypical,,Atypical,original
Q927E4,Other,,Other,original
Q927E5,Other,,Other,original
Q92ET9,Other,,Other,original
Q92EU2,Other,,Other,original
Q92EU3,Other,,Other,original
Q92LF7,Other,,Other,original
Q92PK6,Other,,Other,original
Q92QJ0,Other,,Other,original
Q92RN7,TK,,TK,original
Q92TE9,Other,,Other,original
Q93AK9,Other,,Other,original
Q93Q56,Other,,Other,original
Q93SG0,Other,,Other,original
Q93Y06,TK,,TK,original
Q93Z01,Other,Atypical,Atypical,name_regex
Q94BU1,Other,,Other,original
Q94C25,TK,,TK,original
Q94C77,Other,,Other,original
Q94CG5,Other,,Other,original
Q96YN6,Other,,Other,original
Q976L5,Other,,Other,original
Q979U7,Other,,Other,original
Q97B38,Other,,Other,original
Q97BD7,Other,,Other,original
Q97EL4,Other,TK,TK,name_regex
Q97F51,Other,TK,TK,name_regex
Q97GH8,Other,TK,TK,mapping
Q97HD7,Other,,Other,original
Q97IC2,TK,,TK,original
Q97K22,Other,,Other,original
Q97MT8,Other,,Other,original
Q97QZ6,Other,,Other,original
Q97RS6,Other,TK,TK,name_regex
Q97UL6,Other,,Other,original
Q97ZG3,Other,,Other,original
Q980D2,Other,,Other,original
Q986C6,Other,TK,TK,name_regex
Q98FY0,Other,,Other,original
Q98HR4,Other,,Other,original
Q98PL1,Other,,Other,original
Q98Q02,Other,,Other,original
Q98QW4,Other,,Other,original
Q98QX2,Other,,Other,original
Q98RC0,Other,,Other,original
Q9A2M2,Other,,Other,original
Q9A757,Other,,Other,original
Q9A8L7,Other,TK,TK,name_regex
Q9AGY8,Other,,Other,original
Q9ASQ5,CAMK,,CAMK,original
Q9ASX5,Other,,Other,original
Q9C0U6,Other,,Other,original
Q9C5E5,Other,,Other,original
Q9C6T1,Other,,Other,original
Q9C823,Other,TK,TK,name_regex
Q9C9N5,TK,,TK,original
Q9CAC3,Other,,Other,original
Q9CCS5,Other,,Other,original
Q9CEF5,TK,,TK,original
Q9CHQ8,Other,,Other,original
Q9CIV6,Other,,Other,original
Q9CNU2,Other,,Other,original
Q9E6Q4,Atypical,,Atypical,original
Q9EWI9,Other,,Other,original
Q9EWW6,Other,,Other,original
Q9F7L5,Other,,Other,original
Q9F7Q9,Other,,Other,original
Q9F8D7,Histidine,,Histidine,original
Q9FAB3,Other,,Other,original
Q9FID6,TK,,TK,original
Q9FID9,TK,,TK,original
Q9FK35,Other,,Other,original
Q9FL51,TK,,TK,original
Q9FLW0,TK,,TK,original
Q9FNE1,Other,,Other,original
Q9GNF0,Other,,Other,original
Q9HDU2,Other,TK,TK,mapping
Q9HFF4,Other,,Other,original
Q9HFW2,STE,,STE,original
Q9HJ59,Other,,Other,original
Q9HJ95,Other,,Other,original
Q9HK44,Other,,Other,original
Q9HKM7,Other,,Other,original
Q9HKV7,Other,,Other,original
Q9HLV3,Other,,Other,original
Q9HNF4,Other,,Other,original
Q9HQC9,Other,,Other,original
Q9HV31,Histidine,,Histidine,original
Q9HY23,Other,,Other,original
Q9I0I2,Histidine,,Histidine,original
Q9I4N4,Histidine,,Histidine,original
Q9J5B1,TK,,TK,original
Q9JT07,Other,,Other,original
Q9JVQ5,TK,,TK,original
Q9K0D9,Other,,Other,original
Q9K188,Other,,Other,original
Q9K4Z5,Other,TK,TK,mapping
Q9K5J7,Other,,Other,original
Q9K7H6,TK,,TK,original
Q9K7L2,Other,TK,TK,name_regex
Q9K857,Other,,Other,original
Q9K8V4,Other,TK,TK,mapping
Q9K997,TK,,TK,original
Q9KCR4,Other,,Other,original
Q9KD27,Other,,Other,original
Q9KDV4,Other,TK,TK,mapping
Q9KFH9,Other,,Other,original
Q9KIG4,Other,,Other,original
Q9KJT3,Histidine,,Histidine,original
Q9KLK7,Histidine,,Histidine,original
Q9KM66,Other,,Other,original
Q9KM71,Other,,Other,original
Q9KP21,Other,,Other,original
Q9KU07,Other,,Other,original
Q9KZV6,Other,,Other,original
Q9LDM5,Other,,Other,original
Q9LDN1,Other,,Other,original
Q9LDT0,Other,,Other,original
Q9LHI7,Other,,Other,original
Q9LNX4,Other,CMGC,CMGC,name_regex
Q9LSC2,Other,TK,TK,name_regex
Q9LVM0,TK,,TK,original
Q9LVN2,TK,,TK,original
Q9LW20,TK,,TK,original
Q9LZ60,Other,CMGC,CMGC,name_regex
Q9M0G5,Other,,Other,original
Q9M149,Other,,Other,original
Q9M3B6,Other,,Other,original
Q9NA80,Other,,Other,original
Q9NGP6,Other,,Other,original
Q9NGW9,STE,,STE,original
Q9P6I5,Other,,Other,original
Q9P6P9,Atypical,,Atypical,original
Q9P7K3,Other,,Other,original
Q9P7Q6,Other,,Other,original
Q9P7X5,Other,,Other,original
Q9P869,CAMK,,CAMK,original
Q9PJ29,Other,,Other,original
Q9PK32,Other,,Other,original
Q9PKR0,Other,,Other,original
Q9PPA9,Other,,Other,original
Q9PQL2,Other,,Other,original
Q9PQW6,Other,,Other,original
Q9PR69,Other,,Other,original
Q9PRC5,Other,,Other,original
Q9R7D7,Other,TK,TK,mapping
Q9RC80,Other,,Other,original
Q9RGS1,Other,TK,TK,mapping
Q9RJS6,Other,,Other,original
Q9RT73,Other,,Other,original
Q9RUG6,Other,,Other,original
Q9RUP2,Other,,Other,original
Q9RW93,Other,,Other,original
Q9RXZ5,Other,,Other,original
Q9RY40,Other,,Other,original
Q9S2C0,Other,,Other,original
Q9SA72,TK,,TK,original
Q9SAH3,Other,,Other,original
Q9SD62,Other,,Other,original
Q9SF12,Other,TK,TK,name_regex
Q9SGE2,Other,CMGC,CMGC,name_regex
Q9SGN7,Other,,Other,original
Q9SJG2,TK,,TK,original
Q9SLE0,Other,,Other,original
Q9SLI2,Other,,Other,original
Q9SSC1,CMGC,,CMGC,original
Q9SSJ8,Other,,Other,original
Q9STF0,Other,,Other,original
Q9SV05,Other,,Other,original
Q9SYM9,Other,,Other,original
Q9SYS7,Other,,Other,original
Q9TLT0,Other,TK,TK,mapping
Q9TZI1,Other,,Other,original
Q9U3B6,Other,TK,TK,name_regex
Q9US59,Other,Histidine,Histidine,name_regex
Q9USR3,Other,,Other,original
Q9UT88,Atypical,,Atypical,original
Q9UT98,Atypical,,Atypical,original
Q9UTC5,Other,,Other,original
Q9UTE1,TK,,TK,original
Q9UUH3,Other,,Other,original
Q9UW20,Other,,Other,original
Q9UX83,Other,,Other,original
Q9VIT2,Other,,Other,original
Q9VLS1,CAMK,,CAMK,original
Q9W2Q7,Other,,Other,original
Q9W391,CAMK,,CAMK,original
Q9W6R1,CAMK,,CAMK,original
Q9WYD0,Other,,Other,original
Q9X049,Other,,Other,original
Q9X0I3,Other,,Other,original
Q9X1A7,Other,,Other,original
Q9X1F6,Other,,Other,original
Q9X3W5,Other,TK,TK,name_regex
Q9X4M1,Other,,Other,original
Q9X5D1,Other,,Other,original
Q9XA16,TK,,TK,original
Q9XBQ0,Other,,Other,original
Q9XEC7,Other,,Other,original
Q9XID0,Other,,Other,original
Q9XY07,Other,TK,TK,name_regex
Q9Y2B9,Other,,Other,original
Q9Y7T6,Other,,Other,original
Q9Y946,Other,,Other,original
Q9YA27,Other,,Other,original
Q9YBY9,Other,,Other,original
Q9YCR6,TK,,TK,original
Q9YD08,Other,,Other,original
Q9YF40,Other,,Other,original
Q9YHZ5,CAMK,,CAMK,original
Q9Z6L0,Other,,Other,original
Q9Z6M1,Other,,Other,original
Q9Z7H0,Other,,Other,original
Q9Z7K7,Other,,Other,original
Q9Z7T5,Other,,Other,original
Q9Z8U0,Other,,Other,original
Q9Z961,Other,,Other,original
Q9ZBL1,Other,TK,TK,name_regex
Q9ZBR6,Other,TK,TK,name_regex
Q9ZG98,Other,,Other,original
Q9ZHD4,TK,,TK,original
Q9ZIG2,Other,,Other,original
Q9ZIS7,Other,,Other,original
Q9ZKU5,Other,,Other,original
Q9ZUI0,Other,,Other,original
Q9ZVM9,TK,,TK,original
Q9ZW09,TK,,TK,original
T2KMF4,Histidine,,Histidine,original
A0A0H3LX82,Other,,Other,original
A0A0S0N9S9,Other,TK,TK,name_regex
A0A1B0GTH6,Other,,Other,original
A0AH37,Other,,Other,original
A0AIH1,TK,,TK,original
A0ALN0,Other,Histidine,Histidine,name_regex
A0B8S7,Other,,Other,original
A0B8V5,Other,,Other,original
A0B9U5,Other,,Other,original
A0K817,Other,,Other,original
A0L8T5,Other,,Other,original
A0LF44,Other,,Other,original
A0LK48,Other,,Other,original
A0PXR8,Other,TK,TK,name_regex
A0Q3H1,Other,Histidine,Histidine,name_regex
A0Q3M5,Other,,Other,original
A0Q893,Other,,Other,original
A0QH60,Other,,Other,original
A0R219,Other,Histidine,Histidine,name_regex
A0RCX4,Other,Histidine,Histidine,name_regex
A0RI39,Other,TK,TK,mapping
A0RPD2,Other,,Other,original
A0RW81,Other,,Other,original
A1APK9,Other,,Other,original
A1ATF5,Other,,Other,original
A1AVP9,Other,,Other,original
A1AXA3,Other,,Other,original
A1BDV6,Other,,Other,original
A1JLD7,Other,,Other,original
A1K5I2,Other,,Other,original
A1KUL0,Other,,Other,original
A1L2H3,Other,TK,TK,name_regex
A1QYS8,Other,,Other,original
A1RQK6,Other,Histidine,Histidine,name_regex
A1RRJ5,Other,,Other,original
A1RXQ3,Other,,Other,original
A1S589,Other,,Other,original
A1S6D4,Other,,Other,original
A1SF33,Other,,Other,original
A1STC8,Other,,Other,original
A1T0P0,Other,,Other,original
A1U1P2,Other,,Other,original
A1VCE6,Other,,Other,original
A1VMB2,Other,Histidine,Histidine,name_regex
A1WGM5,Other,,Other,original
A1WSY9,Other,,Other,original
A1WWF8,Other,,Other,original
A2BJZ2,Other,,Other,original
A2BZV6,Other,,Other,original
A2CAU0,Other,Histidine,Histidine,name_regex
A2CD19,Other,,Other,original
A2REA6,Other,,Other,original
A2RIC4,Other,,Other,original
A2RK41,Other,,Other,original
A2RKV6,Other,Histidine,Histidine,name_regex
A2SIQ1,Other,,Other,original
A2SPM8,Other,,Other,original
A2SR73,Other,,Other,original
A2ST45,TK,,TK,original
A2Z225,TK,,TK,original
A3CT21,Other,,Other,original
A3CVV0,TK,,TK,original
A3CXR7,Other,,Other,original
A3D382,Other,,Other,original
A3DM71,TK,,TK,original
A3DMS6,Other,,Other,original
A3M504,Other,,Other,original
A3MSE7,TK,,TK,original
A3PLT9,Other,,Other,original
A4FW93,Other,,Other,original
A4FXE4,TK,,TK,original
A4FYK1,Other,,Other,original
A4FZL8,Other,,Other,original
A4G1V8,Other,Histidine,Histidine,name_regex
A4G7Y1,Other,,Other,original
A4IH68,Other,,Other,original
A4IJA6,Other,,Other,original
A4IPB3,Other,,Other,original
A4J0K6,Other,,Other,original
A4J3N3,Other,,Other,original
A4SG46,Other,,Other,original
A4SW55,Other,,Other,original
A4TPM8,Other,TK,TK,mapping
A4WLJ5,Other,,Other,original
A4XHH4,Other,,Other,original
A4XI71,Other,Histidine,Histidine,name_regex
A4XKN9,Other,,Other,original
A4XST1,Other,,Other,original
A4YIC4,TK,,TK,original
A4YIX5,Other,,Other,original
A4ZU96,Other,,Other,original
A5CDS9,Other,,Other,original
A5CPG8,Other,,Other,original
A5D1V4,Other,,Other,original
A5D690,Other,,Other,original
A5D8S0,Other,TK,TK,name_regex
A5ECK7,Other,,Other,original
A5EWQ0,Other,,Other,original
A5EXE3,Other,,Other,original
A5EYE3,Other,,Other,original
A5FG91,Other,,Other,original
A5FR84,Other,,Other,original
A5FUH7,Other,,Other,original
A5I2A9,Other,Histidine,Histidine,name_regex
A5IBP1,Other,,Other,original
A5IJN0,Other,Histidine,Histidine,name_regex
A5ILI6,TK,,TK,original
A5IZC6,Other,,Other,original
A5IZG6,Other,,Other,original
A5N6I0,Other,Histidine,Histidine,name_regex
A5PKK7,Other,,Other,original
A5UJM2,Other,,Other,original
A5UKJ7,TK,,TK,original
A5ULG2,Other,,Other,original
A5V3I6,Other,,Other,original
A5VLY5,Other,,Other,original
A5VMX5,Other,,Other,original
A5VTV9,Other,,Other,original
A5WBP5,Other,,Other,original
A6GZM3,Other,,Other,original
A6KZZ5,TK,,TK,original
A6L0S5,Other,,Other,original
A6LIV7,Other,,Other,original
A6LPM3,Other,,Other,original
A6LSZ4,Other,Histidine,Histidine,name_regex
A6M229,Other,,Other,original
A6Q225,Other,Histidine,Histidine,name_regex
A6Q9Z8,Other,,Other,original
A6QB69,Other,,Other,original
A6TEC0,Other,,Other,original
A6TKS7,Other,Histidine,Histidine,name_regex
A6TRG1,Other,,Other,original
A6TU99,Other,,Other,original
A6UEK1,Other,,Other,original
A6UEW0,Other,,Other,original
A6UTP9,Other,,Other,original
A6UTV9,TK,,TK,original
A6UV93,Other,Histidine,Histidine,name_regex
A6UW35,Other,,Other,original
A6V2N1,Other,,Other,original
A6VKH8,Other,,Other,original
A6VKK5,Other,TK,TK,name_regex
A6VXL0,Other,,Other,original
A6X554,Histidine,,Histidine,original
A7GSI3,TK,,TK,original
A7HQR4,Other,,Other,original
A7HSG6,Other,,Other,original
A7I1U4,Other,,Other,original
A7I4V4,Other,,Other,original
A7I5R5,Other,,Other,original
A7IFD6,Other,,Other,original
A7NHN1,Other,,Other,original
A7SK27,TK,,TK,original
A7TQF3,Other,,Other,original
A7ZC67,Other,Histidine,Histidine,name_regex
A7ZDK0,Other,,Other,original
A8A8L4,Other,,Other,original
A8AAI6,Other,,Other,original
A8ETF2,Other,,Other,original
A8EU81,Other,,Other,original
A8EZT1,Other,,Other,original
A8F7R9,Other,,Other,original
A8F8Z5,Other,,Other,original
A8FA73,Other,,Other,original
A8FH24,Other,Histidine,Histidine,name_regex
A8FX59,Other,,Other,original
A8G1G2,Other,,Other,original
A8G8D9,Other,,Other,original
A8GNZ6,Other,,Other,original
A8GXQ1,Other,,Other,original
A8I6A3,Other,,Other,original
A8LJV4,Other,,Other,original
A8LSF1,Other,,Other,original
A8MB58,TK,,TK,original
A8MBP6,Other,,Other,original
A8MFE4,Other,,Other,original
A8MI61,Other,Histidine,Histidine,name_regex
A8WFT6,Other,,Other,original
A8Z6M1,Other,,Other,original
A8ZXL3,Other,,Other,original
A9A1F0,Other,,Other,original
A9A3T2,Other,,Other,original
A9AV71,Other,,Other,original
A9B5Y6,Other,,Other,original
A9BGN7,Other,Histidine,Histidine,name_regex
A9BWI4,Other,,Other,original
A9FRP1,Other,,Other,original
A9H0Y0,Other,,Other,original
A9HS91,Other,Histidine,Histidine,name_regex
A9ILM1,Other,,Other,original
A9IN76,Other,,Other,original
A9IQR2,Other,Histidine,Histidine,name_regex
A9KD67,Other,,Other,original
A9NEH3,Other,,Other,original
A9NGK9,Other,,Other,original
B0BML1,TK,,TK,original
B0C3N6,Other,,Other,original
B0R569,Other,,Other,original
B0R685,Other,,Other,original
B0R6D7,Other,Histidine,Histidine,name_regex
B0R6P3,TK,,TK,original
B0R6Y3,Other,,Other,original
B0RSH9,Other,,Other,original
B0RSK6,Other,Histidine,Histidine,name_regex
B0S2F7,Other,,Other,original
B0SDY8,Other,,Other,original
B0T271,Other,,Other,original
B0U1J8,Other,,Other,original
B0UT77,Other,,Other,original
B1AIY1,Other,,Other,original
B1G889,Other,,Other,original
B1HT93,Other,,Other,original
B1HYT4,Other,Histidine,Histidine,name_regex
B1I165,Other,,Other,original
B1ICG1,Other,Histidine,Histidine,name_regex
B1J506,Other,,Other,original
B1KNM7,Other,,Other,original
B1L6M9,Other,,Other,original
B1M1V6,Other,TK,TK,name_regex
B1MVT4,Other,,Other,original
B1VAZ2,Other,,Other,original
B1WP79,Other,Histidine,Histidine,name_regex
B1XLE7,Other,Histidine,Histidine,name_regex
B1XTC8,Other,,Other,original
B1YGD3,Other,,Other,original
B1YIY3,Other,TK,TK,mapping
B1YLR4,TK,,TK,original
B2A8C9,Other,Histidine,Histidine,name_regex
B2GAE1,Other,,Other,original
B2GC33,Other,,Other,original
B2GCV0,Other,Histidine,Histidine,name_regex
B2IZE7,Other,,Other,original
B2J946,Histidine,,Histidine,original
B2JF05,Other,,Other,original
B2KC48,Other,,Other,original
B2KEH0,TK,,TK,original
B2RIH0,Other,,Other,original
B2RIK3,Other,,Other,original
B2S2U8,Other,,Other,original
B2SC34,Other,,Other,original
B2SLH6,Other,,Other,original
B2TIE4,Other,TK,TK,name_regex
B2U887,Other,,Other,original
B2U942,Other,Histidine,Histidine,name_regex
B2UN87,Other,,Other,original
B2UUK7,Other,,Other,original
B2V7X0,Other,,Other,original
B3CM94,Other,,Other,original
B3EDD6,Other,,Other,original
B3EG23,Other,,Other,original
B3Q6U2,Other,Histidine,Histidine,name_regex
B3QKH1,Other,,Other,original
B3QLP5,Other,,Other,original
B3QSU1,Other,,Other,original
B3R0E5,Other,,Other,original
B3W9Y8,Other,,Other,original
B4ET31,Other,,Other,original
B4R8T4,Other,Histidine,Histidine,name_regex
B4S1N2,Other,,Other,original
B4S8U3,Other,,Other,original
B4U041,Other,TK,TK,name_regex
B4U600,Other,,Other,original
B5E9M9,Other,,Other,original
B5EMX2,Other,,Other,original
B5Y7S6,Other,,Other,original
B5Y8N2,TK,,TK,original
B5ZRZ4,Other,,Other,original
B6IXD8,Other,,Other,original
B6JCG7,Other,,Other,original
B6JIX8,Other,,Other,original
B6YSN8,Other,,Other,original
B6YW36,Other,,Other,original
B7GT80,Other,,Other,original
B7IE32,Other,,Other,original
B7IHT2,Other,,Other,original
B7KFU0,Histidine,,Histidine,original
B7XIW9,TK,,TK,original
B8CW89,Other,Histidine,Histidine,name_regex
B8CZC3,Other,,Other,original
B8CZT1,Other,,Other,original
B8D5U4,Other,,Other,original
B8D6D8,Other,,Other,original
B8D797,Other,Histidine,Histidine,name_regex
B8DP49,Other,,Other,original
B8EN73,Other,,Other,original
B8EPM3,Other,Histidine,Histidine,name_regex
B8F928,Other,,Other,original
B8FU92,Other,Histidine,Histidine,name_regex
B8G2Q5,Other,,Other,original
B8GA54,Other,,Other,original
B8GFC4,Other,,Other,original
B8GXA8,Other,,Other,original
B8HXT9,Other,,Other,original
B8IPK9,Other,,Other,original
B8J2G0,Other,,Other,original
B8JE66,Other,,Other,original
B9DP10,Other,,Other,original
B9DP91,Other,Histidine,Histidine,name_regex
B9JSD8,Other,,Other,original
B9KEU8,Other,Histidine,Histidine,name_regex
B9KG87,Other,,Other,original
B9KXL4,Other,,Other,original
B9L6E6,Other,Histidine,Histidine,name_regex
B9L9C1,Other,,Other,original
B9LSM2,Other,,Other,original
C0QI33,Other,,Other,original
C0QQC5,Other,Histidine,Histidine,name_regex
C0R1X1,Other,,Other,original
C3MK52,Other,Histidine,Histidine,name_regex
C3MQ86,Other,,Other,original
C3MWY7,Other,,Other,original
C4L6M0,Other,,Other,original
C4LJM9,Other,Histidine,Histidine,name_regex
C4V9G9,TK,,TK,original
C5CHP2,Other,,Other,original
C5D7U6,Other,TK,TK,mapping
C5DNG5,Other,,Other,original
C5DXG0,Other,,Other,original
C6A0S1,TK,,TK,original
C6A187,Other,,Other,original
C6BVJ0,TK,,TK,original
C6BVN3,Other,,Other,original
C6DKS8,Other,,Other,original
C6E5B2,Other,,Other,original
C9DG08,Other,TK,TK,name_regex
E1XT70,Other,TK,TK,name_regex
E1XTK3,Other,TK,TK,name_regex
F4IWB3,Other,CMGC,CMGC,name_regex
F4K495,Other,,Other,original
L7WRZ7,Other,,Other,original
O04059,Other,,Other,original
O05982,Other,,Other,original
O10269,Other,,Other,original
O13733,Other,,Other,original
O13863,Other,,Other,original
O14128,TK,,TK,original
O15991,Other,,Other,original
O25690,Other,Histidine,Histidine,name_regex
O26138,Other,,Other,original
O26366,Other,,Other,original
O26896,Other,,Other,original
O27447,Other,,Other,original
O27587,Other,,Other,original
O27793,TK,,TK,original
O27911,Other,,Other,original
O28379,Other,,Other,original
O29119,Other,,Other,original
O29150,Other,,Other,original
O29395,Other,,Other,original
O29525,Other,,Other,original
O29730,Other,,Other,original
O30175,TK,,TK,original
O34768,Other,,Other,original
O34861,Other,,Other,original
O36385,TK,,TK,original
O43056,Other,Histidine,Histidine,name_regex
O50519,Other,,Other,original
O51575,Other,,Other,original
O51759,Other,,Other,original
O55749,Other,,Other,original
O59128,Other,,Other,original
O59572,Other,,Other,original
O61069,Other,,Other,original
O67332,Other,Histidine,Histidine,name_regex
O69015,Other,Histidine,Histidine,name_regex
O80624,TK,,TK,original
O80795,TK,,TK,original
O80930,Other,CMGC,CMGC,name_regex
O82290,TK,,TK,original
O83373,Other,,Other,original
O84682,Other,TK,TK,name_regex
O86134,Other,,Other,original
O93919,Other,,Other,original
O96432,Other,,Other,original
O96720,Other,,Other,original
O97438,Other,,Other,original
P00537,Other,,Other,original
P04408,Other,,Other,original
P0C0M9,Other,,Other,original
P0C1G0,Other,,Other,original
P0C8I6,Other,,Other,original
P0C8S0,Other,CMGC,CMGC,name_regex
P0C8Y6,Other,CMGC,CMGC,name_regex
P0CM78,Other,TK,TK,name_regex
P0CO34,Other,,Other,original
P0DB94,Other,,Other,original
P0DH62,Other,TKL,TKL,name_regex
P0DTK5,Other,TK,TK,name_regex
P10052,Other,,Other,original
P11500,Other,,Other,original
P12867,Other,,Other,original
P13159,Other,,Other,original
P13300,Other,,Other,original
P15443,Other,,Other,original
P15792,Other,,Other,original
P17653,Other,,Other,original
P18623,Other,,Other,original
P21908,Other,,Other,original
P21974,TK,,TK,original
P22649,Other,,Other,original
P23386,Other,,Other,original
P23983,Other,,Other,original
P24424,Other,,Other,original
P25987,Other,,Other,original
P27155,Other,,Other,original
P27156,Other,,Other,original
P27363,Other,,Other,original
P28855,Other,,Other,original
P30646,Other,,Other,original
P33020,Other,,Other,original
P34335,CAMK,,CAMK,original
P39851,Other,TK,TK,name_regex
P41429,Other,,Other,original
P41719,Other,,Other,original
P42100,Other,,Other,original
P42687,Other,TK,TK,name_regex
P42856,AGC,,AGC,original
P43595,Other,,Other,original
P44033,Other,,Other,original
P44330,Other,,Other,original
P44507,Other,,Other,original
P44991,TK,,TK,original
P45620,Other,,Other,original
P46381,TK,,TK,original
P46558,Other,,Other,original
P51392,Histidine,,Histidine,original
P52344,TK,,TK,original
P52446,TK,,TK,original
P53009,Other,,Other,original
P54621,TK,,TK,original
P54735,Other,,Other,original
P55138,Other,RGC,RGC,name_regex
P55412,Other,,Other,original
P55564,Other,,Other,original
P56103,Other,,Other,original
P57098,Other,,Other,original
P57168,Other,,Other,original
P57509,Other,,Other,original
P57532,Other,,Other,original
P58157,TK,,TK,original
P58185,Other,,Other,original
P58551,Other,,Other,original
P58616,Other,,Other,original
P58617,Other,,Other,original
P59580,Other,,Other,original
P59625,Other,,Other,original
P60551,Other,,Other,original
P60552,Other,,Other,original
P60554,Other,,Other,original
P60555,Other,,Other,original
P60556,Other,,Other,original
P63555,Other,,Other,original
P65217,Other,,Other,original
P71051,Other,TK,TK,name_regex
P72648,Other,,Other,original
P73646,Other,Histidine,Histidine,name_regex
P74594,TK,,TK,original
P74733,Other,,Other,original
P75038,Other,,Other,original
P75524,Other,,Other,original
P76419,Other,,Other,original
P77493,Other,,Other,original
P77624,Other,,Other,original
P83098,STE,,STE,original
P84731,Other,,Other,original
P85193,Other,,Other,original
P85949,Other,,Other,original
P86699,Other,TK,TK,name_regex
P9WG70,Other,,Other,original
Q00097,Other,,Other,original
Q00098,Other,,Other,original
Q01015,TK,,TK,original
Q02149,TK,,TK,original
Q02AL5,Other,Histidine,Histidine,name_regex
Q02XV9,Other,,Other,original
Q03E60,Other,,Other,original
Q03Y28,Other,Histidine,Histidine,name_regex
Q043C5,Other,Histidine,Histidine,name_regex
Q043U2,Other,,Other,original
Q04E53,Other,,Other,original
Q04FB3,Other,,Other,original
Q04U41,Other,,Other,original
Q04UJ2,Other,,Other,original
Q057U7,Other,Histidine,Histidine,name_regex
Q05879,Other,,Other,original
Q081H9,Other,,Other,original
Q08429,Other,,Other,original
Q088T7,Other,,Other,original
Q08AV8,TKL,,TKL,original
Q08BL7,Other,,Other,original
Q09503,CK1,,CK1,original
Q0A8Q4,Other,,Other,original
Q0A8S2,Other,,Other,original
Q0AHY7,Other,Histidine,Histidine,name_regex
Q0AIL5,Other,,Other,original
Q0AIZ4,Other,,Other,original
Q0AQC4,Other,,Other,original
Q0AS12,Other,,Other,original
Q0AXC8,Other,Histidine,Histidine,name_regex
Q0AXK8,Other,,Other,original
Q0BL54,Other,,Other,original
Q0BPZ9,Other,,Other,original
Q0BQI0,Other,,Other,original
Q0C093,Other,,Other,original
Q0C3L9,Other,Histidine,Histidine,name_regex
Q0I4A5,AGC,,AGC,original
Q0I5L8,Other,,Other,original
Q0P4C4,Other,,Other,original
Q0SQA7,Other,TK,TK,name_regex
Q0SS73,Other,,Other,original
Q0STT4,Other,,Other,original
Q0VQP4,Other,,Other,original
Q0W1W1,Other,,Other,original
Q0W2X4,Other,Histidine,Histidine,name_regex
Q0W4U0,Other,,Other,original
Q0W6G4,Other,,Other,original
Q11112,Other,TK,TK,name_regex
Q115I0,Other,,Other,original
Q11L82,Other,,Other,original
Q11U43,Other,,Other,original
Q11XI0,Other,,Other,original
Q11YY6,Other,,Other,original
Q12DV7,Other,,Other,original
Q12TT4,Other,,Other,original
Q12ZS5,Other,,Other,original
Q15UY6,Other,,Other,original
Q15Z10,Other,,Other,original
Q182S8,Other,,Other,original
Q18KI2,Other,,Other,original
Q18LE8,Other,,Other,original
Q18PD9,TK,,TK,original
Q197B6,Other,,Other,original
Q197D1,Other,,Other,original
Q197F0,TK,,TK,original
Q1AVZ3,Other,,Other,original
Q1BY73,Other,,Other,original
Q1D9X8,Other,,Other,original
Q1GXB9,Other,,Other,original
Q1GZI1,Other,,Other,original
Q1IHD2,Other,,Other,original
Q1IK22,Other,,Other,original
Q1IW06,Other,,Other,original
Q1IW70,Other,,Other,original
Q1JAG2,Other,,Other,original
Q1KKZ1,TK,,TK,original
Q1LTY3,Other,,Other,original
Q1LV19,Other,CAMK,CAMK,name_regex
Q1MPW3,Other,,Other,original
Q1MQB3,Other,,Other,original
Q1MRL0,Other,,Other,original
Q1Q973,Other,,Other,original
Q1QFN5,Other,,Other,original
Q1QSI1,Other,,Other,original
Q1QX49,Other,,Other,original
Q1QZ16,Other,,Other,original
Q1RJB3,Histidine,,Histidine,original
Q1WRR5,Other,,Other,original
Q1WSU7,Other,,Other,original
Q21IS9,Other,,Other,original
Q21J10,Other,,Other,original
Q21LZ9,Other,,Other,original
Q21TN9,Other,,Other,original
Q23495,CMGC,,CMGC,original
Q24TX4,Other,,Other,original
Q283L0,Other,CMGC,CMGC,mapping
Q283L3,Other,CMGC,CMGC,mapping
Q28DE0,Atypical,,Atypical,original
Q28FH2,Other,,Other,original
Q28PK5,Other,,Other,original
Q291K8,Other,,Other,original
Q29Q81,Other,CMGC,CMGC,name_regex
Q2FHR7,Other,,Other,original
Q2FS90,TK,,TK,original
Q2FSV9,Other,,Other,original
Q2FTM6,Other,,Other,original
Q2FTU1,Other,,Other,original
Q2FUB2,Other,,Other,original
Q2G9M5,Other,,Other,original
Q2GD44,Other,,Other,original
Q2GDL6,Other,,Other,original
Q2GHE0,Other,,Other,original
Q2GLF7,Other,,Other,original
Q2GLN0,Other,,Other,original
Q2IL45,Other,,Other,original
Q2IYZ6,Other,,Other,original
Q2JKD9,Histidine,,Histidine,original
Q2JN62,Other,,Other,original
Q2LQ62,Other,,Other,original
Q2LUB1,Other,,Other,original
Q2N2K0,TK,,TK,original
Q2N2K1,TK,,TK,original
Q2NFY4,Other,,Other,original
Q2NGN3,Other,,Other,original
Q2NHE3,TK,,TK,original
Q2NUA4,Other,,Other,original
Q2P902,Other,,Other,original
Q2R185,Other,CMGC,CMGC,mapping
Q2RIX1,Other,Histidine,Histidine,name_regex
Q2RWV9,Other,,Other,original
Q2RXB1,Other,,Other,original
Q2RXP6,Other,,Other,original
Q2S1M6,Other,,Other,original
Q2S6J5,Other,,Other,original
Q2S8R2,Other,,Other,original
Q2SIN4,Other,,Other,original
Q2SK46,Other,,Other,original
Q2SPT0,Other,,Other,original
Q2SRR6,Other,,Other,original
Q2STA4,Other,,Other,original
Q2VZS8,Other,,Other,original
Q2W5F9,Other,,Other,original
Q2YD10,Other,,Other,original
Q30PL1,Other,,Other,original
Q30RH7,Other,,Other,original
Q30WM4,TK,,TK,original
Q30Y50,Other,,Other,original
Q311Z5,Other,,Other,original
Q31C67,Other,,Other,original
Q31DP7,Other,,Other,original
Q31H20,Other,,Other,original
Q31N99,Other,Histidine,Histidine,name_regex
Q38ZE2,Other,,Other,original
Q3A3D2,Other,,Other,original
Q3A3X3,Other,,Other,original
Q3A523,Other,,Other,original
Q3A547,Other,,Other,original
Q3AAV5,Other,Histidine,Histidine,name_regex
Q3AC14,Other,,Other,original
Q3AG12,Other,,Other,original
Q3AS37,Other,,Other,original
Q3AU78,Other,,Other,original
Q3B204,Other,,Other,original
Q3B2C2,Other,,Other,original
Q3E8J4,TK,,TK,original
Q3ECS5,Other,CMGC,CMGC,name_regex
Q3IGX6,Other,,Other,original
Q3IHC1,Other,,Other,original
Q3IMM9,Other,,Other,original
Q3IP73,Other,,Other,original
Q3J7R7,Other,,Other,original
Q3JBT3,Other,,Other,original
Q3JEN4,Other,,Other,original
Q3K3L9,Other,TK,TK,name_regex
Q3MD38,Other,,Other,original
Q3SIM9,Other,,Other,original
Q3SIR4,Other,,Other,original
Q3SLI4,Other,,Other,original
Q3ZAF9,Other,,Other,original
Q45827,Histidine,,Histidine,original
Q46171,Other,,Other,original
Q46807,Other,,Other,original
Q46FS5,Other,,Other,original
Q46GV6,Other,,Other,original
Q46QB2,Other,,Other,original
Q47B43,Other,,Other,original
Q47UB3,Other,,Other,original
Q47XU3,Other,,Other,original
Q482J5,Other,,Other,original
Q483B5,Other,,Other,original
Q48452,Other,TK,TK,name_regex
Q48Q15,Other,,Other,original
Q491W5,Other,,Other,original
Q492Q6,Other,,Other,original
Q492T0,Other,,Other,original
Q493S9,Other,Histidine,Histidine,name_regex
Q49V33,Other,TK,TK,name_regex
Q49VS2,Other,,Other,original
Q4A009,Histidine,,Histidine,original
Q4A6Q8,Other,,Other,original
Q4A6S7,Other,,Other,original
Q4A6Z8,Other,,Other,original
Q4A8A6,Other,,Other,original
Q4A8D9,Other,,Other,original
Q4A8L2,Other,,Other,original
Q4A8U3,Other,,Other,original
Q4FMR1,Other,,Other,original
Q4FPB7,Other,,Other,original
Q4FPG0,Other,TK,TK,name_regex
Q4FS43,Other,,Other,original
Q4IR18,Other,TK,TK,name_regex
Q4JA46,Other,Histidine,Histidine,name_regex
Q4JAC4,TK,,TK,original
Q4JAH6,Other,,Other,original
Q4P4C1,Other,,Other,original
Q4W557,Other,Histidine,Histidine,name_regex
Q501X6,TKL,,TKL,original
Q52969,Histidine,,Histidine,original
Q54757,Other,,Other,original
Q54BD1,TK,,TK,original
Q54BM4,Other,,Other,original
Q54C38,TK,,TK,original
Q54C77,TK,,TK,original
Q54CG9,TK,,TK,original
Q54CV5,TK,,TK,original
Q54D80,Other,,Other,original
Q54DF7,CK1,,CK1,original
Q54FH3,TK,,TK,original
Q54G28,TK,,TK,original
Q54H44,CMGC,,CMGC,original
Q54IH6,TK,,TK,original
Q54LT8,Other,,Other,original
Q54PF1,Other,,Other,original
Q54PI5,TK,,TK,original
Q54PM7,Other,,Other,original
Q54QV0,Other,,Other,original
Q54TC3,TK,,TK,original
Q54TR5,TK,,TK,original
Q54US6,TK,,TK,original
Q54V82,TK,,TK,original
Q54VU5,TK,,TK,original
Q54WC0,Other,,Other,original
Q54WZ5,TK,,TK,original
Q54XI9,TK,,TK,original
Q551X9,Histidine,,Histidine,original
Q554D8,TK,,TK,original
Q554L2,TK,,TK,original
Q555U5,TK,,TK,original
Q557D1,TK,,TK,original
Q55855,Other,,Other,original
Q55BM1,TK,,TK,original
Q55BQ3,TK,,TK,original
Q55CW1,TK,,TK,original
Q55EN5,Other,,Other,original
Q55EU4,Other,,Other,original
Q55F27,TK,,TK,original
Q55FJ0,TK,,TK,original
Q55G83,TK,,TK,original
Q55G97,Other,,Other,original
Q55GS2,TK,,TK,original
Q56198,AGC,,AGC,original
Q57741,TK,,TK,original
Q58379,Other,,Other,original
Q58711,Other,TK,TK,name_regex
Q58877,Other,,Other,original
Q5ASE0,TK,,TK,original
Q5F479,Other,,Other,original
Q5F775,Other,,Other,original
Q5FJS7,Other,Histidine,Histidine,name_regex
Q5FM02,Other,,Other,original
Q5FS85,Other,,Other,original
Q5FUU6,Other,,Other,original
Q5HL88,Other,,Other,original
Q5HM37,Other,,Other,original
Q5HPC4,Histidine,,Histidine,original
Q5HPL2,Other,Histidine,Histidine,name_regex
Q5JDN6,Other,TK,TK,name_regex
Q5JHG5,Other,,Other,original
Q5JK52,TK,,TK,original
Q5L5Y4,Other,,Other,original
Q5L9N9,Other,,Other,original
Q5LMW7,Other,,Other,original
Q5LPV9,Other,,Other,original
Q5P8D4,Other,,Other,original
Q5QU37,Other,,Other,original
Q5QZ32,Other,,Other,original
Q5R830,Other,,Other,original
Q5RA30,TK,,TK,original
Q5SI18,Other,,Other,original
Q5SIH5,Other,Histidine,Histidine,name_regex
Q5SL35,Other,,Other,original
Q5U597,TK,,TK,original
Q5UNT1,Other,,Other,original
Q5UNT4,Other,,Other,original
Q5UNT7,Atypical,,Atypical,original
Q5UP25,Other,,Other,original
Q5UPU3,Other,,Other,original
Q5UPZ2,Atypical,,Atypical,original
Q5UQ70,Other,,Other,original
Q5UQ78,Other,,Other,original
Q5UQC1,Other,,Other,original
Q5UR69,Other,,Other,original
Q5UYR8,Other,,Other,original
Q5WDT6,Other,Histidine,Histidine,name_regex
Q5WEY6,Other,,Other,original
Q5WFK3,Other,,Other,original
Q5WLY2,Other,,Other,original
Q5WV30,Other,,Other,original
Q5Z0Z5,Other,Histidine,Histidine,name_regex
Q5ZK13,Other,TK,TK,name_regex
Q602T6,Other,,Other,original
Q60337,Other,,Other,original
Q606M0,Other,,Other,original
Q608S6,Other,,Other,original
Q60B49,Other,,Other,original
Q65I08,Other,,Other,original
Q65KK1,Other,TK,TK,mapping
Q67J15,Other,CMGC,CMGC,mapping
Q67JB0,Other,,Other,original
Q67LA5,Other,Histidine,Histidine,name_regex
Q67LC1,Other,,Other,original
Q67NU0,Other,,Other,original
Q67PR9,Other,,Other,original
Q69TF4,Other,,Other,original
Q6A6T7,Other,,Other,original
Q6A8B2,Other,Histidine,Histidine,name_regex
Q6A8F7,Other,,Other,original
Q6A8H6,Other,,Other,original
Q6A8W6,Other,,Other,original
Q6AD31,Other,,Other,original
Q6AF82,Other,,Other,original
Q6AFY0,Other,,Other,original
Q6AG73,Other,Histidine,Histidine,name_regex
Q6AGF7,Other,,Other,original
Q6AJ91,Other,,Other,original
Q6AJE2,Other,,Other,original
Q6ALV8,Other,,Other,original
Q6AY55,Other,,Other,original
Q6BHL8,Other,,Other,original
Q6BQV7,Other,TK,TK,name_regex
Q6C5P9,Other,TK,TK,name_regex
Q6C6Q7,Other,,Other,original
Q6CNA8,Other,,Other,original
Q6CNG8,Other,,Other,original
Q6CQ06,Other,TK,TK,name_regex
Q6DFF9,Other,,Other,original
Q6EQG2,TK,,TK,original
Q6F0E1,Other,,Other,original
Q6F1R8,Other,,Other,original
Q6F7H0,Other,,Other,original
Q6F9B5,Other,,Other,original
Q6FRN1,Other,,Other,original
Q6FUM2,Other,,Other,original
Q6FW56,Other,TK,TK,name_regex
Q6G439,Other,,Other,original
Q6G5D6,Other,,Other,original
Q6GM07,Other,CMGC,CMGC,name_regex
Q6GZV6,Other,,Other,original
Q6H7U2,Other,,Other,original
Q6IRN0,Other,,Other,original
Q6KH87,Other,,Other,original
Q6KIL4,Other,,Other,original
Q6L016,TK,,TK,original
Q6L0P9,Other,,Other,original
Q6L1U1,Other,Histidine,Histidine,name_regex
Q6LA56,Other,,Other,original
Q6LK43,Other,,Other,original
Q6LPK7,Other,,Other,original
Q6LVM6,Other,,Other,original
Q6LX62,Other,,Other,original
Q6MCA2,Other,,Other,original
Q6MDG3,Other,,Other,original
Q6MEF6,Other,,Other,original
Q6MMX4,Other,,Other,original
Q6MP09,Other,,Other,original
Q6MP28,Other,,Other,original
Q6N140,Other,,Other,original
Q6NWC9,Other,,Other,original
Q6PB06,Other,,Other,original
Q6TNS2,STE,,STE,original
Q6UDK9,Other,,Other,original
Q6ZJ48,TK,,TK,original
Q72DM9,Other,,Other,original
Q72V75,Other,TK,TK,name_regex
Q73HV1,Other,,Other,original
Q74KZ7,Other,,Other,original
Q750K6,Other,,Other,original
Q753Y3,Other,TK,TK,name_regex
Q75EW5,Other,,Other,original
Q7D9K1,TK,,TK,original
Q7M9X1,Other,,Other,original
Q7MAK5,Other,,Other,original
Q7MJ08,Other,,Other,original
Q7MSR3,Other,,Other,original
Q7MWS7,Other,,Other,original
Q7NAD7,Other,,Other,original
Q7NBV1,Other,,Other,original
Q7NK59,Other,,Other,original
Q7NLJ6,Other,Histidine,Histidine,name_regex
Q7NRL1,Other,,Other,original
Q7NRQ7,Other,,Other,original
Q7NSS4,Other,,Other,original
Q7NTK7,Other,,Other,original
Q7P1R6,Other,,Other,original
Q7T320,Other,,Other,original
Q7T6Y1,Other,,Other,original
Q7UP92,Other,,Other,original
Q7UPP0,Other,,Other,original
Q7V3E6,Other,,Other,original
Q7VE61,Other,,Other,original
Q7VEI9,Other,,Other,original
Q7VGF9,Other,,Other,original
Q7VHF4,Other,Histidine,Histidine,name_regex
Q7VIA1,Other,,Other,original
Q7VIH7,Other,,Other,original
Q7VJ31,Other,,Other,original
Q7VKH4,Other,,Other,original
Q7VP80,Other,,Other,original
Q7VR23,Other,,Other,original
Q7VR42,Other,,Other,original
Q7VXD2,Other,,Other,original
Q7XDH8,Other,CMGC,CMGC,mapping
Q7XR51,TK,,TK,original
Q82DL5,Other,,Other,original
Q82SQ3,Other,,Other,original
Q830L6,Other,,Other,original
Q831T0,Other,Histidine,Histidine,name_regex
Q833W9,Other,,Other,original
Q839J7,Other,,Other,original
Q83EL7,Other,,Other,original
Q83FM3,Other,,Other,original
Q83GE3,Other,,Other,original
Q84JK8,TK,,TK,original
Q869T9,TK,,TK,original
Q87DG5,Other,,Other,original
Q87PM1,TK,,TK,original
Q87T74,Other,,Other,original
Q886D9,Other,,Other,original
Q88Y75,Other,,Other,original
Q88YP6,Other,,Other,original
Q88Z08,Other,Histidine,Histidine,name_regex
Q890J5,Other,,Other,original
Q890L4,Other,TK,TK,name_regex
Q895G1,Other,,Other,original
Q8A4P5,TK,,TK,original
Q8AVX1,Other,,Other,original
Q8C3I9,Other,,Other,original
Q8CXE5,TK,,TK,original
Q8CXL7,Other,,Other,original
Q8D2E8,Other,,Other,original
Q8D2U9,Other,,Other,original
Q8D3A7,Other,,Other,original
Q8DHA4,Other,,Other,original
Q8DI27,Other,Histidine,Histidine,name_regex
Q8ET01,Other,Histidine,Histidine,name_regex
Q8EU53,Other,,Other,original
Q8EUV4,Other,,Other,original
Q8EVJ9,Other,,Other,original
Q8F0S9,Other,,Other,original
Q8FT45,Other,,Other,original
Q8FUI5,TK,,TK,original
Q8G4G1,TK,,TK,original
Q8G813,Other,,Other,original
Q8G997,Other,,Other,original
Q8GAU4,Other,,Other,original
Q8GXS8,Other,,Other,original
Q8KAW7,Other,Histidine,Histidine,name_regex
Q8L518,TK,,TK,original
Q8PXV5,TK,,TK,original
Q8R711,Other,Histidine,Histidine,name_regex
Q8R828,TK,,TK,original
Q8R9T6,TK,,TK,original
Q8RA78,Other,,Other,original
Q8RDE6,Other,,Other,original
Q8RHI9,Other,,Other,original
Q8RIS8,AGC,,AGC,original
Q8RMD4,Other,,Other,original
Q8RXY0,TK,,TK,original
Q8SRK8,TK,,TK,original
Q8SS83,TK,,TK,original
Q8SSH1,CAMK,,CAMK,original
Q8T126,TK,,TK,original
Q8TFH0,TK,,TK,original
Q8TG11,Other,,Other,original
Q8TG12,Other,,Other,original
Q8TUS5,Other,,Other,original
Q8TVD9,Other,,Other,original
Q8TXQ3,Other,,Other,original
Q8TYG6,Other,Histidine,Histidine,name_regex
Q8TZ38,TK,,TK,original
Q8TZB0,Other,,Other,original
Q8TZB3,Other,,Other,original
Q8U4K7,Other,,Other,original
Q8XJL8,TK,,TK,original
Q8XNK5,Other,,Other,original
Q8Y3R9,AGC,,AGC,original
Q8YB10,Other,TK,TK,name_regex
Q8ZWP7,Other,,Other,original
Q90033,Other,,Other,original
Q91FD5,TK,,TK,original
Q91FS1,Other,,Other,original
Q92GC9,Other,,Other,original
Q92PW7,Other,,Other,original
Q92ZT0,Other,,Other,original
Q92ZU4,Other,,Other,original
Q930V2,Other,,Other,original
Q975E6,TK,,TK,original
Q975K7,Other,,Other,original
Q975P2,Other,,Other,original
Q979X5,Other,Histidine,Histidine,name_regex
Q97BH2,Other,,Other,original
Q97BV0,Other,,Other,original
Q97C45,Other,,Other,original
Q97CC8,TK,,TK,original
Q97JN8,Other,Histidine,Histidine,name_regex
Q989S7,Other,,Other,original
Q98PN5,Other,,Other,original
Q98RF7,Other,,Other,original
Q9A7N9,Other,,Other,original
Q9A8J2,Other,,Other,original
Q9ADB2,Other,Histidine,Histidine,name_regex
Q9AV28,Other,CMGC,CMGC,name_regex
Q9CAH1,Other,,Other,original
Q9CAR3,Other,,Other,original
Q9CFG8,Other,,Other,original
Q9CLD5,Other,,Other,original
Q9CN56,TK,,TK,original
Q9CPS8,Other,CMGC,CMGC,name_regex
Q9GTW8,TK,,TK,original
Q9HIT1,Other,,Other,original
Q9HKR6,Other,Histidine,Histidine,name_regex
Q9HLE5,Other,,Other,original
Q9HLZ2,TK,,TK,original
Q9HNP1,Other,,Other,original
Q9J509,TK,,TK,original
Q9J523,TK,,TK,original
Q9J579,TK,,TK,original
Q9JJR5,AGC,,AGC,original
Q9K7E4,Other,Histidine,Histidine,name_regex
Q9K8X7,Other,,Other,original
Q9KAG8,Other,,Other,original
Q9KCZ4,AGC,,AGC,original
Q9KFF1,Other,,Other,original
Q9KGL9,Other,,Other,original
Q9KWG3,Other,,Other,original
Q9KX62,Other,,Other,original
Q9LMN1,Other,,Other,original
Q9LTJ2,Other,CMGC,CMGC,name_regex
Q9LVX6,Other,CMGC,CMGC,name_regex
Q9LYN6,TK,,TK,original
Q9PNB8,Other,,Other,original
Q9PQS9,Other,,Other,original
Q9RAM6,Other,Histidine,Histidine,name_regex
Q9RPS7,TK,,TK,original
Q9RQJ9,Other,,Other,original
Q9RRU5,Other,Histidine,Histidine,name_regex
Q9RSY5,Other,,Other,original
Q9RVA9,TK,,TK,original
Q9SAD3,Other,CMGC,CMGC,name_regex
Q9SKN7,Other,CMGC,CMGC,name_regex
Q9SX73,Other,,Other,original
Q9SZ92,TK,,TK,original
Q9UU85,Other,,Other,original
Q9UXG7,TK,,TK,original
Q9UZV7,Other,Histidine,Histidine,name_regex
Q9V1H6,Other,,Other,original
Q9V1N8,Other,,Other,original
Q9VL13,Other,,Other,original
Q9VQC4,Other,,Other,original
Q9X215,Other,,Other,original
Q9X278,TK,,TK,original
Q9XBL1,Other,,Other,original
Q9YA48,Other,,Other,original
Q9YA72,Other,Histidine,Histidine,name_regex
Q9YDD2,Other,,Other,original
Q9YDD5,Other,,Other,original
Q9YEK6,Other,,Other,original
Q9YFJ2,Other,,Other,original
Q9YFS7,Other,,Other,original
Q9Z7K4,Other,TK,TK,name_regex
Q9Z9P2,Other,,Other,original
Q9ZUS8,TK,,TK,original
Q9ZV27,Other,CMGC,CMGC,name_regex
O27699,Other,,Other,original
O29891,Other,,Other,original
P21074,Other,,Other,original
P28836,Other,,Other,original
P41949,Other,,Other,original
P78030,Other,,Other,original
Q54JM2,Other,,Other,original
Q54WK1,Other,,Other,original
Q55480,Other,,Other,original
Q66640,TK,,TK,original
Q6GZP0,Other,,Other,original
Q9LN05,Other,CMGC,CMGC,name_regex
Q9SH58,TK,,TK,original
